ISO-10303-21;
HEADER;
/* Generated by software containing ST-Developer
 * from STEP Tools, Inc. (www.steptools.com) 
 */

FILE_DESCRIPTION(
/* description */ (''),
/* implementation_level */ '2;1');

FILE_NAME(
/* name */ 'RPS bottom.step',
/* time_stamp */ '2026-08-23T11:31:17-07:00',
/* author */ (''),
/* organization */ (''),
/* preprocessor_version */ 'ST-DEVELOPER v20.1',
/* originating_system */ 'Autodesk Translation Framework v15.8.0.0',
/* authorisation */ '');

FILE_SCHEMA (('AUTOMOTIVE_DESIGN { 1 0 10303 214 3 1 1 }'));
ENDSEC;

DATA;
#10=MECHANICAL_DESIGN_GEOMETRIC_PRESENTATION_REPRESENTATION('',(#13),#6382);
#11=SHAPE_REPRESENTATION_RELATIONSHIP('SRR','None',#6389,#12);
#12=ADVANCED_BREP_SHAPE_REPRESENTATION('',(#14),#6381);
#13=STYLED_ITEM('',(#6436),#14);
#14=MANIFOLD_SOLID_BREP('Case Bottom',#3104);
#15=B_SPLINE_SURFACE_WITH_KNOTS('',3,3,((#4747,#4748,#4749,#4750),(#4751,
#4752,#4753,#4754),(#4755,#4756,#4757,#4758),(#4759,#4760,#4761,#4762),
(#4763,#4764,#4765,#4766)),.UNSPECIFIED.,.F.,.F.,.F.,(4,1,4),(4,4),(0.,
0.571428571428571,1.),(0.,0.0654923852856874),.UNSPECIFIED.);
#16=B_SPLINE_SURFACE_WITH_KNOTS('',3,3,((#4775,#4776,#4777,#4778),(#4779,
#4780,#4781,#4782),(#4783,#4784,#4785,#4786),(#4787,#4788,#4789,#4790),
(#4791,#4792,#4793,#4794)),.UNSPECIFIED.,.F.,.F.,.F.,(4,1,4),(4,4),(0.,
0.571428571428571,1.),(0.,0.0251443463798688),.UNSPECIFIED.);
#17=B_SPLINE_SURFACE_WITH_KNOTS('',3,3,((#4801,#4802,#4803,#4804,#4805,
#4806,#4807,#4808,#4809),(#4810,#4811,#4812,#4813,#4814,#4815,#4816,#4817,
#4818),(#4819,#4820,#4821,#4822,#4823,#4824,#4825,#4826,#4827),(#4828,#4829,
#4830,#4831,#4832,#4833,#4834,#4835,#4836),(#4837,#4838,#4839,#4840,#4841,
#4842,#4843,#4844,#4845)),.UNSPECIFIED.,.F.,.F.,.F.,(4,1,4),(4,1,1,1,1,
1,4),(0.,0.571428571428571,1.),(-0.080418996151437,-0.0627287738194473,
-0.0429912375055795,-0.0340127448949567,-0.0301017786597882,-0.0134967807541884,
0.),.UNSPECIFIED.);
#18=B_SPLINE_SURFACE_WITH_KNOTS('',3,3,((#4869,#4870,#4871,#4872,#4873,
#4874,#4875,#4876,#4877),(#4878,#4879,#4880,#4881,#4882,#4883,#4884,#4885,
#4886),(#4887,#4888,#4889,#4890,#4891,#4892,#4893,#4894,#4895),(#4896,#4897,
#4898,#4899,#4900,#4901,#4902,#4903,#4904),(#4905,#4906,#4907,#4908,#4909,
#4910,#4911,#4912,#4913)),.UNSPECIFIED.,.F.,.F.,.F.,(4,1,4),(4,1,1,1,1,
1,4),(0.,0.571428571428571,1.),(-0.0804189961514217,-0.0669222153972522,
-0.0503172174916561,-0.0464062512564863,-0.0374277586458571,-0.0176902223319944,
0.),.UNSPECIFIED.);
#19=B_SPLINE_SURFACE_WITH_KNOTS('',3,3,((#4925,#4926,#4927,#4928),(#4929,
#4930,#4931,#4932),(#4933,#4934,#4935,#4936),(#4937,#4938,#4939,#4940),
(#4941,#4942,#4943,#4944)),.UNSPECIFIED.,.F.,.F.,.F.,(4,1,4),(4,4),(0.,
0.571428571428571,1.),(0.,0.025144346999735),.UNSPECIFIED.);
#20=B_SPLINE_SURFACE_WITH_KNOTS('',3,3,((#4951,#4952,#4953,#4954),(#4955,
#4956,#4957,#4958),(#4959,#4960,#4961,#4962),(#4963,#4964,#4965,#4966),
(#4967,#4968,#4969,#4970)),.UNSPECIFIED.,.F.,.F.,.F.,(4,1,4),(4,4),(0.,
0.571428571428571,1.),(0.,0.0654923846658093),.UNSPECIFIED.);
#21=B_SPLINE_SURFACE_WITH_KNOTS('',3,3,((#4989,#4990,#4991,#4992),(#4993,
#4994,#4995,#4996),(#4997,#4998,#4999,#5000),(#5001,#5002,#5003,#5004),
(#5005,#5006,#5007,#5008)),.UNSPECIFIED.,.F.,.F.,.F.,(4,1,4),(4,4),(0.,
0.571428571428571,1.),(0.,0.0654923852856865),.UNSPECIFIED.);
#22=B_SPLINE_SURFACE_WITH_KNOTS('',3,3,((#5015,#5016,#5017,#5018),(#5019,
#5020,#5021,#5022),(#5023,#5024,#5025,#5026),(#5027,#5028,#5029,#5030),
(#5031,#5032,#5033,#5034)),.UNSPECIFIED.,.F.,.F.,.F.,(4,1,4),(4,4),(0.,
0.571428571428571,1.),(0.,0.0251443463798715),.UNSPECIFIED.);
#23=B_SPLINE_SURFACE_WITH_KNOTS('',3,3,((#5041,#5042,#5043,#5044,#5045,
#5046,#5047,#5048,#5049),(#5050,#5051,#5052,#5053,#5054,#5055,#5056,#5057,
#5058),(#5059,#5060,#5061,#5062,#5063,#5064,#5065,#5066,#5067),(#5068,#5069,
#5070,#5071,#5072,#5073,#5074,#5075,#5076),(#5077,#5078,#5079,#5080,#5081,
#5082,#5083,#5084,#5085)),.UNSPECIFIED.,.F.,.F.,.F.,(4,1,4),(4,1,1,1,1,
1,4),(0.,0.571428571428571,1.),(-0.0804189961514424,-0.0627287738194516,
-0.0429912375055832,-0.0340127448949626,-0.0301017786597899,-0.0134967807541914,
0.),.UNSPECIFIED.);
#24=B_SPLINE_SURFACE_WITH_KNOTS('',3,3,((#5109,#5110,#5111,#5112,#5113,
#5114,#5115,#5116,#5117),(#5118,#5119,#5120,#5121,#5122,#5123,#5124,#5125,
#5126),(#5127,#5128,#5129,#5130,#5131,#5132,#5133,#5134,#5135),(#5136,#5137,
#5138,#5139,#5140,#5141,#5142,#5143,#5144),(#5145,#5146,#5147,#5148,#5149,
#5150,#5151,#5152,#5153)),.UNSPECIFIED.,.F.,.F.,.F.,(4,1,4),(4,1,1,1,1,
1,4),(0.,0.571428571428571,1.),(-0.0804189961514137,-0.0669222153972473,
-0.0503172174916494,-0.046406251256482,-0.0374277586458573,-0.017690222331994,
0.),.UNSPECIFIED.);
#25=B_SPLINE_SURFACE_WITH_KNOTS('',3,3,((#5165,#5166,#5167,#5168),(#5169,
#5170,#5171,#5172),(#5173,#5174,#5175,#5176),(#5177,#5178,#5179,#5180),
(#5181,#5182,#5183,#5184)),.UNSPECIFIED.,.F.,.F.,.F.,(4,1,4),(4,4),(0.,
0.571428571428571,1.),(0.,0.0251443463798715),.UNSPECIFIED.);
#26=B_SPLINE_SURFACE_WITH_KNOTS('',3,3,((#5191,#5192,#5193,#5194),(#5195,
#5196,#5197,#5198),(#5199,#5200,#5201,#5202),(#5203,#5204,#5205,#5206),
(#5207,#5208,#5209,#5210)),.UNSPECIFIED.,.F.,.F.,.F.,(4,1,4),(4,4),(0.,
0.571428571428571,1.),(0.,0.0654923852856847),.UNSPECIFIED.);
#27=B_SPLINE_SURFACE_WITH_KNOTS('',3,1,((#5241,#5242),(#5243,#5244),(#5245,
#5246),(#5247,#5248),(#5249,#5250),(#5251,#5252),(#5253,#5254)),
 .UNSPECIFIED.,.F.,.F.,.F.,(4,3,4),(2,2),(-0.0368962976261474,-0.0368942824055781,
-9.30888069358058E-7),(0.,0.725),.UNSPECIFIED.);
#28=B_SPLINE_SURFACE_WITH_KNOTS('',3,1,((#5261,#5262),(#5263,#5264),(#5265,
#5266),(#5267,#5268)),.UNSPECIFIED.,.F.,.F.,.F.,(4,4),(2,2),(-0.0385482498838659,
0.0385433209090677),(0.,0.725),.UNSPECIFIED.);
#29=B_SPLINE_SURFACE_WITH_KNOTS('',3,1,((#5275,#5276),(#5277,#5278),(#5279,
#5280),(#5281,#5282),(#5283,#5284),(#5285,#5286),(#5287,#5288),(#5289,#5290),
(#5291,#5292),(#5293,#5294),(#5295,#5296),(#5297,#5298),(#5299,#5300),(#5301,
#5302),(#5303,#5304),(#5305,#5306),(#5307,#5308),(#5309,#5310),(#5311,#5312),
(#5313,#5314),(#5315,#5316),(#5317,#5318),(#5319,#5320),(#5321,#5322),(#5323,
#5324)),.UNSPECIFIED.,.F.,.F.,.F.,(4,3,3,3,3,3,3,3,4),(2,2),(-0.999999999999721,
-0.846166356407764,-0.653858551319817,-0.60770676761783,-0.50001232914086,
-0.389928088144891,-0.25000966899793,0.,5.07302428528922E-5),(0.,0.725),
 .UNSPECIFIED.);
#30=B_SPLINE_SURFACE_WITH_KNOTS('',3,1,((#5348,#5349),(#5350,#5351),(#5352,
#5353),(#5354,#5355),(#5356,#5357),(#5358,#5359),(#5360,#5361),(#5362,#5363),
(#5364,#5365),(#5366,#5367),(#5368,#5369),(#5370,#5371),(#5372,#5373),(#5374,
#5375),(#5376,#5377),(#5378,#5379),(#5380,#5381),(#5382,#5383),(#5384,#5385),
(#5386,#5387),(#5388,#5389),(#5390,#5391),(#5392,#5393),(#5394,#5395),(#5396,
#5397)),.UNSPECIFIED.,.F.,.F.,.F.,(4,3,3,3,3,3,3,3,4),(2,2),(-5.0730242784406E-5,
0.,0.250009668998,0.389928088145,0.500012329141,0.607706767618,0.65385855132,
0.846166356408,1.),(0.,0.725),.UNSPECIFIED.);
#31=B_SPLINE_SURFACE_WITH_KNOTS('',3,1,((#5409,#5410),(#5411,#5412),(#5413,
#5414),(#5415,#5416)),.UNSPECIFIED.,.F.,.F.,.F.,(4,4),(2,2),(-0.0385433190082822,
0.0385482498838659),(0.,0.725),.UNSPECIFIED.);
#32=B_SPLINE_SURFACE_WITH_KNOTS('',3,1,((#5423,#5424),(#5425,#5426),(#5427,
#5428),(#5429,#5430),(#5431,#5432),(#5433,#5434),(#5435,#5436)),
 .UNSPECIFIED.,.F.,.F.,.F.,(4,3,4),(2,2),(9.30888069358058E-7,0.0368942824055781,
0.0368962979998093),(0.,0.725),.UNSPECIFIED.);
#33=B_SPLINE_SURFACE_WITH_KNOTS('',3,3,((#5462,#5463,#5464,#5465),(#5466,
#5467,#5468,#5469),(#5470,#5471,#5472,#5473),(#5474,#5475,#5476,#5477),
(#5478,#5479,#5480,#5481)),.UNSPECIFIED.,.F.,.F.,.F.,(4,1,4),(4,4),(0.,
0.571428571428571,1.),(0.,0.0654923852856847),.UNSPECIFIED.);
#34=B_SPLINE_SURFACE_WITH_KNOTS('',3,3,((#5496,#5497,#5498,#5499),(#5500,
#5501,#5502,#5503),(#5504,#5505,#5506,#5507),(#5508,#5509,#5510,#5511),
(#5512,#5513,#5514,#5515)),.UNSPECIFIED.,.F.,.F.,.F.,(4,1,4),(4,4),(0.,
0.571428571428571,1.),(0.,0.0251443463798715),.UNSPECIFIED.);
#35=B_SPLINE_SURFACE_WITH_KNOTS('',3,3,((#5527,#5528,#5529,#5530,#5531,
#5532,#5533,#5534,#5535),(#5536,#5537,#5538,#5539,#5540,#5541,#5542,#5543,
#5544),(#5545,#5546,#5547,#5548,#5549,#5550,#5551,#5552,#5553),(#5554,#5555,
#5556,#5557,#5558,#5559,#5560,#5561,#5562),(#5563,#5564,#5565,#5566,#5567,
#5568,#5569,#5570,#5571)),.UNSPECIFIED.,.F.,.F.,.F.,(4,1,4),(4,1,1,1,1,
1,4),(0.,0.571428571428571,1.),(-0.0804189961514137,-0.0627287738194242,
-0.0429912375055564,-0.0340127448949335,-0.0301017786597626,-0.0134967807541649,
0.),.UNSPECIFIED.);
#36=B_SPLINE_SURFACE_WITH_KNOTS('',3,3,((#5611,#5612,#5613,#5614,#5615,
#5616,#5617,#5618,#5619),(#5620,#5621,#5622,#5623,#5624,#5625,#5626,#5627,
#5628),(#5629,#5630,#5631,#5632,#5633,#5634,#5635,#5636,#5637),(#5638,#5639,
#5640,#5641,#5642,#5643,#5644,#5645,#5646),(#5647,#5648,#5649,#5650,#5651,
#5652,#5653,#5654,#5655)),.UNSPECIFIED.,.F.,.F.,.F.,(4,1,4),(4,1,1,1,1,
1,4),(0.,0.571428571428571,1.),(-0.0804189961514413,-0.0669222153972479,
-0.0503172174916524,-0.0464062512564834,-0.0374277586458595,-0.0176902223319914,
0.),.UNSPECIFIED.);
#37=B_SPLINE_SURFACE_WITH_KNOTS('',3,3,((#5677,#5678,#5679,#5680),(#5681,
#5682,#5683,#5684),(#5685,#5686,#5687,#5688),(#5689,#5690,#5691,#5692),
(#5693,#5694,#5695,#5696)),.UNSPECIFIED.,.F.,.F.,.F.,(4,1,4),(4,4),(0.,
0.571428571428571,1.),(0.,0.0251443463798715),.UNSPECIFIED.);
#38=B_SPLINE_SURFACE_WITH_KNOTS('',3,3,((#5708,#5709,#5710,#5711),(#5712,
#5713,#5714,#5715),(#5716,#5717,#5718,#5719),(#5720,#5721,#5722,#5723),
(#5724,#5725,#5726,#5727)),.UNSPECIFIED.,.F.,.F.,.F.,(4,1,4),(4,4),(0.,
0.571428571428571,1.),(0.,0.0654923852856851),.UNSPECIFIED.);
#39=B_SPLINE_SURFACE_WITH_KNOTS('',3,3,((#5740,#5741,#5742,#5743),(#5744,
#5745,#5746,#5747),(#5748,#5749,#5750,#5751),(#5752,#5753,#5754,#5755),
(#5756,#5757,#5758,#5759)),.UNSPECIFIED.,.F.,.F.,.F.,(4,1,4),(4,4),(0.,
0.571428571428571,1.),(0.,0.0654923846658093),.UNSPECIFIED.);
#40=B_SPLINE_SURFACE_WITH_KNOTS('',3,3,((#5766,#5767,#5768,#5769),(#5770,
#5771,#5772,#5773),(#5774,#5775,#5776,#5777),(#5778,#5779,#5780,#5781),
(#5782,#5783,#5784,#5785)),.UNSPECIFIED.,.F.,.F.,.F.,(4,1,4),(4,4),(0.,
0.571428571428571,1.),(0.,0.025144346999735),.UNSPECIFIED.);
#41=B_SPLINE_SURFACE_WITH_KNOTS('',3,3,((#5792,#5793,#5794,#5795,#5796,
#5797,#5798,#5799,#5800),(#5801,#5802,#5803,#5804,#5805,#5806,#5807,#5808,
#5809),(#5810,#5811,#5812,#5813,#5814,#5815,#5816,#5817,#5818),(#5819,#5820,
#5821,#5822,#5823,#5824,#5825,#5826,#5827),(#5828,#5829,#5830,#5831,#5832,
#5833,#5834,#5835,#5836)),.UNSPECIFIED.,.F.,.F.,.F.,(4,1,4),(4,1,1,1,1,
1,4),(0.,0.571428571428571,1.),(-0.0804189961514185,-0.0627287738194251,
-0.0429912375055613,-0.0340127448949305,-0.0301017786597625,-0.013496780754169,
0.),.UNSPECIFIED.);
#42=B_SPLINE_SURFACE_WITH_KNOTS('',3,3,((#5860,#5861,#5862,#5863,#5864,
#5865,#5866,#5867,#5868),(#5869,#5870,#5871,#5872,#5873,#5874,#5875,#5876,
#5877),(#5878,#5879,#5880,#5881,#5882,#5883,#5884,#5885,#5886),(#5887,#5888,
#5889,#5890,#5891,#5892,#5893,#5894,#5895),(#5896,#5897,#5898,#5899,#5900,
#5901,#5902,#5903,#5904)),.UNSPECIFIED.,.F.,.F.,.F.,(4,1,4),(4,1,1,1,1,
1,4),(0.,0.571428571428571,1.),(-0.080418996151437,-0.0669222153972513,
-0.0503172174916537,-0.0464062512564792,-0.0374277586458583,-0.0176902223319918,
0.),.UNSPECIFIED.);
#43=B_SPLINE_SURFACE_WITH_KNOTS('',3,3,((#5916,#5917,#5918,#5919),(#5920,
#5921,#5922,#5923),(#5924,#5925,#5926,#5927),(#5928,#5929,#5930,#5931),
(#5932,#5933,#5934,#5935)),.UNSPECIFIED.,.F.,.F.,.F.,(4,1,4),(4,4),(0.,
0.571428571428571,1.),(0.,0.0251443463798688),.UNSPECIFIED.);
#44=B_SPLINE_SURFACE_WITH_KNOTS('',3,3,((#5942,#5943,#5944,#5945),(#5946,
#5947,#5948,#5949),(#5950,#5951,#5952,#5953),(#5954,#5955,#5956,#5957),
(#5958,#5959,#5960,#5961)),.UNSPECIFIED.,.F.,.F.,.F.,(4,1,4),(4,4),(0.,
0.571428571428571,1.),(0.,0.0654923852856874),.UNSPECIFIED.);
#45=B_SPLINE_SURFACE_WITH_KNOTS('',3,1,((#5974,#5975),(#5976,#5977),(#5978,
#5979),(#5980,#5981),(#5982,#5983),(#5984,#5985),(#5986,#5987)),
 .UNSPECIFIED.,.F.,.F.,.F.,(4,3,4),(2,2),(9.30888069358058E-7,0.0368942824055781,
0.0368962979998095),(0.,0.725),.UNSPECIFIED.);
#46=B_SPLINE_SURFACE_WITH_KNOTS('',3,1,((#5989,#5990),(#5991,#5992),(#5993,
#5994),(#5995,#5996)),.UNSPECIFIED.,.F.,.F.,.F.,(4,4),(2,2),(-0.0385433190082868,
0.0385482498838659),(0.,0.725),.UNSPECIFIED.);
#47=B_SPLINE_SURFACE_WITH_KNOTS('',3,1,((#5998,#5999),(#6000,#6001),(#6002,
#6003),(#6004,#6005),(#6006,#6007),(#6008,#6009),(#6010,#6011),(#6012,#6013),
(#6014,#6015),(#6016,#6017),(#6018,#6019),(#6020,#6021),(#6022,#6023),(#6024,
#6025),(#6026,#6027),(#6028,#6029),(#6030,#6031),(#6032,#6033),(#6034,#6035),
(#6036,#6037),(#6038,#6039),(#6040,#6041),(#6042,#6043),(#6044,#6045),(#6046,
#6047)),.UNSPECIFIED.,.F.,.F.,.F.,(4,3,3,3,3,3,3,3,4),(2,2),(-5.07302427774303E-5,
0.,0.250009668998,0.389928088145,0.500012329141,0.607706767618,0.65385855132,
0.846166356408,1.),(0.,0.725),.UNSPECIFIED.);
#48=B_SPLINE_SURFACE_WITH_KNOTS('',3,1,((#6055,#6056),(#6057,#6058),(#6059,
#6060),(#6061,#6062),(#6063,#6064),(#6065,#6066),(#6067,#6068),(#6069,#6070),
(#6071,#6072),(#6073,#6074),(#6075,#6076),(#6077,#6078),(#6079,#6080),(#6081,
#6082),(#6083,#6084),(#6085,#6086),(#6087,#6088),(#6089,#6090),(#6091,#6092),
(#6093,#6094),(#6095,#6096),(#6097,#6098),(#6099,#6100),(#6101,#6102),(#6103,
#6104)),.UNSPECIFIED.,.F.,.F.,.F.,(4,3,3,3,3,3,3,3,4),(2,2),(-0.999999999999691,
-0.846166356407739,-0.653858551319798,-0.607706767617813,-0.500012329140846,
-0.38992808814488,-0.250009668997923,-1.11022302462516E-16,5.07302427957487E-5),
(0.,0.725),.UNSPECIFIED.);
#49=B_SPLINE_SURFACE_WITH_KNOTS('',3,1,((#6106,#6107),(#6108,#6109),(#6110,
#6111),(#6112,#6113)),.UNSPECIFIED.,.F.,.F.,.F.,(4,4),(2,2),(-0.0385482498838659,
0.0385433190082867),(0.,0.725),.UNSPECIFIED.);
#50=B_SPLINE_SURFACE_WITH_KNOTS('',3,1,((#6115,#6116),(#6117,#6118),(#6119,
#6120),(#6121,#6122),(#6123,#6124),(#6125,#6126),(#6127,#6128)),
 .UNSPECIFIED.,.F.,.F.,.F.,(4,3,4),(2,2),(-0.0368962979998091,-0.0368942824055781,
-9.30888069358058E-7),(0.,0.725),.UNSPECIFIED.);
#51=TOROIDAL_SURFACE('',#3188,2.,1.);
#52=TOROIDAL_SURFACE('',#3195,2.,1.);
#53=TOROIDAL_SURFACE('',#3199,2.,1.);
#54=TOROIDAL_SURFACE('',#3206,2.,1.);
#55=TOROIDAL_SURFACE('',#3211,2.,1.);
#56=TOROIDAL_SURFACE('',#3214,2.,1.);
#57=TOROIDAL_SURFACE('',#3223,2.,1.);
#58=TOROIDAL_SURFACE('',#3228,2.,1.);
#59=TOROIDAL_SURFACE('',#3233,2.,1.);
#60=TOROIDAL_SURFACE('',#3238,2.,1.);
#61=TOROIDAL_SURFACE('',#3250,2.59999999999997,0.1);
#62=TOROIDAL_SURFACE('',#3255,2.59999999999984,0.1);
#63=TOROIDAL_SURFACE('',#3270,2.6,0.1);
#64=TOROIDAL_SURFACE('',#3275,2.59999999999982,0.1);
#65=TOROIDAL_SURFACE('',#3306,2.59999999999982,0.1);
#66=TOROIDAL_SURFACE('',#3312,2.6,0.1);
#67=TOROIDAL_SURFACE('',#3323,2.59999999999984,0.1);
#68=TOROIDAL_SURFACE('',#3328,2.59999999999997,0.1);
#69=B_SPLINE_CURVE_WITH_KNOTS('',3,(#4464,#4465,#4466,#4467),
 .UNSPECIFIED.,.F.,.F.,(4,4),(-0.0654923852856874,0.),.UNSPECIFIED.);
#70=B_SPLINE_CURVE_WITH_KNOTS('',3,(#4469,#4470,#4471,#4472),
 .UNSPECIFIED.,.F.,.F.,(4,4),(-0.0251443463798688,0.),.UNSPECIFIED.);
#71=B_SPLINE_CURVE_WITH_KNOTS('',3,(#4474,#4475,#4476,#4477,#4478,#4479,
#4480,#4481,#4482),.UNSPECIFIED.,.F.,.F.,(4,1,1,1,1,1,4),(0.,0.0134967807541884,
0.0301017786597882,0.0340127448949567,0.0429912375055795,0.0627287738194473,
0.080418996151437),.UNSPECIFIED.);
#72=B_SPLINE_CURVE_WITH_KNOTS('',3,(#4490,#4491,#4492,#4493,#4494,#4495,
#4496,#4497,#4498),.UNSPECIFIED.,.F.,.F.,(4,1,1,1,1,1,4),(0.,0.0176902223319944,
0.0374277586458571,0.0464062512564863,0.0503172174916561,0.0669222153972522,
0.0804189961514217),.UNSPECIFIED.);
#73=B_SPLINE_CURVE_WITH_KNOTS('',3,(#4500,#4501,#4502,#4503),
 .UNSPECIFIED.,.F.,.F.,(4,4),(-0.025144346999735,0.),.UNSPECIFIED.);
#74=B_SPLINE_CURVE_WITH_KNOTS('',3,(#4505,#4506,#4507,#4508),
 .UNSPECIFIED.,.F.,.F.,(4,4),(-0.0654923846658093,0.),.UNSPECIFIED.);
#75=B_SPLINE_CURVE_WITH_KNOTS('',3,(#4516,#4517,#4518,#4519),
 .UNSPECIFIED.,.F.,.F.,(4,4),(-0.0654923852856865,-8.14020064692149E-8),
 .UNSPECIFIED.);
#76=B_SPLINE_CURVE_WITH_KNOTS('',3,(#4521,#4522,#4523,#4524),
 .UNSPECIFIED.,.F.,.F.,(4,4),(-0.0251443463798715,0.),.UNSPECIFIED.);
#77=B_SPLINE_CURVE_WITH_KNOTS('',3,(#4526,#4527,#4528,#4529,#4530,#4531,
#4532,#4533,#4534),.UNSPECIFIED.,.F.,.F.,(4,1,1,1,1,1,4),(0.,0.0134967807541914,
0.0301017786597899,0.0340127448949626,0.0429912375055832,0.0627287738194516,
0.0804189961514424),.UNSPECIFIED.);
#78=B_SPLINE_CURVE_WITH_KNOTS('',3,(#4542,#4543,#4544,#4545,#4546,#4547,
#4548,#4549,#4550),.UNSPECIFIED.,.F.,.F.,(4,1,1,1,1,1,4),(0.,0.017690222331994,
0.0374277586458573,0.046406251256482,0.0503172174916494,0.0669222153972473,
0.0804189961514137),.UNSPECIFIED.);
#79=B_SPLINE_CURVE_WITH_KNOTS('',3,(#4552,#4553,#4554,#4555),
 .UNSPECIFIED.,.F.,.F.,(4,4),(-0.0251443463798715,0.),.UNSPECIFIED.);
#80=B_SPLINE_CURVE_WITH_KNOTS('',3,(#4557,#4558,#4559,#4560),
 .UNSPECIFIED.,.F.,.F.,(4,4),(-0.0654923852856847,0.),.UNSPECIFIED.);
#81=B_SPLINE_CURVE_WITH_KNOTS('',3,(#4676,#4677,#4678,#4679,#4680,#4681),
 .UNSPECIFIED.,.F.,.F.,(4,2,4),(0.563305670043279,0.631444706229295,0.662270798690586),
 .UNSPECIFIED.);
#82=B_SPLINE_CURVE_WITH_KNOTS('',3,(#4687,#4688,#4689,#4690,#4691,#4692),
 .UNSPECIFIED.,.F.,.F.,(4,2,4),(0.464340559119597,0.495166625071969,0.563305612757147),
 .UNSPECIFIED.);
#83=B_SPLINE_CURVE_WITH_KNOTS('',3,(#4771,#4772,#4773,#4774),
 .UNSPECIFIED.,.F.,.F.,(4,4),(0.,0.0654923852856874),.UNSPECIFIED.);
#84=B_SPLINE_CURVE_WITH_KNOTS('',3,(#4797,#4798,#4799,#4800),
 .UNSPECIFIED.,.F.,.F.,(4,4),(0.,0.0251443463798688),.UNSPECIFIED.);
#85=B_SPLINE_CURVE_WITH_KNOTS('',3,(#4848,#4849,#4850,#4851,#4852,#4853,
#4854,#4855,#4856),.UNSPECIFIED.,.F.,.F.,(4,1,1,1,1,1,4),(-0.080418996151437,
-0.0627287738194473,-0.0429912375055795,-0.0340127448949567,-0.0301017786597882,
-0.0134967807541884,0.),.UNSPECIFIED.);
#86=B_SPLINE_CURVE_WITH_KNOTS('',3,(#4916,#4917,#4918,#4919,#4920,#4921,
#4922,#4923,#4924),.UNSPECIFIED.,.F.,.F.,(4,1,1,1,1,1,4),(-0.0804189961514217,
-0.0669222153972522,-0.0503172174916561,-0.0464062512564863,-0.0374277586458571,
-0.0176902223319944,0.),.UNSPECIFIED.);
#87=B_SPLINE_CURVE_WITH_KNOTS('',3,(#4947,#4948,#4949,#4950),
 .UNSPECIFIED.,.F.,.F.,(4,4),(0.,0.025144346999735),.UNSPECIFIED.);
#88=B_SPLINE_CURVE_WITH_KNOTS('',3,(#4973,#4974,#4975,#4976),
 .UNSPECIFIED.,.F.,.F.,(4,4),(0.,0.0654923846658093),.UNSPECIFIED.);
#89=B_SPLINE_CURVE_WITH_KNOTS('',3,(#5011,#5012,#5013,#5014),
 .UNSPECIFIED.,.F.,.F.,(4,4),(0.,0.0654923852856865),.UNSPECIFIED.);
#90=B_SPLINE_CURVE_WITH_KNOTS('',3,(#5037,#5038,#5039,#5040),
 .UNSPECIFIED.,.F.,.F.,(4,4),(0.,0.0251443463798715),.UNSPECIFIED.);
#91=B_SPLINE_CURVE_WITH_KNOTS('',3,(#5088,#5089,#5090,#5091,#5092,#5093,
#5094,#5095,#5096),.UNSPECIFIED.,.F.,.F.,(4,1,1,1,1,1,4),(-0.0804189961514424,
-0.0627287738194516,-0.0429912375055832,-0.0340127448949626,-0.0301017786597899,
-0.0134967807541914,0.),.UNSPECIFIED.);
#92=B_SPLINE_CURVE_WITH_KNOTS('',3,(#5156,#5157,#5158,#5159,#5160,#5161,
#5162,#5163,#5164),.UNSPECIFIED.,.F.,.F.,(4,1,1,1,1,1,4),(-0.0804189961514137,
-0.0669222153972473,-0.0503172174916494,-0.046406251256482,-0.0374277586458573,
-0.017690222331994,0.),.UNSPECIFIED.);
#93=B_SPLINE_CURVE_WITH_KNOTS('',3,(#5187,#5188,#5189,#5190),
 .UNSPECIFIED.,.F.,.F.,(4,4),(0.,0.0251443463798715),.UNSPECIFIED.);
#94=B_SPLINE_CURVE_WITH_KNOTS('',3,(#5213,#5214,#5215,#5216),
 .UNSPECIFIED.,.F.,.F.,(4,4),(0.,0.0654923852856847),.UNSPECIFIED.);
#95=B_SPLINE_CURVE_WITH_KNOTS('',3,(#5257,#5258,#5259,#5260),
 .UNSPECIFIED.,.F.,.F.,(4,4),(0.,0.0654923846658093),.UNSPECIFIED.);
#96=B_SPLINE_CURVE_WITH_KNOTS('',3,(#5271,#5272,#5273,#5274),
 .UNSPECIFIED.,.F.,.F.,(4,4),(0.,0.025144346999735),.UNSPECIFIED.);
#97=B_SPLINE_CURVE_WITH_KNOTS('',3,(#5327,#5328,#5329,#5330,#5331,#5332,
#5333,#5334,#5335),.UNSPECIFIED.,.F.,.F.,(4,1,1,1,1,1,4),(-0.0804189961514185,
-0.0627287738194251,-0.0429912375055613,-0.0340127448949305,-0.0301017786597625,
-0.013496780754169,0.),.UNSPECIFIED.);
#98=B_SPLINE_CURVE_WITH_KNOTS('',3,(#5400,#5401,#5402,#5403,#5404,#5405,
#5406,#5407,#5408),.UNSPECIFIED.,.F.,.F.,(4,1,1,1,1,1,4),(-0.080418996151437,
-0.0669222153972513,-0.0503172174916537,-0.0464062512564792,-0.0374277586458583,
-0.0176902223319918,0.),.UNSPECIFIED.);
#99=B_SPLINE_CURVE_WITH_KNOTS('',3,(#5419,#5420,#5421,#5422),
 .UNSPECIFIED.,.F.,.F.,(4,4),(0.,0.0251443463798688),.UNSPECIFIED.);
#100=B_SPLINE_CURVE_WITH_KNOTS('',3,(#5439,#5440,#5441,#5442),
 .UNSPECIFIED.,.F.,.F.,(4,4),(0.,0.0654923852856874),.UNSPECIFIED.);
#101=B_SPLINE_CURVE_WITH_KNOTS('',3,(#5486,#5487,#5488,#5489),
 .UNSPECIFIED.,.F.,.F.,(4,4),(-0.0654923852856847,0.),.UNSPECIFIED.);
#102=B_SPLINE_CURVE_WITH_KNOTS('',3,(#5492,#5493,#5494,#5495),
 .UNSPECIFIED.,.F.,.F.,(4,4),(0.,0.0654923852856847),.UNSPECIFIED.);
#103=B_SPLINE_CURVE_WITH_KNOTS('',3,(#5519,#5520,#5521,#5522),
 .UNSPECIFIED.,.F.,.F.,(4,4),(-0.0251443463798715,0.),.UNSPECIFIED.);
#104=B_SPLINE_CURVE_WITH_KNOTS('',3,(#5523,#5524,#5525,#5526),
 .UNSPECIFIED.,.F.,.F.,(4,4),(0.,0.0251443463798715),.UNSPECIFIED.);
#105=B_SPLINE_CURVE_WITH_KNOTS('',3,(#5575,#5576,#5577,#5578,#5579,#5580,
#5581,#5582,#5583),.UNSPECIFIED.,.F.,.F.,(4,1,1,1,1,1,4),(0.,0.0134967807541649,
0.0301017786597626,0.0340127448949335,0.0429912375055564,0.0627287738194242,
0.0804189961514137),.UNSPECIFIED.);
#106=B_SPLINE_CURVE_WITH_KNOTS('',3,(#5584,#5585,#5586,#5587,#5588,#5589,
#5590,#5591,#5592),.UNSPECIFIED.,.F.,.F.,(4,1,1,1,1,1,4),(-0.0804189961514137,
-0.0627287738194242,-0.0429912375055564,-0.0340127448949335,-0.0301017786597626,
-0.0134967807541649,0.),.UNSPECIFIED.);
#107=B_SPLINE_CURVE_WITH_KNOTS('',3,(#5659,#5660,#5661,#5662,#5663,#5664,
#5665,#5666,#5667),.UNSPECIFIED.,.F.,.F.,(4,1,1,1,1,1,4),(0.,0.0176902223319914,
0.0374277586458595,0.0464062512564834,0.0503172174916524,0.0669222153972479,
0.0804189961514413),.UNSPECIFIED.);
#108=B_SPLINE_CURVE_WITH_KNOTS('',3,(#5668,#5669,#5670,#5671,#5672,#5673,
#5674,#5675,#5676),.UNSPECIFIED.,.F.,.F.,(4,1,1,1,1,1,4),(-0.0804189961514413,
-0.0669222153972479,-0.0503172174916524,-0.0464062512564834,-0.0374277586458595,
-0.0176902223319914,0.),.UNSPECIFIED.);
#109=B_SPLINE_CURVE_WITH_KNOTS('',3,(#5700,#5701,#5702,#5703),
 .UNSPECIFIED.,.F.,.F.,(4,4),(-0.0251443463798715,0.),.UNSPECIFIED.);
#110=B_SPLINE_CURVE_WITH_KNOTS('',3,(#5704,#5705,#5706,#5707),
 .UNSPECIFIED.,.F.,.F.,(4,4),(0.,0.0251443463798715),.UNSPECIFIED.);
#111=B_SPLINE_CURVE_WITH_KNOTS('',3,(#5730,#5731,#5732,#5733),
 .UNSPECIFIED.,.F.,.F.,(4,4),(-0.0654923852856851,0.),.UNSPECIFIED.);
#112=B_SPLINE_CURVE_WITH_KNOTS('',3,(#5734,#5735,#5736,#5737),
 .UNSPECIFIED.,.F.,.F.,(4,4),(0.,0.0654923852856851),.UNSPECIFIED.);
#113=B_SPLINE_CURVE_WITH_KNOTS('',3,(#5762,#5763,#5764,#5765),
 .UNSPECIFIED.,.F.,.F.,(4,4),(-0.0654923846658093,-8.14020069133059E-8),
 .UNSPECIFIED.);
#114=B_SPLINE_CURVE_WITH_KNOTS('',3,(#5788,#5789,#5790,#5791),
 .UNSPECIFIED.,.F.,.F.,(4,4),(-0.025144346999735,0.),.UNSPECIFIED.);
#115=B_SPLINE_CURVE_WITH_KNOTS('',3,(#5839,#5840,#5841,#5842,#5843,#5844,
#5845,#5846,#5847),.UNSPECIFIED.,.F.,.F.,(4,1,1,1,1,1,4),(0.,0.013496780754169,
0.0301017786597625,0.0340127448949305,0.0429912375055613,0.0627287738194251,
0.0804189961514185),.UNSPECIFIED.);
#116=B_SPLINE_CURVE_WITH_KNOTS('',3,(#5907,#5908,#5909,#5910,#5911,#5912,
#5913,#5914,#5915),.UNSPECIFIED.,.F.,.F.,(4,1,1,1,1,1,4),(0.,0.0176902223319918,
0.0374277586458583,0.0464062512564792,0.0503172174916537,0.0669222153972513,
0.080418996151437),.UNSPECIFIED.);
#117=B_SPLINE_CURVE_WITH_KNOTS('',3,(#5938,#5939,#5940,#5941),
 .UNSPECIFIED.,.F.,.F.,(4,4),(-0.0251443463798688,0.),.UNSPECIFIED.);
#118=B_SPLINE_CURVE_WITH_KNOTS('',3,(#5964,#5965,#5966,#5967),
 .UNSPECIFIED.,.F.,.F.,(4,4),(-0.0654923852856874,0.),.UNSPECIFIED.);
#119=FACE_BOUND('',#576,.T.);
#120=FACE_BOUND('',#577,.T.);
#121=FACE_BOUND('',#580,.T.);
#122=FACE_BOUND('',#581,.T.);
#123=FACE_BOUND('',#582,.T.);
#124=FACE_BOUND('',#583,.T.);
#125=FACE_BOUND('',#680,.T.);
#126=FACE_BOUND('',#727,.T.);
#127=FACE_BOUND('',#728,.T.);
#128=FACE_BOUND('',#729,.T.);
#129=FACE_BOUND('',#730,.T.);
#130=CYLINDRICAL_SURFACE('',#3134,7.5);
#131=CYLINDRICAL_SURFACE('',#3137,25.);
#132=CYLINDRICAL_SURFACE('',#3164,7.5);
#133=CYLINDRICAL_SURFACE('',#3174,1.);
#134=CYLINDRICAL_SURFACE('',#3193,1.);
#135=CYLINDRICAL_SURFACE('',#3204,1.);
#136=CYLINDRICAL_SURFACE('',#3210,1.);
#137=CYLINDRICAL_SURFACE('',#3217,1.);
#138=CYLINDRICAL_SURFACE('',#3218,1.);
#139=CYLINDRICAL_SURFACE('',#3221,1.);
#140=CYLINDRICAL_SURFACE('',#3226,1.);
#141=CYLINDRICAL_SURFACE('',#3231,1.);
#142=CYLINDRICAL_SURFACE('',#3236,1.);
#143=CYLINDRICAL_SURFACE('',#3240,1.);
#144=CYLINDRICAL_SURFACE('',#3243,1.);
#145=CYLINDRICAL_SURFACE('',#3244,1.);
#146=CYLINDRICAL_SURFACE('',#3253,0.1);
#147=CYLINDRICAL_SURFACE('',#3261,0.1);
#148=CYLINDRICAL_SURFACE('',#3263,0.1);
#149=CYLINDRICAL_SURFACE('',#3265,0.1);
#150=CYLINDRICAL_SURFACE('',#3273,0.1);
#151=CYLINDRICAL_SURFACE('',#3281,0.1);
#152=CYLINDRICAL_SURFACE('',#3283,0.1);
#153=CYLINDRICAL_SURFACE('',#3285,0.1);
#154=CYLINDRICAL_SURFACE('',#3289,2.49999999999984);
#155=CYLINDRICAL_SURFACE('',#3292,2.49999999999997);
#156=CYLINDRICAL_SURFACE('',#3294,0.1);
#157=CYLINDRICAL_SURFACE('',#3297,0.1);
#158=CYLINDRICAL_SURFACE('',#3300,0.1);
#159=CYLINDRICAL_SURFACE('',#3310,0.1);
#160=CYLINDRICAL_SURFACE('',#3319,0.1);
#161=CYLINDRICAL_SURFACE('',#3326,0.1);
#162=CYLINDRICAL_SURFACE('',#3334,0.1);
#163=CYLINDRICAL_SURFACE('',#3335,0.1);
#164=CYLINDRICAL_SURFACE('',#3336,2.5);
#165=CYLINDRICAL_SURFACE('',#3338,2.49999999999982);
#166=CYLINDRICAL_SURFACE('',#3343,1.35);
#167=CYLINDRICAL_SURFACE('',#3346,1.35);
#168=CYLINDRICAL_SURFACE('',#3349,1.35);
#169=CYLINDRICAL_SURFACE('',#3352,6.);
#170=CYLINDRICAL_SURFACE('',#3355,5.);
#171=CYLINDRICAL_SURFACE('',#3358,1.);
#172=CYLINDRICAL_SURFACE('',#3362,1.);
#173=CYLINDRICAL_SURFACE('',#3364,1.);
#174=CYLINDRICAL_SURFACE('',#3375,17.5);
#175=CYLINDRICAL_SURFACE('',#3381,2.5);
#176=CYLINDRICAL_SURFACE('',#3383,2.5);
#177=CYLINDRICAL_SURFACE('',#3385,2.5);
#178=CYLINDRICAL_SURFACE('',#3387,2.5);
#179=CYLINDRICAL_SURFACE('',#3389,2.5);
#180=CYLINDRICAL_SURFACE('',#3395,7.5);
#181=CYLINDRICAL_SURFACE('',#3396,1.05);
#182=CYLINDRICAL_SURFACE('',#3400,1.05);
#183=CYLINDRICAL_SURFACE('',#3404,1.05);
#184=CYLINDRICAL_SURFACE('',#3408,1.05);
#185=CYLINDRICAL_SURFACE('',#3421,1.25036357133675);
#186=CYLINDRICAL_SURFACE('',#3422,1.25036484481783);
#187=CYLINDRICAL_SURFACE('',#3424,1.25036357133575);
#188=CIRCLE('',#3120,25.);
#189=CIRCLE('',#3121,24.5);
#190=CIRCLE('',#3124,7.5);
#191=CIRCLE('',#3125,7.);
#192=CIRCLE('',#3128,7.5);
#193=CIRCLE('',#3129,7.);
#194=CIRCLE('',#3132,7.5);
#195=CIRCLE('',#3133,7.);
#196=CIRCLE('',#3135,7.5);
#197=CIRCLE('',#3138,25.);
#198=CIRCLE('',#3142,1.);
#199=CIRCLE('',#3143,0.500000000000001);
#200=CIRCLE('',#3146,5.);
#201=CIRCLE('',#3147,5.5);
#202=CIRCLE('',#3150,1.);
#203=CIRCLE('',#3151,0.500000000000001);
#204=CIRCLE('',#3154,24.5);
#205=CIRCLE('',#3157,7.);
#206=CIRCLE('',#3160,7.00000000000001);
#207=CIRCLE('',#3161,7.5);
#208=CIRCLE('',#3166,2.);
#209=CIRCLE('',#3167,2.);
#210=CIRCLE('',#3168,2.);
#211=CIRCLE('',#3169,2.);
#212=CIRCLE('',#3170,2.59999999999997);
#213=CIRCLE('',#3171,2.59999999999984);
#214=CIRCLE('',#3172,2.6);
#215=CIRCLE('',#3173,2.59999999999982);
#216=CIRCLE('',#3175,1.);
#217=CIRCLE('',#3177,6.);
#218=CIRCLE('',#3178,17.5);
#219=CIRCLE('',#3179,2.5);
#220=CIRCLE('',#3180,2.5);
#221=CIRCLE('',#3181,2.49999999999999);
#222=CIRCLE('',#3182,2.5);
#223=CIRCLE('',#3183,2.5);
#224=CIRCLE('',#3184,1.25036484481784);
#225=CIRCLE('',#3185,1.35);
#226=CIRCLE('',#3186,1.35);
#227=CIRCLE('',#3187,1.35);
#228=CIRCLE('',#3189,1.);
#229=CIRCLE('',#3190,2.);
#230=CIRCLE('',#3191,0.999999999950548);
#231=CIRCLE('',#3192,1.);
#232=CIRCLE('',#3194,1.);
#233=CIRCLE('',#3196,0.999999999950548);
#234=CIRCLE('',#3197,1.);
#235=CIRCLE('',#3198,2.);
#236=CIRCLE('',#3200,1.);
#237=CIRCLE('',#3201,2.);
#238=CIRCLE('',#3202,0.999999999804909);
#239=CIRCLE('',#3203,1.);
#240=CIRCLE('',#3205,1.);
#241=CIRCLE('',#3207,0.999999999804909);
#242=CIRCLE('',#3208,1.);
#243=CIRCLE('',#3209,2.);
#244=CIRCLE('',#3212,0.999999999950548);
#245=CIRCLE('',#3213,1.);
#246=CIRCLE('',#3215,1.);
#247=CIRCLE('',#3216,1.);
#248=CIRCLE('',#3219,1.);
#249=CIRCLE('',#3222,1.);
#250=CIRCLE('',#3224,1.);
#251=CIRCLE('',#3225,1.);
#252=CIRCLE('',#3227,1.);
#253=CIRCLE('',#3229,1.);
#254=CIRCLE('',#3230,1.);
#255=CIRCLE('',#3232,1.);
#256=CIRCLE('',#3234,1.);
#257=CIRCLE('',#3235,1.);
#258=CIRCLE('',#3237,1.);
#259=CIRCLE('',#3239,1.);
#260=CIRCLE('',#3246,0.099999999999999);
#261=CIRCLE('',#3247,0.1);
#262=CIRCLE('',#3248,0.0999999999999997);
#263=CIRCLE('',#3249,0.0999999999999997);
#264=CIRCLE('',#3251,0.0999999999999979);
#265=CIRCLE('',#3252,2.49999999999997);
#266=CIRCLE('',#3254,0.100000000000007);
#267=CIRCLE('',#3256,0.0999999999999929);
#268=CIRCLE('',#3257,2.49999999999984);
#269=CIRCLE('',#3258,0.0999999999999975);
#270=CIRCLE('',#3259,0.100000000000001);
#271=CIRCLE('',#3260,0.0999999999999999);
#272=CIRCLE('',#3262,0.1);
#273=CIRCLE('',#3264,0.0999999999999995);
#274=CIRCLE('',#3266,0.100000000000001);
#275=CIRCLE('',#3267,0.100000000000001);
#276=CIRCLE('',#3268,0.100000000000001);
#277=CIRCLE('',#3269,0.0999999999999993);
#278=CIRCLE('',#3271,0.0999999999999979);
#279=CIRCLE('',#3272,2.5);
#280=CIRCLE('',#3274,0.0999999999999934);
#281=CIRCLE('',#3276,0.0999999999999981);
#282=CIRCLE('',#3277,2.49999999999982);
#283=CIRCLE('',#3278,0.1);
#284=CIRCLE('',#3279,0.0999999999999997);
#285=CIRCLE('',#3280,0.0999999999999999);
#286=CIRCLE('',#3282,0.1);
#287=CIRCLE('',#3284,0.1);
#288=CIRCLE('',#3290,2.49999999999984);
#289=CIRCLE('',#3293,2.49999999999997);
#290=CIRCLE('',#3295,0.1);
#291=CIRCLE('',#3296,0.1);
#292=CIRCLE('',#3298,0.100000000000001);
#293=CIRCLE('',#3299,0.0999999999999995);
#294=CIRCLE('',#3301,0.1);
#295=CIRCLE('',#3302,0.0999999999999995);
#296=CIRCLE('',#3303,0.1);
#297=CIRCLE('',#3304,0.1);
#298=CIRCLE('',#3305,0.0999999999999977);
#299=CIRCLE('',#3307,0.100000000000002);
#300=CIRCLE('',#3308,2.59999999999982);
#301=CIRCLE('',#3309,2.49999999999982);
#302=CIRCLE('',#3311,0.0999999999999979);
#303=CIRCLE('',#3313,0.0999999999999996);
#304=CIRCLE('',#3314,2.6);
#305=CIRCLE('',#3315,2.5);
#306=CIRCLE('',#3316,0.099999999999999);
#307=CIRCLE('',#3317,0.0999999999999997);
#308=CIRCLE('',#3318,0.0999999999999999);
#309=CIRCLE('',#3320,0.0999999999999997);
#310=CIRCLE('',#3321,0.1);
#311=CIRCLE('',#3322,0.100000000000001);
#312=CIRCLE('',#3324,0.100000000000007);
#313=CIRCLE('',#3325,2.59999999999984);
#314=CIRCLE('',#3327,0.099999999999989);
#315=CIRCLE('',#3329,0.100000000000001);
#316=CIRCLE('',#3330,2.59999999999997);
#317=CIRCLE('',#3331,0.0999999999999987);
#318=CIRCLE('',#3332,0.1);
#319=CIRCLE('',#3333,0.1);
#320=CIRCLE('',#3344,1.35);
#321=CIRCLE('',#3347,1.35);
#322=CIRCLE('',#3350,1.35);
#323=CIRCLE('',#3353,6.);
#324=CIRCLE('',#3356,5.);
#325=CIRCLE('',#3359,1.);
#326=CIRCLE('',#3360,1.);
#327=CIRCLE('',#3363,1.);
#328=CIRCLE('',#3365,1.);
#329=CIRCLE('',#3366,1.);
#330=CIRCLE('',#3369,1.25036357133675);
#331=CIRCLE('',#3370,7.5);
#332=CIRCLE('',#3376,17.5);
#333=CIRCLE('',#3379,1.25036357133575);
#334=CIRCLE('',#3380,1.25036484481783);
#335=CIRCLE('',#3382,2.5);
#336=CIRCLE('',#3384,2.5);
#337=CIRCLE('',#3386,2.5);
#338=CIRCLE('',#3388,2.5);
#339=CIRCLE('',#3390,2.5);
#340=CIRCLE('',#3397,1.05);
#341=CIRCLE('',#3398,1.05);
#342=CIRCLE('',#3401,1.05);
#343=CIRCLE('',#3402,1.05);
#344=CIRCLE('',#3405,1.05);
#345=CIRCLE('',#3406,1.05);
#346=CIRCLE('',#3409,1.05);
#347=CIRCLE('',#3410,1.05);
#348=CIRCLE('',#3414,1.25036357133675);
#349=CIRCLE('',#3415,1.25036484481783);
#350=CIRCLE('',#3416,1.25036357133575);
#351=CONICAL_SURFACE('',#3119,24.75,0.78539816339745);
#352=CONICAL_SURFACE('',#3123,7.25,0.785398163397448);
#353=CONICAL_SURFACE('',#3127,7.25,0.785398163397448);
#354=CONICAL_SURFACE('',#3131,7.25,0.785398163397447);
#355=CONICAL_SURFACE('',#3141,0.75,0.785398163397449);
#356=CONICAL_SURFACE('',#3145,5.25,0.785398163397449);
#357=CONICAL_SURFACE('',#3149,0.750000000000001,0.785398163397449);
#358=CONICAL_SURFACE('',#3153,24.75,0.785398163397452);
#359=CONICAL_SURFACE('',#3156,7.25,0.785398163397455);
#360=CONICAL_SURFACE('',#3159,7.25000000000001,0.785398163397439);
#361=FACE_OUTER_BOUND('',#548,.T.);
#362=FACE_OUTER_BOUND('',#549,.T.);
#363=FACE_OUTER_BOUND('',#550,.T.);
#364=FACE_OUTER_BOUND('',#551,.T.);
#365=FACE_OUTER_BOUND('',#552,.T.);
#366=FACE_OUTER_BOUND('',#553,.T.);
#367=FACE_OUTER_BOUND('',#554,.T.);
#368=FACE_OUTER_BOUND('',#555,.T.);
#369=FACE_OUTER_BOUND('',#556,.T.);
#370=FACE_OUTER_BOUND('',#557,.T.);
#371=FACE_OUTER_BOUND('',#558,.T.);
#372=FACE_OUTER_BOUND('',#559,.T.);
#373=FACE_OUTER_BOUND('',#560,.T.);
#374=FACE_OUTER_BOUND('',#561,.T.);
#375=FACE_OUTER_BOUND('',#562,.T.);
#376=FACE_OUTER_BOUND('',#563,.T.);
#377=FACE_OUTER_BOUND('',#564,.T.);
#378=FACE_OUTER_BOUND('',#565,.T.);
#379=FACE_OUTER_BOUND('',#566,.T.);
#380=FACE_OUTER_BOUND('',#567,.T.);
#381=FACE_OUTER_BOUND('',#568,.T.);
#382=FACE_OUTER_BOUND('',#569,.T.);
#383=FACE_OUTER_BOUND('',#570,.T.);
#384=FACE_OUTER_BOUND('',#571,.T.);
#385=FACE_OUTER_BOUND('',#572,.T.);
#386=FACE_OUTER_BOUND('',#573,.T.);
#387=FACE_OUTER_BOUND('',#574,.T.);
#388=FACE_OUTER_BOUND('',#575,.T.);
#389=FACE_OUTER_BOUND('',#578,.T.);
#390=FACE_OUTER_BOUND('',#579,.T.);
#391=FACE_OUTER_BOUND('',#584,.T.);
#392=FACE_OUTER_BOUND('',#585,.T.);
#393=FACE_OUTER_BOUND('',#586,.T.);
#394=FACE_OUTER_BOUND('',#587,.T.);
#395=FACE_OUTER_BOUND('',#588,.T.);
#396=FACE_OUTER_BOUND('',#589,.T.);
#397=FACE_OUTER_BOUND('',#590,.T.);
#398=FACE_OUTER_BOUND('',#591,.T.);
#399=FACE_OUTER_BOUND('',#592,.T.);
#400=FACE_OUTER_BOUND('',#593,.T.);
#401=FACE_OUTER_BOUND('',#594,.T.);
#402=FACE_OUTER_BOUND('',#595,.T.);
#403=FACE_OUTER_BOUND('',#596,.T.);
#404=FACE_OUTER_BOUND('',#597,.T.);
#405=FACE_OUTER_BOUND('',#598,.T.);
#406=FACE_OUTER_BOUND('',#599,.T.);
#407=FACE_OUTER_BOUND('',#600,.T.);
#408=FACE_OUTER_BOUND('',#601,.T.);
#409=FACE_OUTER_BOUND('',#602,.T.);
#410=FACE_OUTER_BOUND('',#603,.T.);
#411=FACE_OUTER_BOUND('',#604,.T.);
#412=FACE_OUTER_BOUND('',#605,.T.);
#413=FACE_OUTER_BOUND('',#606,.T.);
#414=FACE_OUTER_BOUND('',#607,.T.);
#415=FACE_OUTER_BOUND('',#608,.T.);
#416=FACE_OUTER_BOUND('',#609,.T.);
#417=FACE_OUTER_BOUND('',#610,.T.);
#418=FACE_OUTER_BOUND('',#611,.T.);
#419=FACE_OUTER_BOUND('',#612,.T.);
#420=FACE_OUTER_BOUND('',#613,.T.);
#421=FACE_OUTER_BOUND('',#614,.T.);
#422=FACE_OUTER_BOUND('',#615,.T.);
#423=FACE_OUTER_BOUND('',#616,.T.);
#424=FACE_OUTER_BOUND('',#617,.T.);
#425=FACE_OUTER_BOUND('',#618,.T.);
#426=FACE_OUTER_BOUND('',#619,.T.);
#427=FACE_OUTER_BOUND('',#620,.T.);
#428=FACE_OUTER_BOUND('',#621,.T.);
#429=FACE_OUTER_BOUND('',#622,.T.);
#430=FACE_OUTER_BOUND('',#623,.T.);
#431=FACE_OUTER_BOUND('',#624,.T.);
#432=FACE_OUTER_BOUND('',#625,.T.);
#433=FACE_OUTER_BOUND('',#626,.T.);
#434=FACE_OUTER_BOUND('',#627,.T.);
#435=FACE_OUTER_BOUND('',#628,.T.);
#436=FACE_OUTER_BOUND('',#629,.T.);
#437=FACE_OUTER_BOUND('',#630,.T.);
#438=FACE_OUTER_BOUND('',#631,.T.);
#439=FACE_OUTER_BOUND('',#632,.T.);
#440=FACE_OUTER_BOUND('',#633,.T.);
#441=FACE_OUTER_BOUND('',#634,.T.);
#442=FACE_OUTER_BOUND('',#635,.T.);
#443=FACE_OUTER_BOUND('',#636,.T.);
#444=FACE_OUTER_BOUND('',#637,.T.);
#445=FACE_OUTER_BOUND('',#638,.T.);
#446=FACE_OUTER_BOUND('',#639,.T.);
#447=FACE_OUTER_BOUND('',#640,.T.);
#448=FACE_OUTER_BOUND('',#641,.T.);
#449=FACE_OUTER_BOUND('',#642,.T.);
#450=FACE_OUTER_BOUND('',#643,.T.);
#451=FACE_OUTER_BOUND('',#644,.T.);
#452=FACE_OUTER_BOUND('',#645,.T.);
#453=FACE_OUTER_BOUND('',#646,.T.);
#454=FACE_OUTER_BOUND('',#647,.T.);
#455=FACE_OUTER_BOUND('',#648,.T.);
#456=FACE_OUTER_BOUND('',#649,.T.);
#457=FACE_OUTER_BOUND('',#650,.T.);
#458=FACE_OUTER_BOUND('',#651,.T.);
#459=FACE_OUTER_BOUND('',#652,.T.);
#460=FACE_OUTER_BOUND('',#653,.T.);
#461=FACE_OUTER_BOUND('',#654,.T.);
#462=FACE_OUTER_BOUND('',#655,.T.);
#463=FACE_OUTER_BOUND('',#656,.T.);
#464=FACE_OUTER_BOUND('',#657,.T.);
#465=FACE_OUTER_BOUND('',#658,.T.);
#466=FACE_OUTER_BOUND('',#659,.T.);
#467=FACE_OUTER_BOUND('',#660,.T.);
#468=FACE_OUTER_BOUND('',#661,.T.);
#469=FACE_OUTER_BOUND('',#662,.T.);
#470=FACE_OUTER_BOUND('',#663,.T.);
#471=FACE_OUTER_BOUND('',#664,.T.);
#472=FACE_OUTER_BOUND('',#665,.T.);
#473=FACE_OUTER_BOUND('',#666,.T.);
#474=FACE_OUTER_BOUND('',#667,.T.);
#475=FACE_OUTER_BOUND('',#668,.T.);
#476=FACE_OUTER_BOUND('',#669,.T.);
#477=FACE_OUTER_BOUND('',#670,.T.);
#478=FACE_OUTER_BOUND('',#671,.T.);
#479=FACE_OUTER_BOUND('',#672,.T.);
#480=FACE_OUTER_BOUND('',#673,.T.);
#481=FACE_OUTER_BOUND('',#674,.T.);
#482=FACE_OUTER_BOUND('',#675,.T.);
#483=FACE_OUTER_BOUND('',#676,.T.);
#484=FACE_OUTER_BOUND('',#677,.T.);
#485=FACE_OUTER_BOUND('',#678,.T.);
#486=FACE_OUTER_BOUND('',#679,.T.);
#487=FACE_OUTER_BOUND('',#681,.T.);
#488=FACE_OUTER_BOUND('',#682,.T.);
#489=FACE_OUTER_BOUND('',#683,.T.);
#490=FACE_OUTER_BOUND('',#684,.T.);
#491=FACE_OUTER_BOUND('',#685,.T.);
#492=FACE_OUTER_BOUND('',#686,.T.);
#493=FACE_OUTER_BOUND('',#687,.T.);
#494=FACE_OUTER_BOUND('',#688,.T.);
#495=FACE_OUTER_BOUND('',#689,.T.);
#496=FACE_OUTER_BOUND('',#690,.T.);
#497=FACE_OUTER_BOUND('',#691,.T.);
#498=FACE_OUTER_BOUND('',#692,.T.);
#499=FACE_OUTER_BOUND('',#693,.T.);
#500=FACE_OUTER_BOUND('',#694,.T.);
#501=FACE_OUTER_BOUND('',#695,.T.);
#502=FACE_OUTER_BOUND('',#696,.T.);
#503=FACE_OUTER_BOUND('',#697,.T.);
#504=FACE_OUTER_BOUND('',#698,.T.);
#505=FACE_OUTER_BOUND('',#699,.T.);
#506=FACE_OUTER_BOUND('',#700,.T.);
#507=FACE_OUTER_BOUND('',#701,.T.);
#508=FACE_OUTER_BOUND('',#702,.T.);
#509=FACE_OUTER_BOUND('',#703,.T.);
#510=FACE_OUTER_BOUND('',#704,.T.);
#511=FACE_OUTER_BOUND('',#705,.T.);
#512=FACE_OUTER_BOUND('',#706,.T.);
#513=FACE_OUTER_BOUND('',#707,.T.);
#514=FACE_OUTER_BOUND('',#708,.T.);
#515=FACE_OUTER_BOUND('',#709,.T.);
#516=FACE_OUTER_BOUND('',#710,.T.);
#517=FACE_OUTER_BOUND('',#711,.T.);
#518=FACE_OUTER_BOUND('',#712,.T.);
#519=FACE_OUTER_BOUND('',#713,.T.);
#520=FACE_OUTER_BOUND('',#714,.T.);
#521=FACE_OUTER_BOUND('',#715,.T.);
#522=FACE_OUTER_BOUND('',#716,.T.);
#523=FACE_OUTER_BOUND('',#717,.T.);
#524=FACE_OUTER_BOUND('',#718,.T.);
#525=FACE_OUTER_BOUND('',#719,.T.);
#526=FACE_OUTER_BOUND('',#720,.T.);
#527=FACE_OUTER_BOUND('',#721,.T.);
#528=FACE_OUTER_BOUND('',#722,.T.);
#529=FACE_OUTER_BOUND('',#723,.T.);
#530=FACE_OUTER_BOUND('',#724,.T.);
#531=FACE_OUTER_BOUND('',#725,.T.);
#532=FACE_OUTER_BOUND('',#726,.T.);
#533=FACE_OUTER_BOUND('',#731,.T.);
#534=FACE_OUTER_BOUND('',#732,.T.);
#535=FACE_OUTER_BOUND('',#733,.T.);
#536=FACE_OUTER_BOUND('',#734,.T.);
#537=FACE_OUTER_BOUND('',#735,.T.);
#538=FACE_OUTER_BOUND('',#736,.T.);
#539=FACE_OUTER_BOUND('',#737,.T.);
#540=FACE_OUTER_BOUND('',#738,.T.);
#541=FACE_OUTER_BOUND('',#739,.T.);
#542=FACE_OUTER_BOUND('',#740,.T.);
#543=FACE_OUTER_BOUND('',#741,.T.);
#544=FACE_OUTER_BOUND('',#742,.T.);
#545=FACE_OUTER_BOUND('',#743,.T.);
#546=FACE_OUTER_BOUND('',#744,.T.);
#547=FACE_OUTER_BOUND('',#745,.T.);
#548=EDGE_LOOP('',(#1948,#1949,#1950,#1951));
#549=EDGE_LOOP('',(#1952,#1953,#1954,#1955));
#550=EDGE_LOOP('',(#1956,#1957,#1958,#1959));
#551=EDGE_LOOP('',(#1960,#1961,#1962,#1963));
#552=EDGE_LOOP('',(#1964,#1965,#1966,#1967));
#553=EDGE_LOOP('',(#1968,#1969,#1970,#1971));
#554=EDGE_LOOP('',(#1972,#1973,#1974,#1975));
#555=EDGE_LOOP('',(#1976,#1977,#1978,#1979));
#556=EDGE_LOOP('',(#1980,#1981,#1982,#1983));
#557=EDGE_LOOP('',(#1984,#1985,#1986,#1987));
#558=EDGE_LOOP('',(#1988,#1989,#1990,#1991));
#559=EDGE_LOOP('',(#1992,#1993,#1994,#1995,#1996,#1997));
#560=EDGE_LOOP('',(#1998,#1999,#2000,#2001,#2002,#2003,#2004,#2005));
#561=EDGE_LOOP('',(#2006,#2007,#2008,#2009));
#562=EDGE_LOOP('',(#2010,#2011,#2012,#2013));
#563=EDGE_LOOP('',(#2014,#2015,#2016,#2017));
#564=EDGE_LOOP('',(#2018,#2019,#2020,#2021));
#565=EDGE_LOOP('',(#2022,#2023,#2024,#2025));
#566=EDGE_LOOP('',(#2026,#2027,#2028,#2029));
#567=EDGE_LOOP('',(#2030,#2031,#2032,#2033));
#568=EDGE_LOOP('',(#2034,#2035,#2036,#2037));
#569=EDGE_LOOP('',(#2038,#2039,#2040,#2041));
#570=EDGE_LOOP('',(#2042,#2043,#2044,#2045));
#571=EDGE_LOOP('',(#2046,#2047,#2048,#2049));
#572=EDGE_LOOP('',(#2050,#2051,#2052,#2053));
#573=EDGE_LOOP('',(#2054,#2055,#2056,#2057));
#574=EDGE_LOOP('',(#2058,#2059,#2060,#2061));
#575=EDGE_LOOP('',(#2062,#2063,#2064,#2065,#2066,#2067));
#576=EDGE_LOOP('',(#2068,#2069,#2070,#2071,#2072,#2073,#2074,#2075));
#577=EDGE_LOOP('',(#2076,#2077,#2078,#2079,#2080,#2081,#2082,#2083,#2084,
#2085,#2086,#2087,#2088,#2089,#2090,#2091,#2092,#2093,#2094,#2095,#2096,
#2097,#2098,#2099));
#578=EDGE_LOOP('',(#2100,#2101,#2102,#2103));
#579=EDGE_LOOP('',(#2104,#2105,#2106,#2107,#2108,#2109,#2110,#2111,#2112,
#2113,#2114,#2115));
#580=EDGE_LOOP('',(#2116,#2117,#2118,#2119,#2120,#2121,#2122,#2123,#2124,
#2125,#2126,#2127,#2128,#2129,#2130,#2131,#2132,#2133,#2134,#2135,#2136,
#2137,#2138,#2139,#2140,#2141));
#581=EDGE_LOOP('',(#2142));
#582=EDGE_LOOP('',(#2143));
#583=EDGE_LOOP('',(#2144));
#584=EDGE_LOOP('',(#2145,#2146,#2147,#2148));
#585=EDGE_LOOP('',(#2149,#2150,#2151,#2152));
#586=EDGE_LOOP('',(#2153,#2154,#2155,#2156));
#587=EDGE_LOOP('',(#2157,#2158,#2159,#2160));
#588=EDGE_LOOP('',(#2161,#2162,#2163,#2164));
#589=EDGE_LOOP('',(#2165,#2166,#2167,#2168));
#590=EDGE_LOOP('',(#2169,#2170,#2171,#2172));
#591=EDGE_LOOP('',(#2173,#2174,#2175,#2176));
#592=EDGE_LOOP('',(#2177,#2178,#2179,#2180));
#593=EDGE_LOOP('',(#2181,#2182,#2183,#2184));
#594=EDGE_LOOP('',(#2185,#2186,#2187,#2188,#2189));
#595=EDGE_LOOP('',(#2190,#2191,#2192,#2193));
#596=EDGE_LOOP('',(#2194,#2195,#2196,#2197,#2198));
#597=EDGE_LOOP('',(#2199,#2200,#2201,#2202));
#598=EDGE_LOOP('',(#2203,#2204,#2205,#2206));
#599=EDGE_LOOP('',(#2207,#2208,#2209,#2210));
#600=EDGE_LOOP('',(#2211,#2212,#2213,#2214));
#601=EDGE_LOOP('',(#2215,#2216,#2217,#2218));
#602=EDGE_LOOP('',(#2219,#2220,#2221,#2222));
#603=EDGE_LOOP('',(#2223,#2224,#2225,#2226));
#604=EDGE_LOOP('',(#2227,#2228,#2229,#2230));
#605=EDGE_LOOP('',(#2231,#2232,#2233,#2234));
#606=EDGE_LOOP('',(#2235,#2236,#2237,#2238));
#607=EDGE_LOOP('',(#2239,#2240,#2241,#2242));
#608=EDGE_LOOP('',(#2243,#2244,#2245,#2246));
#609=EDGE_LOOP('',(#2247,#2248,#2249,#2250));
#610=EDGE_LOOP('',(#2251,#2252,#2253,#2254));
#611=EDGE_LOOP('',(#2255,#2256,#2257,#2258));
#612=EDGE_LOOP('',(#2259,#2260,#2261,#2262));
#613=EDGE_LOOP('',(#2263,#2264,#2265,#2266));
#614=EDGE_LOOP('',(#2267,#2268,#2269,#2270));
#615=EDGE_LOOP('',(#2271,#2272,#2273,#2274));
#616=EDGE_LOOP('',(#2275,#2276,#2277,#2278));
#617=EDGE_LOOP('',(#2279,#2280,#2281,#2282));
#618=EDGE_LOOP('',(#2283,#2284,#2285,#2286));
#619=EDGE_LOOP('',(#2287,#2288,#2289,#2290));
#620=EDGE_LOOP('',(#2291,#2292,#2293,#2294));
#621=EDGE_LOOP('',(#2295,#2296,#2297,#2298));
#622=EDGE_LOOP('',(#2299,#2300,#2301,#2302));
#623=EDGE_LOOP('',(#2303,#2304,#2305,#2306));
#624=EDGE_LOOP('',(#2307,#2308,#2309,#2310));
#625=EDGE_LOOP('',(#2311,#2312,#2313,#2314));
#626=EDGE_LOOP('',(#2315,#2316,#2317,#2318));
#627=EDGE_LOOP('',(#2319,#2320,#2321,#2322));
#628=EDGE_LOOP('',(#2323,#2324,#2325,#2326));
#629=EDGE_LOOP('',(#2327,#2328,#2329,#2330));
#630=EDGE_LOOP('',(#2331,#2332,#2333,#2334));
#631=EDGE_LOOP('',(#2335,#2336,#2337,#2338));
#632=EDGE_LOOP('',(#2339,#2340,#2341,#2342));
#633=EDGE_LOOP('',(#2343,#2344,#2345,#2346));
#634=EDGE_LOOP('',(#2347,#2348,#2349,#2350));
#635=EDGE_LOOP('',(#2351,#2352,#2353,#2354));
#636=EDGE_LOOP('',(#2355,#2356,#2357,#2358));
#637=EDGE_LOOP('',(#2359,#2360,#2361,#2362));
#638=EDGE_LOOP('',(#2363,#2364,#2365,#2366));
#639=EDGE_LOOP('',(#2367,#2368,#2369,#2370));
#640=EDGE_LOOP('',(#2371,#2372,#2373,#2374));
#641=EDGE_LOOP('',(#2375,#2376,#2377,#2378));
#642=EDGE_LOOP('',(#2379,#2380,#2381,#2382));
#643=EDGE_LOOP('',(#2383,#2384,#2385,#2386));
#644=EDGE_LOOP('',(#2387,#2388,#2389,#2390));
#645=EDGE_LOOP('',(#2391,#2392,#2393,#2394));
#646=EDGE_LOOP('',(#2395,#2396,#2397,#2398));
#647=EDGE_LOOP('',(#2399,#2400,#2401,#2402));
#648=EDGE_LOOP('',(#2403,#2404,#2405,#2406));
#649=EDGE_LOOP('',(#2407,#2408,#2409,#2410));
#650=EDGE_LOOP('',(#2411,#2412,#2413,#2414));
#651=EDGE_LOOP('',(#2415,#2416,#2417,#2418));
#652=EDGE_LOOP('',(#2419,#2420,#2421,#2422));
#653=EDGE_LOOP('',(#2423,#2424,#2425,#2426));
#654=EDGE_LOOP('',(#2427,#2428,#2429,#2430));
#655=EDGE_LOOP('',(#2431,#2432,#2433,#2434));
#656=EDGE_LOOP('',(#2435,#2436,#2437,#2438));
#657=EDGE_LOOP('',(#2439,#2440,#2441,#2442));
#658=EDGE_LOOP('',(#2443,#2444,#2445,#2446));
#659=EDGE_LOOP('',(#2447,#2448,#2449,#2450));
#660=EDGE_LOOP('',(#2451,#2452,#2453,#2454));
#661=EDGE_LOOP('',(#2455,#2456,#2457,#2458));
#662=EDGE_LOOP('',(#2459,#2460,#2461,#2462));
#663=EDGE_LOOP('',(#2463,#2464,#2465,#2466));
#664=EDGE_LOOP('',(#2467,#2468,#2469,#2470));
#665=EDGE_LOOP('',(#2471,#2472,#2473,#2474));
#666=EDGE_LOOP('',(#2475,#2476,#2477,#2478));
#667=EDGE_LOOP('',(#2479,#2480,#2481,#2482));
#668=EDGE_LOOP('',(#2483,#2484,#2485,#2486));
#669=EDGE_LOOP('',(#2487,#2488,#2489,#2490));
#670=EDGE_LOOP('',(#2491,#2492,#2493,#2494));
#671=EDGE_LOOP('',(#2495,#2496,#2497,#2498));
#672=EDGE_LOOP('',(#2499,#2500,#2501,#2502));
#673=EDGE_LOOP('',(#2503,#2504,#2505,#2506));
#674=EDGE_LOOP('',(#2507,#2508,#2509,#2510));
#675=EDGE_LOOP('',(#2511,#2512,#2513,#2514));
#676=EDGE_LOOP('',(#2515,#2516,#2517,#2518));
#677=EDGE_LOOP('',(#2519,#2520,#2521,#2522));
#678=EDGE_LOOP('',(#2523,#2524,#2525,#2526));
#679=EDGE_LOOP('',(#2527,#2528,#2529,#2530,#2531,#2532,#2533,#2534,#2535,
#2536,#2537,#2538,#2539,#2540,#2541));
#680=EDGE_LOOP('',(#2542,#2543,#2544,#2545,#2546,#2547,#2548,#2549,#2550,
#2551,#2552,#2553,#2554,#2555,#2556,#2557,#2558,#2559,#2560,#2561,#2562,
#2563,#2564,#2565));
#681=EDGE_LOOP('',(#2566,#2567,#2568,#2569));
#682=EDGE_LOOP('',(#2570,#2571,#2572,#2573));
#683=EDGE_LOOP('',(#2574,#2575,#2576,#2577));
#684=EDGE_LOOP('',(#2578,#2579,#2580,#2581));
#685=EDGE_LOOP('',(#2582));
#686=EDGE_LOOP('',(#2583,#2584,#2585,#2586));
#687=EDGE_LOOP('',(#2587));
#688=EDGE_LOOP('',(#2588,#2589,#2590,#2591));
#689=EDGE_LOOP('',(#2592));
#690=EDGE_LOOP('',(#2593,#2594,#2595,#2596));
#691=EDGE_LOOP('',(#2597,#2598,#2599,#2600));
#692=EDGE_LOOP('',(#2601,#2602,#2603,#2604));
#693=EDGE_LOOP('',(#2605,#2606,#2607,#2608,#2609,#2610));
#694=EDGE_LOOP('',(#2611,#2612,#2613,#2614));
#695=EDGE_LOOP('',(#2615,#2616,#2617,#2618,#2619,#2620));
#696=EDGE_LOOP('',(#2621,#2622,#2623,#2624));
#697=EDGE_LOOP('',(#2625,#2626,#2627,#2628));
#698=EDGE_LOOP('',(#2629,#2630,#2631,#2632,#2633,#2634,#2635));
#699=EDGE_LOOP('',(#2636,#2637,#2638,#2639,#2640,#2641,#2642,#2643,#2644,
#2645,#2646,#2647));
#700=EDGE_LOOP('',(#2648,#2649,#2650,#2651));
#701=EDGE_LOOP('',(#2652,#2653,#2654,#2655,#2656,#2657,#2658,#2659));
#702=EDGE_LOOP('',(#2660,#2661,#2662,#2663));
#703=EDGE_LOOP('',(#2664,#2665,#2666,#2667));
#704=EDGE_LOOP('',(#2668,#2669,#2670,#2671));
#705=EDGE_LOOP('',(#2672,#2673,#2674,#2675));
#706=EDGE_LOOP('',(#2676,#2677,#2678,#2679,#2680,#2681,#2682,#2683,#2684,
#2685,#2686,#2687,#2688,#2689));
#707=EDGE_LOOP('',(#2690,#2691,#2692,#2693));
#708=EDGE_LOOP('',(#2694,#2695,#2696,#2697));
#709=EDGE_LOOP('',(#2698,#2699,#2700,#2701));
#710=EDGE_LOOP('',(#2702,#2703,#2704,#2705));
#711=EDGE_LOOP('',(#2706,#2707,#2708,#2709));
#712=EDGE_LOOP('',(#2710,#2711,#2712,#2713));
#713=EDGE_LOOP('',(#2714,#2715,#2716,#2717));
#714=EDGE_LOOP('',(#2718,#2719,#2720,#2721));
#715=EDGE_LOOP('',(#2722,#2723,#2724,#2725));
#716=EDGE_LOOP('',(#2726,#2727,#2728,#2729));
#717=EDGE_LOOP('',(#2730,#2731,#2732,#2733));
#718=EDGE_LOOP('',(#2734));
#719=EDGE_LOOP('',(#2735,#2736,#2737,#2738));
#720=EDGE_LOOP('',(#2739));
#721=EDGE_LOOP('',(#2740,#2741,#2742,#2743));
#722=EDGE_LOOP('',(#2744));
#723=EDGE_LOOP('',(#2745,#2746,#2747,#2748));
#724=EDGE_LOOP('',(#2749));
#725=EDGE_LOOP('',(#2750,#2751,#2752,#2753,#2754,#2755,#2756,#2757,#2758,
#2759,#2760,#2761,#2762,#2763));
#726=EDGE_LOOP('',(#2764,#2765,#2766,#2767,#2768,#2769,#2770,#2771,#2772,
#2773,#2774,#2775,#2776,#2777,#2778,#2779));
#727=EDGE_LOOP('',(#2780));
#728=EDGE_LOOP('',(#2781));
#729=EDGE_LOOP('',(#2782));
#730=EDGE_LOOP('',(#2783));
#731=EDGE_LOOP('',(#2784,#2785,#2786,#2787));
#732=EDGE_LOOP('',(#2788,#2789,#2790,#2791));
#733=EDGE_LOOP('',(#2792,#2793,#2794,#2795));
#734=EDGE_LOOP('',(#2796,#2797,#2798,#2799,#2800,#2801));
#735=EDGE_LOOP('',(#2802,#2803,#2804,#2805));
#736=EDGE_LOOP('',(#2806,#2807,#2808,#2809,#2810,#2811));
#737=EDGE_LOOP('',(#2812,#2813,#2814,#2815));
#738=EDGE_LOOP('',(#2816,#2817,#2818,#2819));
#739=EDGE_LOOP('',(#2820,#2821,#2822,#2823));
#740=EDGE_LOOP('',(#2824,#2825,#2826,#2827));
#741=EDGE_LOOP('',(#2828,#2829,#2830,#2831,#2832,#2833,#2834,#2835));
#742=EDGE_LOOP('',(#2836,#2837,#2838,#2839));
#743=EDGE_LOOP('',(#2840,#2841,#2842,#2843));
#744=EDGE_LOOP('',(#2844,#2845,#2846,#2847));
#745=EDGE_LOOP('',(#2848,#2849,#2850,#2851));
#746=LINE('',#4305,#985);
#747=LINE('',#4307,#986);
#748=LINE('',#4309,#987);
#749=LINE('',#4310,#988);
#750=LINE('',#4315,#989);
#751=LINE('',#4320,#990);
#752=LINE('',#4321,#991);
#753=LINE('',#4322,#992);
#754=LINE('',#4327,#993);
#755=LINE('',#4332,#994);
#756=LINE('',#4333,#995);
#757=LINE('',#4334,#996);
#758=LINE('',#4339,#997);
#759=LINE('',#4344,#998);
#760=LINE('',#4345,#999);
#761=LINE('',#4346,#1000);
#762=LINE('',#4352,#1001);
#763=LINE('',#4355,#1002);
#764=LINE('',#4358,#1003);
#765=LINE('',#4359,#1004);
#766=LINE('',#4362,#1005);
#767=LINE('',#4366,#1006);
#768=LINE('',#4368,#1007);
#769=LINE('',#4370,#1008);
#770=LINE('',#4371,#1009);
#771=LINE('',#4376,#1010);
#772=LINE('',#4380,#1011);
#773=LINE('',#4385,#1012);
#774=LINE('',#4386,#1013);
#775=LINE('',#4387,#1014);
#776=LINE('',#4391,#1015);
#777=LINE('',#4396,#1016);
#778=LINE('',#4398,#1017);
#779=LINE('',#4399,#1018);
#780=LINE('',#4402,#1019);
#781=LINE('',#4407,#1020);
#782=LINE('',#4408,#1021);
#783=LINE('',#4412,#1022);
#784=LINE('',#4415,#1023);
#785=LINE('',#4416,#1024);
#786=LINE('',#4420,#1025);
#787=LINE('',#4423,#1026);
#788=LINE('',#4425,#1027);
#789=LINE('',#4426,#1028);
#790=LINE('',#4431,#1029);
#791=LINE('',#4434,#1030);
#792=LINE('',#4435,#1031);
#793=LINE('',#4437,#1032);
#794=LINE('',#4439,#1033);
#795=LINE('',#4442,#1034);
#796=LINE('',#4444,#1035);
#797=LINE('',#4445,#1036);
#798=LINE('',#4450,#1037);
#799=LINE('',#4454,#1038);
#800=LINE('',#4458,#1039);
#801=LINE('',#4461,#1040);
#802=LINE('',#4486,#1041);
#803=LINE('',#4510,#1042);
#804=LINE('',#4512,#1043);
#805=LINE('',#4514,#1044);
#806=LINE('',#4538,#1045);
#807=LINE('',#4562,#1046);
#808=LINE('',#4564,#1047);
#809=LINE('',#4565,#1048);
#810=LINE('',#4568,#1049);
#811=LINE('',#4575,#1050);
#812=LINE('',#4577,#1051);
#813=LINE('',#4579,#1052);
#814=LINE('',#4581,#1053);
#815=LINE('',#4585,#1054);
#816=LINE('',#4587,#1055);
#817=LINE('',#4589,#1056);
#818=LINE('',#4593,#1057);
#819=LINE('',#4597,#1058);
#820=LINE('',#4601,#1059);
#821=LINE('',#4603,#1060);
#822=LINE('',#4607,#1061);
#823=LINE('',#4611,#1062);
#824=LINE('',#4613,#1063);
#825=LINE('',#4615,#1064);
#826=LINE('',#4617,#1065);
#827=LINE('',#4621,#1066);
#828=LINE('',#4622,#1067);
#829=LINE('',#4642,#1068);
#830=LINE('',#4643,#1069);
#831=LINE('',#4663,#1070);
#832=LINE('',#4664,#1071);
#833=LINE('',#4672,#1072);
#834=LINE('',#4673,#1073);
#835=LINE('',#4697,#1074);
#836=LINE('',#4698,#1075);
#837=LINE('',#4701,#1076);
#838=LINE('',#4704,#1077);
#839=LINE('',#4707,#1078);
#840=LINE('',#4708,#1079);
#841=LINE('',#4711,#1080);
#842=LINE('',#4719,#1081);
#843=LINE('',#4727,#1082);
#844=LINE('',#4734,#1083);
#845=LINE('',#4739,#1084);
#846=LINE('',#4741,#1085);
#847=LINE('',#4743,#1086);
#848=LINE('',#4745,#1087);
#849=LINE('',#4864,#1088);
#850=LINE('',#4980,#1089);
#851=LINE('',#4984,#1090);
#852=LINE('',#4987,#1091);
#853=LINE('',#5104,#1092);
#854=LINE('',#5220,#1093);
#855=LINE('',#5224,#1094);
#856=LINE('',#5226,#1095);
#857=LINE('',#5229,#1096);
#858=LINE('',#5231,#1097);
#859=LINE('',#5232,#1098);
#860=LINE('',#5235,#1099);
#861=LINE('',#5236,#1100);
#862=LINE('',#5239,#1101);
#863=LINE('',#5240,#1102);
#864=LINE('',#5256,#1103);
#865=LINE('',#5270,#1104);
#866=LINE('',#5326,#1105);
#867=LINE('',#5338,#1106);
#868=LINE('',#5342,#1107);
#869=LINE('',#5343,#1108);
#870=LINE('',#5346,#1109);
#871=LINE('',#5399,#1110);
#872=LINE('',#5418,#1111);
#873=LINE('',#5438,#1112);
#874=LINE('',#5448,#1113);
#875=LINE('',#5451,#1114);
#876=LINE('',#5457,#1115);
#877=LINE('',#5460,#1116);
#878=LINE('',#5603,#1117);
#879=LINE('',#5604,#1118);
#880=LINE('',#5739,#1119);
#881=LINE('',#5855,#1120);
#882=LINE('',#5969,#1121);
#883=LINE('',#5970,#1122);
#884=LINE('',#5972,#1123);
#885=LINE('',#5973,#1124);
#886=LINE('',#5988,#1125);
#887=LINE('',#5997,#1126);
#888=LINE('',#6048,#1127);
#889=LINE('',#6050,#1128);
#890=LINE('',#6052,#1129);
#891=LINE('',#6054,#1130);
#892=LINE('',#6105,#1131);
#893=LINE('',#6114,#1132);
#894=LINE('',#6129,#1133);
#895=LINE('',#6132,#1134);
#896=LINE('',#6134,#1135);
#897=LINE('',#6136,#1136);
#898=LINE('',#6138,#1137);
#899=LINE('',#6139,#1138);
#900=LINE('',#6141,#1139);
#901=LINE('',#6142,#1140);
#902=LINE('',#6144,#1141);
#903=LINE('',#6146,#1142);
#904=LINE('',#6150,#1143);
#905=LINE('',#6155,#1144);
#906=LINE('',#6160,#1145);
#907=LINE('',#6167,#1146);
#908=LINE('',#6168,#1147);
#909=LINE('',#6170,#1148);
#910=LINE('',#6173,#1149);
#911=LINE('',#6176,#1150);
#912=LINE('',#6179,#1151);
#913=LINE('',#6181,#1152);
#914=LINE('',#6183,#1153);
#915=LINE('',#6184,#1154);
#916=LINE('',#6190,#1155);
#917=LINE('',#6192,#1156);
#918=LINE('',#6193,#1157);
#919=LINE('',#6200,#1158);
#920=LINE('',#6204,#1159);
#921=LINE('',#6206,#1160);
#922=LINE('',#6208,#1161);
#923=LINE('',#6209,#1162);
#924=LINE('',#6210,#1163);
#925=LINE('',#6215,#1164);
#926=LINE('',#6220,#1165);
#927=LINE('',#6221,#1166);
#928=LINE('',#6222,#1167);
#929=LINE('',#6226,#1168);
#930=LINE('',#6227,#1169);
#931=LINE('',#6228,#1170);
#932=LINE('',#6232,#1171);
#933=LINE('',#6235,#1172);
#934=LINE('',#6236,#1173);
#935=LINE('',#6239,#1174);
#936=LINE('',#6241,#1175);
#937=LINE('',#6243,#1176);
#938=LINE('',#6245,#1177);
#939=LINE('',#6247,#1178);
#940=LINE('',#6249,#1179);
#941=LINE('',#6253,#1180);
#942=LINE('',#6255,#1181);
#943=LINE('',#6258,#1182);
#944=LINE('',#6261,#1183);
#945=LINE('',#6264,#1184);
#946=LINE('',#6267,#1185);
#947=LINE('',#6270,#1186);
#948=LINE('',#6273,#1187);
#949=LINE('',#6276,#1188);
#950=LINE('',#6279,#1189);
#951=LINE('',#6282,#1190);
#952=LINE('',#6285,#1191);
#953=LINE('',#6287,#1192);
#954=LINE('',#6290,#1193);
#955=LINE('',#6291,#1194);
#956=LINE('',#6293,#1195);
#957=LINE('',#6296,#1196);
#958=LINE('',#6297,#1197);
#959=LINE('',#6303,#1198);
#960=LINE('',#6310,#1199);
#961=LINE('',#6317,#1200);
#962=LINE('',#6324,#1201);
#963=LINE('',#6329,#1202);
#964=LINE('',#6331,#1203);
#965=LINE('',#6332,#1204);
#966=LINE('',#6333,#1205);
#967=LINE('',#6334,#1206);
#968=LINE('',#6338,#1207);
#969=LINE('',#6340,#1208);
#970=LINE('',#6342,#1209);
#971=LINE('',#6343,#1210);
#972=LINE('',#6348,#1211);
#973=LINE('',#6352,#1212);
#974=LINE('',#6353,#1213);
#975=LINE('',#6355,#1214);
#976=LINE('',#6356,#1215);
#977=LINE('',#6358,#1216);
#978=LINE('',#6360,#1217);
#979=LINE('',#6364,#1218);
#980=LINE('',#6366,#1219);
#981=LINE('',#6368,#1220);
#982=LINE('',#6370,#1221);
#983=LINE('',#6373,#1222);
#984=LINE('',#6375,#1223);
#985=VECTOR('',#3436,10.);
#986=VECTOR('',#3437,10.);
#987=VECTOR('',#3438,10.);
#988=VECTOR('',#3439,10.);
#989=VECTOR('',#3444,10.);
#990=VECTOR('',#3449,10.);
#991=VECTOR('',#3450,10.);
#992=VECTOR('',#3451,10.);
#993=VECTOR('',#3456,10.);
#994=VECTOR('',#3461,10.);
#995=VECTOR('',#3462,10.);
#996=VECTOR('',#3463,10.);
#997=VECTOR('',#3468,10.);
#998=VECTOR('',#3473,10.);
#999=VECTOR('',#3474,10.);
#1000=VECTOR('',#3475,10.);
#1001=VECTOR('',#3484,10.);
#1002=VECTOR('',#3487,10.);
#1003=VECTOR('',#3490,10.);
#1004=VECTOR('',#3491,10.);
#1005=VECTOR('',#3494,10.);
#1006=VECTOR('',#3499,10.);
#1007=VECTOR('',#3500,10.);
#1008=VECTOR('',#3501,10.);
#1009=VECTOR('',#3502,10.);
#1010=VECTOR('',#3507,10.);
#1011=VECTOR('',#3510,10.);
#1012=VECTOR('',#3515,10.);
#1013=VECTOR('',#3516,10.);
#1014=VECTOR('',#3517,10.);
#1015=VECTOR('',#3520,10.);
#1016=VECTOR('',#3527,10.);
#1017=VECTOR('',#3528,10.);
#1018=VECTOR('',#3529,10.);
#1019=VECTOR('',#3532,10.);
#1020=VECTOR('',#3539,10.);
#1021=VECTOR('',#3540,10.);
#1022=VECTOR('',#3545,10.);
#1023=VECTOR('',#3548,10.);
#1024=VECTOR('',#3549,10.);
#1025=VECTOR('',#3554,10.);
#1026=VECTOR('',#3557,10.);
#1027=VECTOR('',#3558,10.);
#1028=VECTOR('',#3559,10.);
#1029=VECTOR('',#3564,10.);
#1030=VECTOR('',#3569,10.);
#1031=VECTOR('',#3570,10.);
#1032=VECTOR('',#3573,10.);
#1033=VECTOR('',#3576,10.);
#1034=VECTOR('',#3579,10.);
#1035=VECTOR('',#3580,10.);
#1036=VECTOR('',#3581,10.);
#1037=VECTOR('',#3584,10.);
#1038=VECTOR('',#3587,10.);
#1039=VECTOR('',#3590,10.);
#1040=VECTOR('',#3593,10.);
#1041=VECTOR('',#3596,10.);
#1042=VECTOR('',#3599,10.);
#1043=VECTOR('',#3600,10.);
#1044=VECTOR('',#3601,10.);
#1045=VECTOR('',#3604,10.);
#1046=VECTOR('',#3607,10.);
#1047=VECTOR('',#3608,10.);
#1048=VECTOR('',#3609,10.);
#1049=VECTOR('',#3612,10.);
#1050=VECTOR('',#3619,10.);
#1051=VECTOR('',#3620,10.);
#1052=VECTOR('',#3621,10.);
#1053=VECTOR('',#3622,10.);
#1054=VECTOR('',#3625,10.);
#1055=VECTOR('',#3626,10.);
#1056=VECTOR('',#3627,10.);
#1057=VECTOR('',#3630,10.);
#1058=VECTOR('',#3633,10.);
#1059=VECTOR('',#3636,10.);
#1060=VECTOR('',#3637,10.);
#1061=VECTOR('',#3640,10.);
#1062=VECTOR('',#3643,10.);
#1063=VECTOR('',#3644,10.);
#1064=VECTOR('',#3645,10.);
#1065=VECTOR('',#3646,10.);
#1066=VECTOR('',#3649,10.);
#1067=VECTOR('',#3650,10.);
#1068=VECTOR('',#3671,10.);
#1069=VECTOR('',#3672,10.);
#1070=VECTOR('',#3695,10.);
#1071=VECTOR('',#3696,10.);
#1072=VECTOR('',#3707,10.);
#1073=VECTOR('',#3708,10.);
#1074=VECTOR('',#3723,10.);
#1075=VECTOR('',#3724,10.);
#1076=VECTOR('',#3727,10.);
#1077=VECTOR('',#3730,10.);
#1078=VECTOR('',#3733,10.);
#1079=VECTOR('',#3734,10.);
#1080=VECTOR('',#3737,10.);
#1081=VECTOR('',#3750,10.);
#1082=VECTOR('',#3761,10.);
#1083=VECTOR('',#3772,10.);
#1084=VECTOR('',#3781,10.);
#1085=VECTOR('',#3784,10.);
#1086=VECTOR('',#3787,10.);
#1087=VECTOR('',#3790,10.);
#1088=VECTOR('',#3811,10.);
#1089=VECTOR('',#3828,10.);
#1090=VECTOR('',#3833,10.);
#1091=VECTOR('',#3836,10.);
#1092=VECTOR('',#3855,10.);
#1093=VECTOR('',#3872,10.);
#1094=VECTOR('',#3877,10.);
#1095=VECTOR('',#3880,10.);
#1096=VECTOR('',#3883,10.);
#1097=VECTOR('',#3884,10.);
#1098=VECTOR('',#3885,10.);
#1099=VECTOR('',#3888,10.);
#1100=VECTOR('',#3889,10.);
#1101=VECTOR('',#3892,10.);
#1102=VECTOR('',#3893,10.);
#1103=VECTOR('',#3894,10.);
#1104=VECTOR('',#3895,10.);
#1105=VECTOR('',#3896,10.);
#1106=VECTOR('',#3899,10.);
#1107=VECTOR('',#3904,10.);
#1108=VECTOR('',#3905,10.);
#1109=VECTOR('',#3908,10.);
#1110=VECTOR('',#3911,10.);
#1111=VECTOR('',#3912,10.);
#1112=VECTOR('',#3913,10.);
#1113=VECTOR('',#3918,10.);
#1114=VECTOR('',#3921,10.);
#1115=VECTOR('',#3928,10.);
#1116=VECTOR('',#3931,10.);
#1117=VECTOR('',#3954,10.);
#1118=VECTOR('',#3955,10.);
#1119=VECTOR('',#3972,10.);
#1120=VECTOR('',#3989,10.);
#1121=VECTOR('',#4004,10.);
#1122=VECTOR('',#4005,10.);
#1123=VECTOR('',#4008,10.);
#1124=VECTOR('',#4009,10.);
#1125=VECTOR('',#4010,10.);
#1126=VECTOR('',#4011,10.);
#1127=VECTOR('',#4012,10.);
#1128=VECTOR('',#4015,10.);
#1129=VECTOR('',#4018,10.);
#1130=VECTOR('',#4021,10.);
#1131=VECTOR('',#4022,10.);
#1132=VECTOR('',#4023,10.);
#1133=VECTOR('',#4024,10.);
#1134=VECTOR('',#4027,10.);
#1135=VECTOR('',#4028,10.);
#1136=VECTOR('',#4029,10.);
#1137=VECTOR('',#4030,10.);
#1138=VECTOR('',#4031,10.);
#1139=VECTOR('',#4032,10.);
#1140=VECTOR('',#4033,10.);
#1141=VECTOR('',#4036,10.);
#1142=VECTOR('',#4039,10.);
#1143=VECTOR('',#4044,1.35);
#1144=VECTOR('',#4051,1.35);
#1145=VECTOR('',#4058,1.35);
#1146=VECTOR('',#4067,10.);
#1147=VECTOR('',#4068,10.);
#1148=VECTOR('',#4071,10.);
#1149=VECTOR('',#4074,10.);
#1150=VECTOR('',#4077,10.);
#1151=VECTOR('',#4080,10.);
#1152=VECTOR('',#4081,10.);
#1153=VECTOR('',#4082,10.);
#1154=VECTOR('',#4083,10.);
#1155=VECTOR('',#4090,10.);
#1156=VECTOR('',#4093,10.);
#1157=VECTOR('',#4094,10.);
#1158=VECTOR('',#4103,10.);
#1159=VECTOR('',#4108,10.);
#1160=VECTOR('',#4109,10.);
#1161=VECTOR('',#4110,10.);
#1162=VECTOR('',#4111,10.);
#1163=VECTOR('',#4112,10.);
#1164=VECTOR('',#4121,10.);
#1165=VECTOR('',#4126,10.);
#1166=VECTOR('',#4127,10.);
#1167=VECTOR('',#4128,10.);
#1168=VECTOR('',#4131,10.);
#1169=VECTOR('',#4132,10.);
#1170=VECTOR('',#4133,10.);
#1171=VECTOR('',#4138,10.);
#1172=VECTOR('',#4141,10.);
#1173=VECTOR('',#4142,10.);
#1174=VECTOR('',#4145,10.);
#1175=VECTOR('',#4146,10.);
#1176=VECTOR('',#4147,10.);
#1177=VECTOR('',#4148,10.);
#1178=VECTOR('',#4149,10.);
#1179=VECTOR('',#4150,10.);
#1180=VECTOR('',#4153,10.);
#1181=VECTOR('',#4156,10.);
#1182=VECTOR('',#4159,10.);
#1183=VECTOR('',#4162,10.);
#1184=VECTOR('',#4165,10.);
#1185=VECTOR('',#4168,10.);
#1186=VECTOR('',#4171,10.);
#1187=VECTOR('',#4174,10.);
#1188=VECTOR('',#4177,10.);
#1189=VECTOR('',#4180,10.);
#1190=VECTOR('',#4183,10.);
#1191=VECTOR('',#4186,10.);
#1192=VECTOR('',#4189,10.);
#1193=VECTOR('',#4192,10.);
#1194=VECTOR('',#4193,10.);
#1195=VECTOR('',#4196,10.);
#1196=VECTOR('',#4199,10.);
#1197=VECTOR('',#4200,10.);
#1198=VECTOR('',#4207,1.05);
#1199=VECTOR('',#4216,1.05);
#1200=VECTOR('',#4225,1.05);
#1201=VECTOR('',#4234,1.05);
#1202=VECTOR('',#4241,10.);
#1203=VECTOR('',#4242,10.);
#1204=VECTOR('',#4243,10.);
#1205=VECTOR('',#4244,10.);
#1206=VECTOR('',#4245,10.);
#1207=VECTOR('',#4248,10.);
#1208=VECTOR('',#4249,10.);
#1209=VECTOR('',#4250,10.);
#1210=VECTOR('',#4251,10.);
#1211=VECTOR('',#4256,10.);
#1212=VECTOR('',#4259,10.);
#1213=VECTOR('',#4260,10.);
#1214=VECTOR('',#4263,10.);
#1215=VECTOR('',#4264,10.);
#1216=VECTOR('',#4267,10.);
#1217=VECTOR('',#4270,10.);
#1218=VECTOR('',#4277,10.);
#1219=VECTOR('',#4280,10.);
#1220=VECTOR('',#4283,10.);
#1221=VECTOR('',#4286,10.);
#1222=VECTOR('',#4291,10.);
#1223=VECTOR('',#4294,10.);
#1224=VERTEX_POINT('',#4303);
#1225=VERTEX_POINT('',#4304);
#1226=VERTEX_POINT('',#4306);
#1227=VERTEX_POINT('',#4308);
#1228=VERTEX_POINT('',#4312);
#1229=VERTEX_POINT('',#4314);
#1230=VERTEX_POINT('',#4318);
#1231=VERTEX_POINT('',#4319);
#1232=VERTEX_POINT('',#4324);
#1233=VERTEX_POINT('',#4326);
#1234=VERTEX_POINT('',#4330);
#1235=VERTEX_POINT('',#4331);
#1236=VERTEX_POINT('',#4336);
#1237=VERTEX_POINT('',#4338);
#1238=VERTEX_POINT('',#4342);
#1239=VERTEX_POINT('',#4343);
#1240=VERTEX_POINT('',#4351);
#1241=VERTEX_POINT('',#4353);
#1242=VERTEX_POINT('',#4357);
#1243=VERTEX_POINT('',#4361);
#1244=VERTEX_POINT('',#4365);
#1245=VERTEX_POINT('',#4367);
#1246=VERTEX_POINT('',#4369);
#1247=VERTEX_POINT('',#4374);
#1248=VERTEX_POINT('',#4375);
#1249=VERTEX_POINT('',#4377);
#1250=VERTEX_POINT('',#4379);
#1251=VERTEX_POINT('',#4383);
#1252=VERTEX_POINT('',#4384);
#1253=VERTEX_POINT('',#4389);
#1254=VERTEX_POINT('',#4390);
#1255=VERTEX_POINT('',#4395);
#1256=VERTEX_POINT('',#4397);
#1257=VERTEX_POINT('',#4401);
#1258=VERTEX_POINT('',#4406);
#1259=VERTEX_POINT('',#4410);
#1260=VERTEX_POINT('',#4414);
#1261=VERTEX_POINT('',#4418);
#1262=VERTEX_POINT('',#4422);
#1263=VERTEX_POINT('',#4424);
#1264=VERTEX_POINT('',#4428);
#1265=VERTEX_POINT('',#4430);
#1266=VERTEX_POINT('',#4441);
#1267=VERTEX_POINT('',#4443);
#1268=VERTEX_POINT('',#4446);
#1269=VERTEX_POINT('',#4447);
#1270=VERTEX_POINT('',#4449);
#1271=VERTEX_POINT('',#4451);
#1272=VERTEX_POINT('',#4453);
#1273=VERTEX_POINT('',#4455);
#1274=VERTEX_POINT('',#4457);
#1275=VERTEX_POINT('',#4459);
#1276=VERTEX_POINT('',#4462);
#1277=VERTEX_POINT('',#4463);
#1278=VERTEX_POINT('',#4468);
#1279=VERTEX_POINT('',#4473);
#1280=VERTEX_POINT('',#4483);
#1281=VERTEX_POINT('',#4485);
#1282=VERTEX_POINT('',#4487);
#1283=VERTEX_POINT('',#4489);
#1284=VERTEX_POINT('',#4499);
#1285=VERTEX_POINT('',#4504);
#1286=VERTEX_POINT('',#4509);
#1287=VERTEX_POINT('',#4511);
#1288=VERTEX_POINT('',#4513);
#1289=VERTEX_POINT('',#4515);
#1290=VERTEX_POINT('',#4520);
#1291=VERTEX_POINT('',#4525);
#1292=VERTEX_POINT('',#4535);
#1293=VERTEX_POINT('',#4537);
#1294=VERTEX_POINT('',#4539);
#1295=VERTEX_POINT('',#4541);
#1296=VERTEX_POINT('',#4551);
#1297=VERTEX_POINT('',#4556);
#1298=VERTEX_POINT('',#4561);
#1299=VERTEX_POINT('',#4563);
#1300=VERTEX_POINT('',#4567);
#1301=VERTEX_POINT('',#4571);
#1302=VERTEX_POINT('',#4572);
#1303=VERTEX_POINT('',#4574);
#1304=VERTEX_POINT('',#4576);
#1305=VERTEX_POINT('',#4578);
#1306=VERTEX_POINT('',#4580);
#1307=VERTEX_POINT('',#4582);
#1308=VERTEX_POINT('',#4584);
#1309=VERTEX_POINT('',#4586);
#1310=VERTEX_POINT('',#4588);
#1311=VERTEX_POINT('',#4590);
#1312=VERTEX_POINT('',#4592);
#1313=VERTEX_POINT('',#4594);
#1314=VERTEX_POINT('',#4596);
#1315=VERTEX_POINT('',#4598);
#1316=VERTEX_POINT('',#4600);
#1317=VERTEX_POINT('',#4602);
#1318=VERTEX_POINT('',#4604);
#1319=VERTEX_POINT('',#4606);
#1320=VERTEX_POINT('',#4608);
#1321=VERTEX_POINT('',#4610);
#1322=VERTEX_POINT('',#4612);
#1323=VERTEX_POINT('',#4614);
#1324=VERTEX_POINT('',#4616);
#1325=VERTEX_POINT('',#4618);
#1326=VERTEX_POINT('',#4620);
#1327=VERTEX_POINT('',#4623);
#1328=VERTEX_POINT('',#4625);
#1329=VERTEX_POINT('',#4627);
#1330=VERTEX_POINT('',#4630);
#1331=VERTEX_POINT('',#4631);
#1332=VERTEX_POINT('',#4633);
#1333=VERTEX_POINT('',#4635);
#1334=VERTEX_POINT('',#4639);
#1335=VERTEX_POINT('',#4640);
#1336=VERTEX_POINT('',#4645);
#1337=VERTEX_POINT('',#4646);
#1338=VERTEX_POINT('',#4651);
#1339=VERTEX_POINT('',#4652);
#1340=VERTEX_POINT('',#4654);
#1341=VERTEX_POINT('',#4656);
#1342=VERTEX_POINT('',#4660);
#1343=VERTEX_POINT('',#4661);
#1344=VERTEX_POINT('',#4666);
#1345=VERTEX_POINT('',#4667);
#1346=VERTEX_POINT('',#4675);
#1347=VERTEX_POINT('',#4682);
#1348=VERTEX_POINT('',#4686);
#1349=VERTEX_POINT('',#4693);
#1350=VERTEX_POINT('',#4700);
#1351=VERTEX_POINT('',#4702);
#1352=VERTEX_POINT('',#4706);
#1353=VERTEX_POINT('',#4710);
#1354=VERTEX_POINT('',#4717);
#1355=VERTEX_POINT('',#4721);
#1356=VERTEX_POINT('',#4725);
#1357=VERTEX_POINT('',#4729);
#1358=VERTEX_POINT('',#4767);
#1359=VERTEX_POINT('',#4769);
#1360=VERTEX_POINT('',#4795);
#1361=VERTEX_POINT('',#4846);
#1362=VERTEX_POINT('',#4858);
#1363=VERTEX_POINT('',#4862);
#1364=VERTEX_POINT('',#4866);
#1365=VERTEX_POINT('',#4914);
#1366=VERTEX_POINT('',#4945);
#1367=VERTEX_POINT('',#4971);
#1368=VERTEX_POINT('',#4978);
#1369=VERTEX_POINT('',#4982);
#1370=VERTEX_POINT('',#4986);
#1371=VERTEX_POINT('',#5009);
#1372=VERTEX_POINT('',#5035);
#1373=VERTEX_POINT('',#5086);
#1374=VERTEX_POINT('',#5098);
#1375=VERTEX_POINT('',#5102);
#1376=VERTEX_POINT('',#5106);
#1377=VERTEX_POINT('',#5154);
#1378=VERTEX_POINT('',#5185);
#1379=VERTEX_POINT('',#5211);
#1380=VERTEX_POINT('',#5218);
#1381=VERTEX_POINT('',#5222);
#1382=VERTEX_POINT('',#5228);
#1383=VERTEX_POINT('',#5230);
#1384=VERTEX_POINT('',#5234);
#1385=VERTEX_POINT('',#5238);
#1386=VERTEX_POINT('',#5255);
#1387=VERTEX_POINT('',#5269);
#1388=VERTEX_POINT('',#5325);
#1389=VERTEX_POINT('',#5337);
#1390=VERTEX_POINT('',#5341);
#1391=VERTEX_POINT('',#5345);
#1392=VERTEX_POINT('',#5398);
#1393=VERTEX_POINT('',#5417);
#1394=VERTEX_POINT('',#5437);
#1395=VERTEX_POINT('',#5444);
#1396=VERTEX_POINT('',#5445);
#1397=VERTEX_POINT('',#5447);
#1398=VERTEX_POINT('',#5449);
#1399=VERTEX_POINT('',#5453);
#1400=VERTEX_POINT('',#5455);
#1401=VERTEX_POINT('',#5459);
#1402=VERTEX_POINT('',#5482);
#1403=VERTEX_POINT('',#5483);
#1404=VERTEX_POINT('',#5485);
#1405=VERTEX_POINT('',#5490);
#1406=VERTEX_POINT('',#5516);
#1407=VERTEX_POINT('',#5517);
#1408=VERTEX_POINT('',#5572);
#1409=VERTEX_POINT('',#5573);
#1410=VERTEX_POINT('',#5594);
#1411=VERTEX_POINT('',#5595);
#1412=VERTEX_POINT('',#5600);
#1413=VERTEX_POINT('',#5601);
#1414=VERTEX_POINT('',#5606);
#1415=VERTEX_POINT('',#5607);
#1416=VERTEX_POINT('',#5656);
#1417=VERTEX_POINT('',#5657);
#1418=VERTEX_POINT('',#5697);
#1419=VERTEX_POINT('',#5698);
#1420=VERTEX_POINT('',#5728);
#1421=VERTEX_POINT('',#5760);
#1422=VERTEX_POINT('',#5786);
#1423=VERTEX_POINT('',#5837);
#1424=VERTEX_POINT('',#5849);
#1425=VERTEX_POINT('',#5853);
#1426=VERTEX_POINT('',#5857);
#1427=VERTEX_POINT('',#5905);
#1428=VERTEX_POINT('',#5936);
#1429=VERTEX_POINT('',#5962);
#1430=VERTEX_POINT('',#6131);
#1431=VERTEX_POINT('',#6133);
#1432=VERTEX_POINT('',#6135);
#1433=VERTEX_POINT('',#6137);
#1434=VERTEX_POINT('',#6140);
#1435=VERTEX_POINT('',#6149);
#1436=VERTEX_POINT('',#6154);
#1437=VERTEX_POINT('',#6159);
#1438=VERTEX_POINT('',#6164);
#1439=VERTEX_POINT('',#6165);
#1440=VERTEX_POINT('',#6172);
#1441=VERTEX_POINT('',#6174);
#1442=VERTEX_POINT('',#6178);
#1443=VERTEX_POINT('',#6180);
#1444=VERTEX_POINT('',#6182);
#1445=VERTEX_POINT('',#6186);
#1446=VERTEX_POINT('',#6188);
#1447=VERTEX_POINT('',#6197);
#1448=VERTEX_POINT('',#6199);
#1449=VERTEX_POINT('',#6203);
#1450=VERTEX_POINT('',#6205);
#1451=VERTEX_POINT('',#6207);
#1452=VERTEX_POINT('',#6218);
#1453=VERTEX_POINT('',#6219);
#1454=VERTEX_POINT('',#6224);
#1455=VERTEX_POINT('',#6225);
#1456=VERTEX_POINT('',#6230);
#1457=VERTEX_POINT('',#6234);
#1458=VERTEX_POINT('',#6238);
#1459=VERTEX_POINT('',#6240);
#1460=VERTEX_POINT('',#6242);
#1461=VERTEX_POINT('',#6244);
#1462=VERTEX_POINT('',#6246);
#1463=VERTEX_POINT('',#6248);
#1464=VERTEX_POINT('',#6250);
#1465=VERTEX_POINT('',#6252);
#1466=VERTEX_POINT('',#6257);
#1467=VERTEX_POINT('',#6259);
#1468=VERTEX_POINT('',#6263);
#1469=VERTEX_POINT('',#6265);
#1470=VERTEX_POINT('',#6269);
#1471=VERTEX_POINT('',#6271);
#1472=VERTEX_POINT('',#6275);
#1473=VERTEX_POINT('',#6277);
#1474=VERTEX_POINT('',#6281);
#1475=VERTEX_POINT('',#6283);
#1476=VERTEX_POINT('',#6289);
#1477=VERTEX_POINT('',#6295);
#1478=VERTEX_POINT('',#6300);
#1479=VERTEX_POINT('',#6302);
#1480=VERTEX_POINT('',#6307);
#1481=VERTEX_POINT('',#6309);
#1482=VERTEX_POINT('',#6314);
#1483=VERTEX_POINT('',#6316);
#1484=VERTEX_POINT('',#6321);
#1485=VERTEX_POINT('',#6323);
#1486=VERTEX_POINT('',#6328);
#1487=VERTEX_POINT('',#6330);
#1488=VERTEX_POINT('',#6336);
#1489=VERTEX_POINT('',#6337);
#1490=VERTEX_POINT('',#6339);
#1491=VERTEX_POINT('',#6341);
#1492=VERTEX_POINT('',#6345);
#1493=VERTEX_POINT('',#6347);
#1494=VERTEX_POINT('',#6349);
#1495=VERTEX_POINT('',#6351);
#1496=EDGE_CURVE('',#1224,#1225,#746,.T.);
#1497=EDGE_CURVE('',#1225,#1226,#747,.T.);
#1498=EDGE_CURVE('',#1226,#1227,#748,.T.);
#1499=EDGE_CURVE('',#1227,#1224,#749,.T.);
#1500=EDGE_CURVE('',#1224,#1228,#188,.T.);
#1501=EDGE_CURVE('',#1228,#1229,#750,.T.);
#1502=EDGE_CURVE('',#1229,#1225,#189,.T.);
#1503=EDGE_CURVE('',#1230,#1231,#751,.T.);
#1504=EDGE_CURVE('',#1231,#1229,#752,.T.);
#1505=EDGE_CURVE('',#1228,#1230,#753,.T.);
#1506=EDGE_CURVE('',#1230,#1232,#190,.T.);
#1507=EDGE_CURVE('',#1232,#1233,#754,.T.);
#1508=EDGE_CURVE('',#1233,#1231,#191,.T.);
#1509=EDGE_CURVE('',#1234,#1235,#755,.T.);
#1510=EDGE_CURVE('',#1235,#1233,#756,.T.);
#1511=EDGE_CURVE('',#1232,#1234,#757,.T.);
#1512=EDGE_CURVE('',#1234,#1236,#192,.T.);
#1513=EDGE_CURVE('',#1236,#1237,#758,.T.);
#1514=EDGE_CURVE('',#1237,#1235,#193,.T.);
#1515=EDGE_CURVE('',#1238,#1239,#759,.T.);
#1516=EDGE_CURVE('',#1239,#1237,#760,.T.);
#1517=EDGE_CURVE('',#1236,#1238,#761,.T.);
#1518=EDGE_CURVE('',#1238,#1227,#194,.T.);
#1519=EDGE_CURVE('',#1226,#1239,#195,.T.);
#1520=EDGE_CURVE('',#1230,#1240,#762,.T.);
#1521=EDGE_CURVE('',#1241,#1240,#196,.T.);
#1522=EDGE_CURVE('',#1241,#1232,#763,.T.);
#1523=EDGE_CURVE('',#1242,#1228,#764,.T.);
#1524=EDGE_CURVE('',#1240,#1242,#765,.T.);
#1525=EDGE_CURVE('',#1224,#1243,#766,.T.);
#1526=EDGE_CURVE('',#1242,#1243,#197,.T.);
#1527=EDGE_CURVE('',#1244,#1227,#767,.T.);
#1528=EDGE_CURVE('',#1245,#1244,#768,.T.);
#1529=EDGE_CURVE('',#1246,#1245,#769,.T.);
#1530=EDGE_CURVE('',#1243,#1246,#770,.T.);
#1531=EDGE_CURVE('',#1247,#1248,#771,.T.);
#1532=EDGE_CURVE('',#1248,#1249,#198,.T.);
#1533=EDGE_CURVE('',#1249,#1250,#772,.T.);
#1534=EDGE_CURVE('',#1250,#1247,#199,.T.);
#1535=EDGE_CURVE('',#1251,#1252,#773,.T.);
#1536=EDGE_CURVE('',#1252,#1248,#774,.T.);
#1537=EDGE_CURVE('',#1247,#1251,#775,.T.);
#1538=EDGE_CURVE('',#1253,#1254,#776,.T.);
#1539=EDGE_CURVE('',#1254,#1252,#200,.T.);
#1540=EDGE_CURVE('',#1251,#1253,#201,.T.);
#1541=EDGE_CURVE('',#1253,#1255,#777,.T.);
#1542=EDGE_CURVE('',#1255,#1256,#778,.T.);
#1543=EDGE_CURVE('',#1256,#1254,#779,.T.);
#1544=EDGE_CURVE('',#1257,#1246,#780,.T.);
#1545=EDGE_CURVE('',#1246,#1256,#202,.T.);
#1546=EDGE_CURVE('',#1255,#1257,#203,.T.);
#1547=EDGE_CURVE('',#1257,#1258,#781,.T.);
#1548=EDGE_CURVE('',#1258,#1243,#782,.T.);
#1549=EDGE_CURVE('',#1258,#1259,#204,.T.);
#1550=EDGE_CURVE('',#1259,#1242,#783,.T.);
#1551=EDGE_CURVE('',#1259,#1260,#784,.T.);
#1552=EDGE_CURVE('',#1260,#1240,#785,.T.);
#1553=EDGE_CURVE('',#1260,#1261,#205,.T.);
#1554=EDGE_CURVE('',#1261,#1241,#786,.T.);
#1555=EDGE_CURVE('',#1261,#1262,#787,.T.);
#1556=EDGE_CURVE('',#1262,#1263,#788,.T.);
#1557=EDGE_CURVE('',#1263,#1241,#789,.T.);
#1558=EDGE_CURVE('',#1262,#1264,#206,.T.);
#1559=EDGE_CURVE('',#1264,#1265,#790,.T.);
#1560=EDGE_CURVE('',#1265,#1263,#207,.T.);
#1561=EDGE_CURVE('',#1264,#1250,#791,.T.);
#1562=EDGE_CURVE('',#1249,#1265,#792,.T.);
#1563=EDGE_CURVE('',#1234,#1263,#793,.T.);
#1564=EDGE_CURVE('',#1265,#1236,#794,.T.);
#1565=EDGE_CURVE('',#1266,#1249,#795,.T.);
#1566=EDGE_CURVE('',#1267,#1266,#796,.T.);
#1567=EDGE_CURVE('',#1238,#1267,#797,.T.);
#1568=EDGE_CURVE('',#1268,#1269,#208,.T.);
#1569=EDGE_CURVE('',#1270,#1268,#798,.T.);
#1570=EDGE_CURVE('',#1271,#1270,#209,.T.);
#1571=EDGE_CURVE('',#1272,#1271,#799,.T.);
#1572=EDGE_CURVE('',#1273,#1272,#210,.T.);
#1573=EDGE_CURVE('',#1274,#1273,#800,.T.);
#1574=EDGE_CURVE('',#1275,#1274,#211,.T.);
#1575=EDGE_CURVE('',#1269,#1275,#801,.T.);
#1576=EDGE_CURVE('',#1276,#1277,#69,.T.);
#1577=EDGE_CURVE('',#1278,#1276,#70,.T.);
#1578=EDGE_CURVE('',#1279,#1278,#71,.T.);
#1579=EDGE_CURVE('',#1280,#1279,#212,.T.);
#1580=EDGE_CURVE('',#1281,#1280,#802,.T.);
#1581=EDGE_CURVE('',#1282,#1281,#213,.T.);
#1582=EDGE_CURVE('',#1283,#1282,#72,.T.);
#1583=EDGE_CURVE('',#1284,#1283,#73,.T.);
#1584=EDGE_CURVE('',#1285,#1284,#74,.T.);
#1585=EDGE_CURVE('',#1286,#1285,#803,.T.);
#1586=EDGE_CURVE('',#1287,#1286,#804,.T.);
#1587=EDGE_CURVE('',#1288,#1287,#805,.T.);
#1588=EDGE_CURVE('',#1289,#1288,#75,.T.);
#1589=EDGE_CURVE('',#1290,#1289,#76,.T.);
#1590=EDGE_CURVE('',#1291,#1290,#77,.T.);
#1591=EDGE_CURVE('',#1292,#1291,#214,.T.);
#1592=EDGE_CURVE('',#1293,#1292,#806,.T.);
#1593=EDGE_CURVE('',#1294,#1293,#215,.T.);
#1594=EDGE_CURVE('',#1295,#1294,#78,.T.);
#1595=EDGE_CURVE('',#1296,#1295,#79,.T.);
#1596=EDGE_CURVE('',#1297,#1296,#80,.T.);
#1597=EDGE_CURVE('',#1298,#1297,#807,.T.);
#1598=EDGE_CURVE('',#1299,#1298,#808,.T.);
#1599=EDGE_CURVE('',#1277,#1299,#809,.T.);
#1600=EDGE_CURVE('',#1248,#1300,#810,.T.);
#1601=EDGE_CURVE('',#1300,#1266,#216,.F.);
#1602=EDGE_CURVE('',#1301,#1302,#217,.T.);
#1603=EDGE_CURVE('',#1301,#1303,#811,.T.);
#1604=EDGE_CURVE('',#1303,#1304,#812,.T.);
#1605=EDGE_CURVE('',#1304,#1305,#813,.T.);
#1606=EDGE_CURVE('',#1305,#1306,#814,.T.);
#1607=EDGE_CURVE('',#1306,#1307,#218,.T.);
#1608=EDGE_CURVE('',#1307,#1308,#815,.T.);
#1609=EDGE_CURVE('',#1308,#1309,#816,.T.);
#1610=EDGE_CURVE('',#1309,#1310,#817,.T.);
#1611=EDGE_CURVE('',#1310,#1311,#219,.T.);
#1612=EDGE_CURVE('',#1311,#1312,#818,.T.);
#1613=EDGE_CURVE('',#1312,#1313,#220,.T.);
#1614=EDGE_CURVE('',#1313,#1314,#819,.T.);
#1615=EDGE_CURVE('',#1314,#1315,#221,.T.);
#1616=EDGE_CURVE('',#1315,#1316,#820,.T.);
#1617=EDGE_CURVE('',#1316,#1317,#821,.T.);
#1618=EDGE_CURVE('',#1317,#1318,#222,.T.);
#1619=EDGE_CURVE('',#1318,#1319,#822,.T.);
#1620=EDGE_CURVE('',#1319,#1320,#223,.T.);
#1621=EDGE_CURVE('',#1320,#1321,#823,.T.);
#1622=EDGE_CURVE('',#1321,#1322,#824,.T.);
#1623=EDGE_CURVE('',#1322,#1323,#825,.T.);
#1624=EDGE_CURVE('',#1323,#1324,#826,.T.);
#1625=EDGE_CURVE('',#1324,#1325,#224,.T.);
#1626=EDGE_CURVE('',#1325,#1326,#827,.T.);
#1627=EDGE_CURVE('',#1326,#1302,#828,.T.);
#1628=EDGE_CURVE('',#1327,#1327,#225,.T.);
#1629=EDGE_CURVE('',#1328,#1328,#226,.T.);
#1630=EDGE_CURVE('',#1329,#1329,#227,.T.);
#1631=EDGE_CURVE('',#1330,#1331,#228,.T.);
#1632=EDGE_CURVE('',#1331,#1332,#229,.T.);
#1633=EDGE_CURVE('',#1332,#1333,#230,.T.);
#1634=EDGE_CURVE('',#1333,#1330,#231,.T.);
#1635=EDGE_CURVE('',#1334,#1335,#232,.T.);
#1636=EDGE_CURVE('',#1335,#1333,#829,.T.);
#1637=EDGE_CURVE('',#1332,#1334,#830,.T.);
#1638=EDGE_CURVE('',#1336,#1337,#233,.T.);
#1639=EDGE_CURVE('',#1337,#1335,#234,.T.);
#1640=EDGE_CURVE('',#1334,#1336,#235,.T.);
#1641=EDGE_CURVE('',#1338,#1339,#236,.T.);
#1642=EDGE_CURVE('',#1339,#1340,#237,.T.);
#1643=EDGE_CURVE('',#1340,#1341,#238,.T.);
#1644=EDGE_CURVE('',#1341,#1338,#239,.T.);
#1645=EDGE_CURVE('',#1342,#1343,#240,.T.);
#1646=EDGE_CURVE('',#1343,#1341,#831,.T.);
#1647=EDGE_CURVE('',#1340,#1342,#832,.T.);
#1648=EDGE_CURVE('',#1344,#1345,#241,.T.);
#1649=EDGE_CURVE('',#1345,#1343,#242,.T.);
#1650=EDGE_CURVE('',#1342,#1344,#243,.T.);
#1651=EDGE_CURVE('',#1344,#1331,#833,.T.);
#1652=EDGE_CURVE('',#1330,#1345,#834,.T.);
#1653=EDGE_CURVE('',#1336,#1346,#81,.F.);
#1654=EDGE_CURVE('',#1346,#1347,#244,.T.);
#1655=EDGE_CURVE('',#1347,#1337,#245,.T.);
#1656=EDGE_CURVE('',#1348,#1339,#82,.F.);
#1657=EDGE_CURVE('',#1338,#1349,#246,.T.);
#1658=EDGE_CURVE('',#1349,#1348,#247,.T.);
#1659=EDGE_CURVE('',#1346,#1348,#835,.F.);
#1660=EDGE_CURVE('',#1349,#1347,#836,.T.);
#1661=EDGE_CURVE('',#1347,#1350,#837,.T.);
#1662=EDGE_CURVE('',#1351,#1350,#248,.T.);
#1663=EDGE_CURVE('',#1351,#1335,#838,.T.);
#1664=EDGE_CURVE('',#1352,#1349,#839,.T.);
#1665=EDGE_CURVE('',#1350,#1352,#840,.T.);
#1666=EDGE_CURVE('',#1341,#1353,#841,.T.);
#1667=EDGE_CURVE('',#1352,#1353,#249,.T.);
#1668=EDGE_CURVE('',#1350,#1268,#250,.T.);
#1669=EDGE_CURVE('',#1269,#1351,#251,.T.);
#1670=EDGE_CURVE('',#1275,#1354,#252,.T.);
#1671=EDGE_CURVE('',#1354,#1351,#842,.T.);
#1672=EDGE_CURVE('',#1274,#1355,#253,.T.);
#1673=EDGE_CURVE('',#1355,#1354,#254,.T.);
#1674=EDGE_CURVE('',#1273,#1356,#255,.T.);
#1675=EDGE_CURVE('',#1356,#1355,#843,.T.);
#1676=EDGE_CURVE('',#1272,#1357,#256,.T.);
#1677=EDGE_CURVE('',#1357,#1356,#257,.T.);
#1678=EDGE_CURVE('',#1271,#1353,#258,.T.);
#1679=EDGE_CURVE('',#1353,#1357,#844,.T.);
#1680=EDGE_CURVE('',#1270,#1352,#259,.T.);
#1681=EDGE_CURVE('',#1357,#1343,#845,.T.);
#1682=EDGE_CURVE('',#1333,#1354,#846,.T.);
#1683=EDGE_CURVE('',#1345,#1356,#847,.T.);
#1684=EDGE_CURVE('',#1355,#1330,#848,.T.);
#1685=EDGE_CURVE('',#1358,#1276,#260,.T.);
#1686=EDGE_CURVE('',#1277,#1359,#261,.T.);
#1687=EDGE_CURVE('',#1359,#1358,#83,.T.);
#1688=EDGE_CURVE('',#1360,#1278,#262,.T.);
#1689=EDGE_CURVE('',#1358,#1360,#84,.T.);
#1690=EDGE_CURVE('',#1361,#1279,#263,.T.);
#1691=EDGE_CURVE('',#1360,#1361,#85,.T.);
#1692=EDGE_CURVE('',#1362,#1280,#264,.T.);
#1693=EDGE_CURVE('',#1361,#1362,#265,.T.);
#1694=EDGE_CURVE('',#1363,#1281,#266,.T.);
#1695=EDGE_CURVE('',#1362,#1363,#849,.T.);
#1696=EDGE_CURVE('',#1364,#1282,#267,.T.);
#1697=EDGE_CURVE('',#1363,#1364,#268,.T.);
#1698=EDGE_CURVE('',#1365,#1283,#269,.T.);
#1699=EDGE_CURVE('',#1364,#1365,#86,.T.);
#1700=EDGE_CURVE('',#1366,#1284,#270,.T.);
#1701=EDGE_CURVE('',#1365,#1366,#87,.T.);
#1702=EDGE_CURVE('',#1367,#1285,#271,.T.);
#1703=EDGE_CURVE('',#1366,#1367,#88,.T.);
#1704=EDGE_CURVE('',#1368,#1286,#272,.T.);
#1705=EDGE_CURVE('',#1367,#1368,#850,.T.);
#1706=EDGE_CURVE('',#1369,#1287,#273,.T.);
#1707=EDGE_CURVE('',#1368,#1369,#851,.T.);
#1708=EDGE_CURVE('',#1369,#1370,#852,.T.);
#1709=EDGE_CURVE('',#1370,#1288,#274,.T.);
#1710=EDGE_CURVE('',#1371,#1289,#275,.T.);
#1711=EDGE_CURVE('',#1370,#1371,#89,.T.);
#1712=EDGE_CURVE('',#1372,#1290,#276,.T.);
#1713=EDGE_CURVE('',#1371,#1372,#90,.T.);
#1714=EDGE_CURVE('',#1373,#1291,#277,.T.);
#1715=EDGE_CURVE('',#1372,#1373,#91,.T.);
#1716=EDGE_CURVE('',#1374,#1292,#278,.T.);
#1717=EDGE_CURVE('',#1373,#1374,#279,.T.);
#1718=EDGE_CURVE('',#1375,#1293,#280,.T.);
#1719=EDGE_CURVE('',#1374,#1375,#853,.T.);
#1720=EDGE_CURVE('',#1376,#1294,#281,.T.);
#1721=EDGE_CURVE('',#1375,#1376,#282,.T.);
#1722=EDGE_CURVE('',#1377,#1295,#283,.T.);
#1723=EDGE_CURVE('',#1376,#1377,#92,.T.);
#1724=EDGE_CURVE('',#1378,#1296,#284,.T.);
#1725=EDGE_CURVE('',#1377,#1378,#93,.T.);
#1726=EDGE_CURVE('',#1379,#1297,#285,.T.);
#1727=EDGE_CURVE('',#1378,#1379,#94,.T.);
#1728=EDGE_CURVE('',#1380,#1298,#286,.T.);
#1729=EDGE_CURVE('',#1379,#1380,#854,.T.);
#1730=EDGE_CURVE('',#1381,#1299,#287,.T.);
#1731=EDGE_CURVE('',#1380,#1381,#855,.T.);
#1732=EDGE_CURVE('',#1381,#1359,#856,.T.);
#1733=EDGE_CURVE('',#1369,#1382,#857,.T.);
#1734=EDGE_CURVE('',#1383,#1382,#858,.T.);
#1735=EDGE_CURVE('',#1370,#1383,#859,.T.);
#1736=EDGE_CURVE('',#1368,#1384,#860,.T.);
#1737=EDGE_CURVE('',#1382,#1384,#861,.T.);
#1738=EDGE_CURVE('',#1367,#1385,#862,.T.);
#1739=EDGE_CURVE('',#1384,#1385,#863,.T.);
#1740=EDGE_CURVE('',#1366,#1386,#864,.T.);
#1741=EDGE_CURVE('',#1385,#1386,#95,.T.);
#1742=EDGE_CURVE('',#1365,#1387,#865,.T.);
#1743=EDGE_CURVE('',#1386,#1387,#96,.T.);
#1744=EDGE_CURVE('',#1364,#1388,#866,.T.);
#1745=EDGE_CURVE('',#1387,#1388,#97,.T.);
#1746=EDGE_CURVE('',#1363,#1389,#867,.T.);
#1747=EDGE_CURVE('',#1388,#1389,#288,.T.);
#1748=EDGE_CURVE('',#1362,#1390,#868,.T.);
#1749=EDGE_CURVE('',#1389,#1390,#869,.T.);
#1750=EDGE_CURVE('',#1361,#1391,#870,.T.);
#1751=EDGE_CURVE('',#1390,#1391,#289,.T.);
#1752=EDGE_CURVE('',#1360,#1392,#871,.T.);
#1753=EDGE_CURVE('',#1391,#1392,#98,.T.);
#1754=EDGE_CURVE('',#1358,#1393,#872,.T.);
#1755=EDGE_CURVE('',#1392,#1393,#99,.T.);
#1756=EDGE_CURVE('',#1359,#1394,#873,.T.);
#1757=EDGE_CURVE('',#1393,#1394,#100,.T.);
#1758=EDGE_CURVE('',#1395,#1396,#290,.T.);
#1759=EDGE_CURVE('',#1395,#1397,#874,.T.);
#1760=EDGE_CURVE('',#1397,#1398,#291,.T.);
#1761=EDGE_CURVE('',#1398,#1396,#875,.T.);
#1762=EDGE_CURVE('',#1399,#1384,#292,.T.);
#1763=EDGE_CURVE('',#1385,#1400,#293,.T.);
#1764=EDGE_CURVE('',#1400,#1399,#876,.T.);
#1765=EDGE_CURVE('',#1399,#1401,#877,.T.);
#1766=EDGE_CURVE('',#1401,#1382,#294,.T.);
#1767=EDGE_CURVE('',#1402,#1403,#295,.T.);
#1768=EDGE_CURVE('',#1403,#1404,#101,.T.);
#1769=EDGE_CURVE('',#1404,#1405,#296,.T.);
#1770=EDGE_CURVE('',#1405,#1402,#102,.T.);
#1771=EDGE_CURVE('',#1406,#1407,#297,.T.);
#1772=EDGE_CURVE('',#1407,#1403,#103,.T.);
#1773=EDGE_CURVE('',#1402,#1406,#104,.T.);
#1774=EDGE_CURVE('',#1408,#1409,#298,.T.);
#1775=EDGE_CURVE('',#1409,#1407,#105,.T.);
#1776=EDGE_CURVE('',#1406,#1408,#106,.T.);
#1777=EDGE_CURVE('',#1410,#1411,#299,.T.);
#1778=EDGE_CURVE('',#1411,#1409,#300,.T.);
#1779=EDGE_CURVE('',#1408,#1410,#301,.T.);
#1780=EDGE_CURVE('',#1412,#1413,#302,.T.);
#1781=EDGE_CURVE('',#1413,#1411,#878,.T.);
#1782=EDGE_CURVE('',#1410,#1412,#879,.T.);
#1783=EDGE_CURVE('',#1414,#1415,#303,.T.);
#1784=EDGE_CURVE('',#1415,#1413,#304,.T.);
#1785=EDGE_CURVE('',#1412,#1414,#305,.T.);
#1786=EDGE_CURVE('',#1416,#1417,#306,.T.);
#1787=EDGE_CURVE('',#1417,#1415,#107,.T.);
#1788=EDGE_CURVE('',#1414,#1416,#108,.T.);
#1789=EDGE_CURVE('',#1418,#1419,#307,.T.);
#1790=EDGE_CURVE('',#1419,#1417,#109,.T.);
#1791=EDGE_CURVE('',#1416,#1418,#110,.T.);
#1792=EDGE_CURVE('',#1383,#1420,#308,.T.);
#1793=EDGE_CURVE('',#1420,#1419,#111,.T.);
#1794=EDGE_CURVE('',#1418,#1383,#112,.T.);
#1795=EDGE_CURVE('',#1401,#1420,#880,.T.);
#1796=EDGE_CURVE('',#1386,#1421,#309,.T.);
#1797=EDGE_CURVE('',#1421,#1400,#113,.T.);
#1798=EDGE_CURVE('',#1387,#1422,#310,.T.);
#1799=EDGE_CURVE('',#1422,#1421,#114,.T.);
#1800=EDGE_CURVE('',#1388,#1423,#311,.T.);
#1801=EDGE_CURVE('',#1423,#1422,#115,.T.);
#1802=EDGE_CURVE('',#1389,#1424,#312,.T.);
#1803=EDGE_CURVE('',#1424,#1423,#313,.T.);
#1804=EDGE_CURVE('',#1390,#1425,#314,.T.);
#1805=EDGE_CURVE('',#1425,#1424,#881,.T.);
#1806=EDGE_CURVE('',#1391,#1426,#315,.T.);
#1807=EDGE_CURVE('',#1426,#1425,#316,.T.);
#1808=EDGE_CURVE('',#1392,#1427,#317,.T.);
#1809=EDGE_CURVE('',#1427,#1426,#116,.T.);
#1810=EDGE_CURVE('',#1393,#1428,#318,.T.);
#1811=EDGE_CURVE('',#1428,#1427,#117,.T.);
#1812=EDGE_CURVE('',#1394,#1429,#319,.T.);
#1813=EDGE_CURVE('',#1429,#1428,#118,.T.);
#1814=EDGE_CURVE('',#1397,#1429,#882,.T.);
#1815=EDGE_CURVE('',#1394,#1398,#883,.T.);
#1816=EDGE_CURVE('',#1396,#1405,#884,.T.);
#1817=EDGE_CURVE('',#1404,#1395,#885,.T.);
#1818=EDGE_CURVE('',#1371,#1418,#886,.T.);
#1819=EDGE_CURVE('',#1372,#1416,#887,.T.);
#1820=EDGE_CURVE('',#1373,#1414,#888,.T.);
#1821=EDGE_CURVE('',#1374,#1412,#889,.T.);
#1822=EDGE_CURVE('',#1375,#1410,#890,.T.);
#1823=EDGE_CURVE('',#1376,#1408,#891,.T.);
#1824=EDGE_CURVE('',#1377,#1406,#892,.T.);
#1825=EDGE_CURVE('',#1378,#1402,#893,.T.);
#1826=EDGE_CURVE('',#1379,#1405,#894,.T.);
#1827=EDGE_CURVE('',#1430,#1339,#895,.T.);
#1828=EDGE_CURVE('',#1430,#1431,#896,.T.);
#1829=EDGE_CURVE('',#1432,#1431,#897,.T.);
#1830=EDGE_CURVE('',#1433,#1432,#898,.T.);
#1831=EDGE_CURVE('',#1433,#1326,#899,.T.);
#1832=EDGE_CURVE('',#1434,#1325,#900,.T.);
#1833=EDGE_CURVE('',#1336,#1434,#901,.T.);
#1834=EDGE_CURVE('',#1381,#1398,#902,.T.);
#1835=EDGE_CURVE('',#1380,#1396,#903,.T.);
#1836=EDGE_CURVE('',#1329,#1435,#904,.T.);
#1837=EDGE_CURVE('',#1435,#1435,#320,.T.);
#1838=EDGE_CURVE('',#1328,#1436,#905,.T.);
#1839=EDGE_CURVE('',#1436,#1436,#321,.T.);
#1840=EDGE_CURVE('',#1327,#1437,#906,.T.);
#1841=EDGE_CURVE('',#1437,#1437,#322,.T.);
#1842=EDGE_CURVE('',#1438,#1439,#323,.T.);
#1843=EDGE_CURVE('',#1439,#1301,#907,.T.);
#1844=EDGE_CURVE('',#1302,#1438,#908,.T.);
#1845=EDGE_CURVE('',#1438,#1433,#909,.T.);
#1846=EDGE_CURVE('',#1254,#1440,#910,.T.);
#1847=EDGE_CURVE('',#1440,#1441,#324,.T.);
#1848=EDGE_CURVE('',#1441,#1252,#911,.T.);
#1849=EDGE_CURVE('',#1442,#1256,#912,.T.);
#1850=EDGE_CURVE('',#1443,#1442,#913,.T.);
#1851=EDGE_CURVE('',#1444,#1443,#914,.T.);
#1852=EDGE_CURVE('',#1440,#1444,#915,.T.);
#1853=EDGE_CURVE('',#1445,#1433,#325,.F.);
#1854=EDGE_CURVE('',#1432,#1446,#326,.F.);
#1855=EDGE_CURVE('',#1446,#1445,#916,.T.);
#1856=EDGE_CURVE('',#1445,#1441,#917,.T.);
#1857=EDGE_CURVE('',#1300,#1446,#918,.T.);
#1858=EDGE_CURVE('',#1245,#1442,#327,.F.);
#1859=EDGE_CURVE('',#1443,#1447,#328,.F.);
#1860=EDGE_CURVE('',#1447,#1448,#919,.T.);
#1861=EDGE_CURVE('',#1448,#1444,#329,.F.);
#1862=EDGE_CURVE('',#1449,#1447,#920,.T.);
#1863=EDGE_CURVE('',#1450,#1449,#921,.T.);
#1864=EDGE_CURVE('',#1451,#1450,#922,.T.);
#1865=EDGE_CURVE('',#1451,#1304,#923,.T.);
#1866=EDGE_CURVE('',#1303,#1448,#924,.T.);
#1867=EDGE_CURVE('',#1431,#1449,#330,.T.);
#1868=EDGE_CURVE('',#1244,#1267,#331,.T.);
#1869=EDGE_CURVE('',#1448,#1439,#925,.T.);
#1870=EDGE_CURVE('',#1452,#1453,#926,.T.);
#1871=EDGE_CURVE('',#1452,#1324,#927,.T.);
#1872=EDGE_CURVE('',#1453,#1323,#928,.T.);
#1873=EDGE_CURVE('',#1454,#1455,#929,.T.);
#1874=EDGE_CURVE('',#1454,#1308,#930,.T.);
#1875=EDGE_CURVE('',#1455,#1307,#931,.T.);
#1876=EDGE_CURVE('',#1455,#1456,#332,.T.);
#1877=EDGE_CURVE('',#1456,#1306,#932,.T.);
#1878=EDGE_CURVE('',#1456,#1457,#933,.T.);
#1879=EDGE_CURVE('',#1457,#1305,#934,.T.);
#1880=EDGE_CURVE('',#1457,#1458,#935,.T.);
#1881=EDGE_CURVE('',#1458,#1459,#936,.T.);
#1882=EDGE_CURVE('',#1459,#1460,#937,.T.);
#1883=EDGE_CURVE('',#1460,#1461,#938,.T.);
#1884=EDGE_CURVE('',#1461,#1462,#939,.T.);
#1885=EDGE_CURVE('',#1462,#1463,#940,.T.);
#1886=EDGE_CURVE('',#1463,#1464,#333,.T.);
#1887=EDGE_CURVE('',#1464,#1465,#941,.T.);
#1888=EDGE_CURVE('',#1465,#1452,#334,.T.);
#1889=EDGE_CURVE('',#1453,#1454,#942,.T.);
#1890=EDGE_CURVE('',#1466,#1314,#943,.T.);
#1891=EDGE_CURVE('',#1466,#1467,#335,.T.);
#1892=EDGE_CURVE('',#1315,#1467,#944,.T.);
#1893=EDGE_CURVE('',#1468,#1312,#945,.T.);
#1894=EDGE_CURVE('',#1468,#1469,#336,.T.);
#1895=EDGE_CURVE('',#1313,#1469,#946,.T.);
#1896=EDGE_CURVE('',#1470,#1317,#947,.T.);
#1897=EDGE_CURVE('',#1470,#1471,#337,.T.);
#1898=EDGE_CURVE('',#1318,#1471,#948,.T.);
#1899=EDGE_CURVE('',#1472,#1310,#949,.T.);
#1900=EDGE_CURVE('',#1472,#1473,#338,.T.);
#1901=EDGE_CURVE('',#1311,#1473,#950,.T.);
#1902=EDGE_CURVE('',#1474,#1319,#951,.T.);
#1903=EDGE_CURVE('',#1474,#1475,#339,.T.);
#1904=EDGE_CURVE('',#1320,#1475,#952,.T.);
#1905=EDGE_CURVE('',#1466,#1469,#953,.T.);
#1906=EDGE_CURVE('',#1476,#1316,#954,.T.);
#1907=EDGE_CURVE('',#1470,#1476,#955,.T.);
#1908=EDGE_CURVE('',#1468,#1473,#956,.T.);
#1909=EDGE_CURVE('',#1477,#1309,#957,.T.);
#1910=EDGE_CURVE('',#1472,#1477,#958,.T.);
#1911=EDGE_CURVE('',#1478,#1478,#340,.T.);
#1912=EDGE_CURVE('',#1478,#1479,#959,.T.);
#1913=EDGE_CURVE('',#1479,#1479,#341,.T.);
#1914=EDGE_CURVE('',#1480,#1480,#342,.T.);
#1915=EDGE_CURVE('',#1480,#1481,#960,.T.);
#1916=EDGE_CURVE('',#1481,#1481,#343,.T.);
#1917=EDGE_CURVE('',#1482,#1482,#344,.T.);
#1918=EDGE_CURVE('',#1482,#1483,#961,.T.);
#1919=EDGE_CURVE('',#1483,#1483,#345,.T.);
#1920=EDGE_CURVE('',#1484,#1484,#346,.T.);
#1921=EDGE_CURVE('',#1484,#1485,#962,.T.);
#1922=EDGE_CURVE('',#1485,#1485,#347,.T.);
#1923=EDGE_CURVE('',#1477,#1486,#963,.T.);
#1924=EDGE_CURVE('',#1486,#1487,#964,.T.);
#1925=EDGE_CURVE('',#1487,#1475,#965,.T.);
#1926=EDGE_CURVE('',#1474,#1471,#966,.T.);
#1927=EDGE_CURVE('',#1476,#1467,#967,.T.);
#1928=EDGE_CURVE('',#1488,#1489,#968,.T.);
#1929=EDGE_CURVE('',#1489,#1490,#969,.T.);
#1930=EDGE_CURVE('',#1490,#1491,#970,.T.);
#1931=EDGE_CURVE('',#1491,#1451,#971,.T.);
#1932=EDGE_CURVE('',#1450,#1430,#348,.T.);
#1933=EDGE_CURVE('',#1434,#1492,#349,.T.);
#1934=EDGE_CURVE('',#1492,#1493,#972,.T.);
#1935=EDGE_CURVE('',#1493,#1494,#350,.T.);
#1936=EDGE_CURVE('',#1494,#1495,#973,.T.);
#1937=EDGE_CURVE('',#1495,#1488,#974,.T.);
#1938=EDGE_CURVE('',#1488,#1461,#975,.T.);
#1939=EDGE_CURVE('',#1489,#1460,#976,.T.);
#1940=EDGE_CURVE('',#1490,#1459,#977,.T.);
#1941=EDGE_CURVE('',#1491,#1458,#978,.T.);
#1942=EDGE_CURVE('',#1492,#1465,#979,.T.);
#1943=EDGE_CURVE('',#1493,#1464,#980,.T.);
#1944=EDGE_CURVE('',#1494,#1463,#981,.T.);
#1945=EDGE_CURVE('',#1495,#1462,#982,.T.);
#1946=EDGE_CURVE('',#1486,#1322,#983,.T.);
#1947=EDGE_CURVE('',#1487,#1321,#984,.T.);
#1948=ORIENTED_EDGE('',*,*,#1496,.T.);
#1949=ORIENTED_EDGE('',*,*,#1497,.T.);
#1950=ORIENTED_EDGE('',*,*,#1498,.T.);
#1951=ORIENTED_EDGE('',*,*,#1499,.T.);
#1952=ORIENTED_EDGE('',*,*,#1496,.F.);
#1953=ORIENTED_EDGE('',*,*,#1500,.T.);
#1954=ORIENTED_EDGE('',*,*,#1501,.T.);
#1955=ORIENTED_EDGE('',*,*,#1502,.T.);
#1956=ORIENTED_EDGE('',*,*,#1503,.T.);
#1957=ORIENTED_EDGE('',*,*,#1504,.T.);
#1958=ORIENTED_EDGE('',*,*,#1501,.F.);
#1959=ORIENTED_EDGE('',*,*,#1505,.T.);
#1960=ORIENTED_EDGE('',*,*,#1503,.F.);
#1961=ORIENTED_EDGE('',*,*,#1506,.T.);
#1962=ORIENTED_EDGE('',*,*,#1507,.T.);
#1963=ORIENTED_EDGE('',*,*,#1508,.T.);
#1964=ORIENTED_EDGE('',*,*,#1509,.T.);
#1965=ORIENTED_EDGE('',*,*,#1510,.T.);
#1966=ORIENTED_EDGE('',*,*,#1507,.F.);
#1967=ORIENTED_EDGE('',*,*,#1511,.T.);
#1968=ORIENTED_EDGE('',*,*,#1509,.F.);
#1969=ORIENTED_EDGE('',*,*,#1512,.T.);
#1970=ORIENTED_EDGE('',*,*,#1513,.T.);
#1971=ORIENTED_EDGE('',*,*,#1514,.T.);
#1972=ORIENTED_EDGE('',*,*,#1515,.T.);
#1973=ORIENTED_EDGE('',*,*,#1516,.T.);
#1974=ORIENTED_EDGE('',*,*,#1513,.F.);
#1975=ORIENTED_EDGE('',*,*,#1517,.T.);
#1976=ORIENTED_EDGE('',*,*,#1515,.F.);
#1977=ORIENTED_EDGE('',*,*,#1518,.T.);
#1978=ORIENTED_EDGE('',*,*,#1498,.F.);
#1979=ORIENTED_EDGE('',*,*,#1519,.T.);
#1980=ORIENTED_EDGE('',*,*,#1506,.F.);
#1981=ORIENTED_EDGE('',*,*,#1520,.T.);
#1982=ORIENTED_EDGE('',*,*,#1521,.F.);
#1983=ORIENTED_EDGE('',*,*,#1522,.T.);
#1984=ORIENTED_EDGE('',*,*,#1505,.F.);
#1985=ORIENTED_EDGE('',*,*,#1523,.F.);
#1986=ORIENTED_EDGE('',*,*,#1524,.F.);
#1987=ORIENTED_EDGE('',*,*,#1520,.F.);
#1988=ORIENTED_EDGE('',*,*,#1500,.F.);
#1989=ORIENTED_EDGE('',*,*,#1525,.T.);
#1990=ORIENTED_EDGE('',*,*,#1526,.F.);
#1991=ORIENTED_EDGE('',*,*,#1523,.T.);
#1992=ORIENTED_EDGE('',*,*,#1499,.F.);
#1993=ORIENTED_EDGE('',*,*,#1527,.F.);
#1994=ORIENTED_EDGE('',*,*,#1528,.F.);
#1995=ORIENTED_EDGE('',*,*,#1529,.F.);
#1996=ORIENTED_EDGE('',*,*,#1530,.F.);
#1997=ORIENTED_EDGE('',*,*,#1525,.F.);
#1998=ORIENTED_EDGE('',*,*,#1497,.F.);
#1999=ORIENTED_EDGE('',*,*,#1502,.F.);
#2000=ORIENTED_EDGE('',*,*,#1504,.F.);
#2001=ORIENTED_EDGE('',*,*,#1508,.F.);
#2002=ORIENTED_EDGE('',*,*,#1510,.F.);
#2003=ORIENTED_EDGE('',*,*,#1514,.F.);
#2004=ORIENTED_EDGE('',*,*,#1516,.F.);
#2005=ORIENTED_EDGE('',*,*,#1519,.F.);
#2006=ORIENTED_EDGE('',*,*,#1531,.T.);
#2007=ORIENTED_EDGE('',*,*,#1532,.T.);
#2008=ORIENTED_EDGE('',*,*,#1533,.T.);
#2009=ORIENTED_EDGE('',*,*,#1534,.T.);
#2010=ORIENTED_EDGE('',*,*,#1535,.T.);
#2011=ORIENTED_EDGE('',*,*,#1536,.T.);
#2012=ORIENTED_EDGE('',*,*,#1531,.F.);
#2013=ORIENTED_EDGE('',*,*,#1537,.T.);
#2014=ORIENTED_EDGE('',*,*,#1538,.T.);
#2015=ORIENTED_EDGE('',*,*,#1539,.T.);
#2016=ORIENTED_EDGE('',*,*,#1535,.F.);
#2017=ORIENTED_EDGE('',*,*,#1540,.T.);
#2018=ORIENTED_EDGE('',*,*,#1538,.F.);
#2019=ORIENTED_EDGE('',*,*,#1541,.T.);
#2020=ORIENTED_EDGE('',*,*,#1542,.T.);
#2021=ORIENTED_EDGE('',*,*,#1543,.T.);
#2022=ORIENTED_EDGE('',*,*,#1544,.T.);
#2023=ORIENTED_EDGE('',*,*,#1545,.T.);
#2024=ORIENTED_EDGE('',*,*,#1542,.F.);
#2025=ORIENTED_EDGE('',*,*,#1546,.T.);
#2026=ORIENTED_EDGE('',*,*,#1544,.F.);
#2027=ORIENTED_EDGE('',*,*,#1547,.T.);
#2028=ORIENTED_EDGE('',*,*,#1548,.T.);
#2029=ORIENTED_EDGE('',*,*,#1530,.T.);
#2030=ORIENTED_EDGE('',*,*,#1548,.F.);
#2031=ORIENTED_EDGE('',*,*,#1549,.T.);
#2032=ORIENTED_EDGE('',*,*,#1550,.T.);
#2033=ORIENTED_EDGE('',*,*,#1526,.T.);
#2034=ORIENTED_EDGE('',*,*,#1550,.F.);
#2035=ORIENTED_EDGE('',*,*,#1551,.T.);
#2036=ORIENTED_EDGE('',*,*,#1552,.T.);
#2037=ORIENTED_EDGE('',*,*,#1524,.T.);
#2038=ORIENTED_EDGE('',*,*,#1552,.F.);
#2039=ORIENTED_EDGE('',*,*,#1553,.T.);
#2040=ORIENTED_EDGE('',*,*,#1554,.T.);
#2041=ORIENTED_EDGE('',*,*,#1521,.T.);
#2042=ORIENTED_EDGE('',*,*,#1554,.F.);
#2043=ORIENTED_EDGE('',*,*,#1555,.T.);
#2044=ORIENTED_EDGE('',*,*,#1556,.T.);
#2045=ORIENTED_EDGE('',*,*,#1557,.T.);
#2046=ORIENTED_EDGE('',*,*,#1556,.F.);
#2047=ORIENTED_EDGE('',*,*,#1558,.T.);
#2048=ORIENTED_EDGE('',*,*,#1559,.T.);
#2049=ORIENTED_EDGE('',*,*,#1560,.T.);
#2050=ORIENTED_EDGE('',*,*,#1559,.F.);
#2051=ORIENTED_EDGE('',*,*,#1561,.T.);
#2052=ORIENTED_EDGE('',*,*,#1533,.F.);
#2053=ORIENTED_EDGE('',*,*,#1562,.T.);
#2054=ORIENTED_EDGE('',*,*,#1511,.F.);
#2055=ORIENTED_EDGE('',*,*,#1522,.F.);
#2056=ORIENTED_EDGE('',*,*,#1557,.F.);
#2057=ORIENTED_EDGE('',*,*,#1563,.F.);
#2058=ORIENTED_EDGE('',*,*,#1512,.F.);
#2059=ORIENTED_EDGE('',*,*,#1563,.T.);
#2060=ORIENTED_EDGE('',*,*,#1560,.F.);
#2061=ORIENTED_EDGE('',*,*,#1564,.T.);
#2062=ORIENTED_EDGE('',*,*,#1517,.F.);
#2063=ORIENTED_EDGE('',*,*,#1564,.F.);
#2064=ORIENTED_EDGE('',*,*,#1562,.F.);
#2065=ORIENTED_EDGE('',*,*,#1565,.F.);
#2066=ORIENTED_EDGE('',*,*,#1566,.F.);
#2067=ORIENTED_EDGE('',*,*,#1567,.F.);
#2068=ORIENTED_EDGE('',*,*,#1568,.F.);
#2069=ORIENTED_EDGE('',*,*,#1569,.F.);
#2070=ORIENTED_EDGE('',*,*,#1570,.F.);
#2071=ORIENTED_EDGE('',*,*,#1571,.F.);
#2072=ORIENTED_EDGE('',*,*,#1572,.F.);
#2073=ORIENTED_EDGE('',*,*,#1573,.F.);
#2074=ORIENTED_EDGE('',*,*,#1574,.F.);
#2075=ORIENTED_EDGE('',*,*,#1575,.F.);
#2076=ORIENTED_EDGE('',*,*,#1576,.F.);
#2077=ORIENTED_EDGE('',*,*,#1577,.F.);
#2078=ORIENTED_EDGE('',*,*,#1578,.F.);
#2079=ORIENTED_EDGE('',*,*,#1579,.F.);
#2080=ORIENTED_EDGE('',*,*,#1580,.F.);
#2081=ORIENTED_EDGE('',*,*,#1581,.F.);
#2082=ORIENTED_EDGE('',*,*,#1582,.F.);
#2083=ORIENTED_EDGE('',*,*,#1583,.F.);
#2084=ORIENTED_EDGE('',*,*,#1584,.F.);
#2085=ORIENTED_EDGE('',*,*,#1585,.F.);
#2086=ORIENTED_EDGE('',*,*,#1586,.F.);
#2087=ORIENTED_EDGE('',*,*,#1587,.F.);
#2088=ORIENTED_EDGE('',*,*,#1588,.F.);
#2089=ORIENTED_EDGE('',*,*,#1589,.F.);
#2090=ORIENTED_EDGE('',*,*,#1590,.F.);
#2091=ORIENTED_EDGE('',*,*,#1591,.F.);
#2092=ORIENTED_EDGE('',*,*,#1592,.F.);
#2093=ORIENTED_EDGE('',*,*,#1593,.F.);
#2094=ORIENTED_EDGE('',*,*,#1594,.F.);
#2095=ORIENTED_EDGE('',*,*,#1595,.F.);
#2096=ORIENTED_EDGE('',*,*,#1596,.F.);
#2097=ORIENTED_EDGE('',*,*,#1597,.F.);
#2098=ORIENTED_EDGE('',*,*,#1598,.F.);
#2099=ORIENTED_EDGE('',*,*,#1599,.F.);
#2100=ORIENTED_EDGE('',*,*,#1532,.F.);
#2101=ORIENTED_EDGE('',*,*,#1600,.T.);
#2102=ORIENTED_EDGE('',*,*,#1601,.T.);
#2103=ORIENTED_EDGE('',*,*,#1565,.T.);
#2104=ORIENTED_EDGE('',*,*,#1534,.F.);
#2105=ORIENTED_EDGE('',*,*,#1561,.F.);
#2106=ORIENTED_EDGE('',*,*,#1558,.F.);
#2107=ORIENTED_EDGE('',*,*,#1555,.F.);
#2108=ORIENTED_EDGE('',*,*,#1553,.F.);
#2109=ORIENTED_EDGE('',*,*,#1551,.F.);
#2110=ORIENTED_EDGE('',*,*,#1549,.F.);
#2111=ORIENTED_EDGE('',*,*,#1547,.F.);
#2112=ORIENTED_EDGE('',*,*,#1546,.F.);
#2113=ORIENTED_EDGE('',*,*,#1541,.F.);
#2114=ORIENTED_EDGE('',*,*,#1540,.F.);
#2115=ORIENTED_EDGE('',*,*,#1537,.F.);
#2116=ORIENTED_EDGE('',*,*,#1602,.F.);
#2117=ORIENTED_EDGE('',*,*,#1603,.T.);
#2118=ORIENTED_EDGE('',*,*,#1604,.T.);
#2119=ORIENTED_EDGE('',*,*,#1605,.T.);
#2120=ORIENTED_EDGE('',*,*,#1606,.T.);
#2121=ORIENTED_EDGE('',*,*,#1607,.T.);
#2122=ORIENTED_EDGE('',*,*,#1608,.T.);
#2123=ORIENTED_EDGE('',*,*,#1609,.T.);
#2124=ORIENTED_EDGE('',*,*,#1610,.T.);
#2125=ORIENTED_EDGE('',*,*,#1611,.T.);
#2126=ORIENTED_EDGE('',*,*,#1612,.T.);
#2127=ORIENTED_EDGE('',*,*,#1613,.T.);
#2128=ORIENTED_EDGE('',*,*,#1614,.T.);
#2129=ORIENTED_EDGE('',*,*,#1615,.T.);
#2130=ORIENTED_EDGE('',*,*,#1616,.T.);
#2131=ORIENTED_EDGE('',*,*,#1617,.T.);
#2132=ORIENTED_EDGE('',*,*,#1618,.T.);
#2133=ORIENTED_EDGE('',*,*,#1619,.T.);
#2134=ORIENTED_EDGE('',*,*,#1620,.T.);
#2135=ORIENTED_EDGE('',*,*,#1621,.T.);
#2136=ORIENTED_EDGE('',*,*,#1622,.T.);
#2137=ORIENTED_EDGE('',*,*,#1623,.T.);
#2138=ORIENTED_EDGE('',*,*,#1624,.T.);
#2139=ORIENTED_EDGE('',*,*,#1625,.T.);
#2140=ORIENTED_EDGE('',*,*,#1626,.T.);
#2141=ORIENTED_EDGE('',*,*,#1627,.T.);
#2142=ORIENTED_EDGE('',*,*,#1628,.T.);
#2143=ORIENTED_EDGE('',*,*,#1629,.T.);
#2144=ORIENTED_EDGE('',*,*,#1630,.T.);
#2145=ORIENTED_EDGE('',*,*,#1631,.T.);
#2146=ORIENTED_EDGE('',*,*,#1632,.T.);
#2147=ORIENTED_EDGE('',*,*,#1633,.T.);
#2148=ORIENTED_EDGE('',*,*,#1634,.T.);
#2149=ORIENTED_EDGE('',*,*,#1635,.T.);
#2150=ORIENTED_EDGE('',*,*,#1636,.T.);
#2151=ORIENTED_EDGE('',*,*,#1633,.F.);
#2152=ORIENTED_EDGE('',*,*,#1637,.T.);
#2153=ORIENTED_EDGE('',*,*,#1638,.T.);
#2154=ORIENTED_EDGE('',*,*,#1639,.T.);
#2155=ORIENTED_EDGE('',*,*,#1635,.F.);
#2156=ORIENTED_EDGE('',*,*,#1640,.T.);
#2157=ORIENTED_EDGE('',*,*,#1641,.T.);
#2158=ORIENTED_EDGE('',*,*,#1642,.T.);
#2159=ORIENTED_EDGE('',*,*,#1643,.T.);
#2160=ORIENTED_EDGE('',*,*,#1644,.T.);
#2161=ORIENTED_EDGE('',*,*,#1645,.T.);
#2162=ORIENTED_EDGE('',*,*,#1646,.T.);
#2163=ORIENTED_EDGE('',*,*,#1643,.F.);
#2164=ORIENTED_EDGE('',*,*,#1647,.T.);
#2165=ORIENTED_EDGE('',*,*,#1648,.T.);
#2166=ORIENTED_EDGE('',*,*,#1649,.T.);
#2167=ORIENTED_EDGE('',*,*,#1645,.F.);
#2168=ORIENTED_EDGE('',*,*,#1650,.T.);
#2169=ORIENTED_EDGE('',*,*,#1648,.F.);
#2170=ORIENTED_EDGE('',*,*,#1651,.T.);
#2171=ORIENTED_EDGE('',*,*,#1631,.F.);
#2172=ORIENTED_EDGE('',*,*,#1652,.T.);
#2173=ORIENTED_EDGE('',*,*,#1653,.T.);
#2174=ORIENTED_EDGE('',*,*,#1654,.T.);
#2175=ORIENTED_EDGE('',*,*,#1655,.T.);
#2176=ORIENTED_EDGE('',*,*,#1638,.F.);
#2177=ORIENTED_EDGE('',*,*,#1656,.T.);
#2178=ORIENTED_EDGE('',*,*,#1641,.F.);
#2179=ORIENTED_EDGE('',*,*,#1657,.T.);
#2180=ORIENTED_EDGE('',*,*,#1658,.T.);
#2181=ORIENTED_EDGE('',*,*,#1659,.T.);
#2182=ORIENTED_EDGE('',*,*,#1658,.F.);
#2183=ORIENTED_EDGE('',*,*,#1660,.T.);
#2184=ORIENTED_EDGE('',*,*,#1654,.F.);
#2185=ORIENTED_EDGE('',*,*,#1639,.F.);
#2186=ORIENTED_EDGE('',*,*,#1655,.F.);
#2187=ORIENTED_EDGE('',*,*,#1661,.T.);
#2188=ORIENTED_EDGE('',*,*,#1662,.F.);
#2189=ORIENTED_EDGE('',*,*,#1663,.T.);
#2190=ORIENTED_EDGE('',*,*,#1660,.F.);
#2191=ORIENTED_EDGE('',*,*,#1664,.F.);
#2192=ORIENTED_EDGE('',*,*,#1665,.F.);
#2193=ORIENTED_EDGE('',*,*,#1661,.F.);
#2194=ORIENTED_EDGE('',*,*,#1657,.F.);
#2195=ORIENTED_EDGE('',*,*,#1644,.F.);
#2196=ORIENTED_EDGE('',*,*,#1666,.T.);
#2197=ORIENTED_EDGE('',*,*,#1667,.F.);
#2198=ORIENTED_EDGE('',*,*,#1664,.T.);
#2199=ORIENTED_EDGE('',*,*,#1668,.T.);
#2200=ORIENTED_EDGE('',*,*,#1568,.T.);
#2201=ORIENTED_EDGE('',*,*,#1669,.T.);
#2202=ORIENTED_EDGE('',*,*,#1662,.T.);
#2203=ORIENTED_EDGE('',*,*,#1670,.T.);
#2204=ORIENTED_EDGE('',*,*,#1671,.T.);
#2205=ORIENTED_EDGE('',*,*,#1669,.F.);
#2206=ORIENTED_EDGE('',*,*,#1575,.T.);
#2207=ORIENTED_EDGE('',*,*,#1672,.T.);
#2208=ORIENTED_EDGE('',*,*,#1673,.T.);
#2209=ORIENTED_EDGE('',*,*,#1670,.F.);
#2210=ORIENTED_EDGE('',*,*,#1574,.T.);
#2211=ORIENTED_EDGE('',*,*,#1674,.T.);
#2212=ORIENTED_EDGE('',*,*,#1675,.T.);
#2213=ORIENTED_EDGE('',*,*,#1672,.F.);
#2214=ORIENTED_EDGE('',*,*,#1573,.T.);
#2215=ORIENTED_EDGE('',*,*,#1676,.T.);
#2216=ORIENTED_EDGE('',*,*,#1677,.T.);
#2217=ORIENTED_EDGE('',*,*,#1674,.F.);
#2218=ORIENTED_EDGE('',*,*,#1572,.T.);
#2219=ORIENTED_EDGE('',*,*,#1678,.T.);
#2220=ORIENTED_EDGE('',*,*,#1679,.T.);
#2221=ORIENTED_EDGE('',*,*,#1676,.F.);
#2222=ORIENTED_EDGE('',*,*,#1571,.T.);
#2223=ORIENTED_EDGE('',*,*,#1680,.T.);
#2224=ORIENTED_EDGE('',*,*,#1667,.T.);
#2225=ORIENTED_EDGE('',*,*,#1678,.F.);
#2226=ORIENTED_EDGE('',*,*,#1570,.T.);
#2227=ORIENTED_EDGE('',*,*,#1680,.F.);
#2228=ORIENTED_EDGE('',*,*,#1569,.T.);
#2229=ORIENTED_EDGE('',*,*,#1668,.F.);
#2230=ORIENTED_EDGE('',*,*,#1665,.T.);
#2231=ORIENTED_EDGE('',*,*,#1646,.F.);
#2232=ORIENTED_EDGE('',*,*,#1681,.F.);
#2233=ORIENTED_EDGE('',*,*,#1679,.F.);
#2234=ORIENTED_EDGE('',*,*,#1666,.F.);
#2235=ORIENTED_EDGE('',*,*,#1636,.F.);
#2236=ORIENTED_EDGE('',*,*,#1663,.F.);
#2237=ORIENTED_EDGE('',*,*,#1671,.F.);
#2238=ORIENTED_EDGE('',*,*,#1682,.F.);
#2239=ORIENTED_EDGE('',*,*,#1649,.F.);
#2240=ORIENTED_EDGE('',*,*,#1683,.T.);
#2241=ORIENTED_EDGE('',*,*,#1677,.F.);
#2242=ORIENTED_EDGE('',*,*,#1681,.T.);
#2243=ORIENTED_EDGE('',*,*,#1634,.F.);
#2244=ORIENTED_EDGE('',*,*,#1682,.T.);
#2245=ORIENTED_EDGE('',*,*,#1673,.F.);
#2246=ORIENTED_EDGE('',*,*,#1684,.T.);
#2247=ORIENTED_EDGE('',*,*,#1652,.F.);
#2248=ORIENTED_EDGE('',*,*,#1684,.F.);
#2249=ORIENTED_EDGE('',*,*,#1675,.F.);
#2250=ORIENTED_EDGE('',*,*,#1683,.F.);
#2251=ORIENTED_EDGE('',*,*,#1685,.T.);
#2252=ORIENTED_EDGE('',*,*,#1576,.T.);
#2253=ORIENTED_EDGE('',*,*,#1686,.T.);
#2254=ORIENTED_EDGE('',*,*,#1687,.T.);
#2255=ORIENTED_EDGE('',*,*,#1688,.T.);
#2256=ORIENTED_EDGE('',*,*,#1577,.T.);
#2257=ORIENTED_EDGE('',*,*,#1685,.F.);
#2258=ORIENTED_EDGE('',*,*,#1689,.T.);
#2259=ORIENTED_EDGE('',*,*,#1690,.T.);
#2260=ORIENTED_EDGE('',*,*,#1578,.T.);
#2261=ORIENTED_EDGE('',*,*,#1688,.F.);
#2262=ORIENTED_EDGE('',*,*,#1691,.T.);
#2263=ORIENTED_EDGE('',*,*,#1692,.T.);
#2264=ORIENTED_EDGE('',*,*,#1579,.T.);
#2265=ORIENTED_EDGE('',*,*,#1690,.F.);
#2266=ORIENTED_EDGE('',*,*,#1693,.T.);
#2267=ORIENTED_EDGE('',*,*,#1694,.T.);
#2268=ORIENTED_EDGE('',*,*,#1580,.T.);
#2269=ORIENTED_EDGE('',*,*,#1692,.F.);
#2270=ORIENTED_EDGE('',*,*,#1695,.T.);
#2271=ORIENTED_EDGE('',*,*,#1696,.T.);
#2272=ORIENTED_EDGE('',*,*,#1581,.T.);
#2273=ORIENTED_EDGE('',*,*,#1694,.F.);
#2274=ORIENTED_EDGE('',*,*,#1697,.T.);
#2275=ORIENTED_EDGE('',*,*,#1698,.T.);
#2276=ORIENTED_EDGE('',*,*,#1582,.T.);
#2277=ORIENTED_EDGE('',*,*,#1696,.F.);
#2278=ORIENTED_EDGE('',*,*,#1699,.T.);
#2279=ORIENTED_EDGE('',*,*,#1700,.T.);
#2280=ORIENTED_EDGE('',*,*,#1583,.T.);
#2281=ORIENTED_EDGE('',*,*,#1698,.F.);
#2282=ORIENTED_EDGE('',*,*,#1701,.T.);
#2283=ORIENTED_EDGE('',*,*,#1702,.T.);
#2284=ORIENTED_EDGE('',*,*,#1584,.T.);
#2285=ORIENTED_EDGE('',*,*,#1700,.F.);
#2286=ORIENTED_EDGE('',*,*,#1703,.T.);
#2287=ORIENTED_EDGE('',*,*,#1704,.T.);
#2288=ORIENTED_EDGE('',*,*,#1585,.T.);
#2289=ORIENTED_EDGE('',*,*,#1702,.F.);
#2290=ORIENTED_EDGE('',*,*,#1705,.T.);
#2291=ORIENTED_EDGE('',*,*,#1706,.T.);
#2292=ORIENTED_EDGE('',*,*,#1586,.T.);
#2293=ORIENTED_EDGE('',*,*,#1704,.F.);
#2294=ORIENTED_EDGE('',*,*,#1707,.T.);
#2295=ORIENTED_EDGE('',*,*,#1706,.F.);
#2296=ORIENTED_EDGE('',*,*,#1708,.T.);
#2297=ORIENTED_EDGE('',*,*,#1709,.T.);
#2298=ORIENTED_EDGE('',*,*,#1587,.T.);
#2299=ORIENTED_EDGE('',*,*,#1710,.T.);
#2300=ORIENTED_EDGE('',*,*,#1588,.T.);
#2301=ORIENTED_EDGE('',*,*,#1709,.F.);
#2302=ORIENTED_EDGE('',*,*,#1711,.T.);
#2303=ORIENTED_EDGE('',*,*,#1712,.T.);
#2304=ORIENTED_EDGE('',*,*,#1589,.T.);
#2305=ORIENTED_EDGE('',*,*,#1710,.F.);
#2306=ORIENTED_EDGE('',*,*,#1713,.T.);
#2307=ORIENTED_EDGE('',*,*,#1714,.T.);
#2308=ORIENTED_EDGE('',*,*,#1590,.T.);
#2309=ORIENTED_EDGE('',*,*,#1712,.F.);
#2310=ORIENTED_EDGE('',*,*,#1715,.T.);
#2311=ORIENTED_EDGE('',*,*,#1716,.T.);
#2312=ORIENTED_EDGE('',*,*,#1591,.T.);
#2313=ORIENTED_EDGE('',*,*,#1714,.F.);
#2314=ORIENTED_EDGE('',*,*,#1717,.T.);
#2315=ORIENTED_EDGE('',*,*,#1718,.T.);
#2316=ORIENTED_EDGE('',*,*,#1592,.T.);
#2317=ORIENTED_EDGE('',*,*,#1716,.F.);
#2318=ORIENTED_EDGE('',*,*,#1719,.T.);
#2319=ORIENTED_EDGE('',*,*,#1720,.T.);
#2320=ORIENTED_EDGE('',*,*,#1593,.T.);
#2321=ORIENTED_EDGE('',*,*,#1718,.F.);
#2322=ORIENTED_EDGE('',*,*,#1721,.T.);
#2323=ORIENTED_EDGE('',*,*,#1722,.T.);
#2324=ORIENTED_EDGE('',*,*,#1594,.T.);
#2325=ORIENTED_EDGE('',*,*,#1720,.F.);
#2326=ORIENTED_EDGE('',*,*,#1723,.T.);
#2327=ORIENTED_EDGE('',*,*,#1724,.T.);
#2328=ORIENTED_EDGE('',*,*,#1595,.T.);
#2329=ORIENTED_EDGE('',*,*,#1722,.F.);
#2330=ORIENTED_EDGE('',*,*,#1725,.T.);
#2331=ORIENTED_EDGE('',*,*,#1726,.T.);
#2332=ORIENTED_EDGE('',*,*,#1596,.T.);
#2333=ORIENTED_EDGE('',*,*,#1724,.F.);
#2334=ORIENTED_EDGE('',*,*,#1727,.T.);
#2335=ORIENTED_EDGE('',*,*,#1728,.T.);
#2336=ORIENTED_EDGE('',*,*,#1597,.T.);
#2337=ORIENTED_EDGE('',*,*,#1726,.F.);
#2338=ORIENTED_EDGE('',*,*,#1729,.T.);
#2339=ORIENTED_EDGE('',*,*,#1730,.T.);
#2340=ORIENTED_EDGE('',*,*,#1598,.T.);
#2341=ORIENTED_EDGE('',*,*,#1728,.F.);
#2342=ORIENTED_EDGE('',*,*,#1731,.T.);
#2343=ORIENTED_EDGE('',*,*,#1730,.F.);
#2344=ORIENTED_EDGE('',*,*,#1732,.T.);
#2345=ORIENTED_EDGE('',*,*,#1686,.F.);
#2346=ORIENTED_EDGE('',*,*,#1599,.T.);
#2347=ORIENTED_EDGE('',*,*,#1708,.F.);
#2348=ORIENTED_EDGE('',*,*,#1733,.T.);
#2349=ORIENTED_EDGE('',*,*,#1734,.F.);
#2350=ORIENTED_EDGE('',*,*,#1735,.F.);
#2351=ORIENTED_EDGE('',*,*,#1707,.F.);
#2352=ORIENTED_EDGE('',*,*,#1736,.T.);
#2353=ORIENTED_EDGE('',*,*,#1737,.F.);
#2354=ORIENTED_EDGE('',*,*,#1733,.F.);
#2355=ORIENTED_EDGE('',*,*,#1705,.F.);
#2356=ORIENTED_EDGE('',*,*,#1738,.T.);
#2357=ORIENTED_EDGE('',*,*,#1739,.F.);
#2358=ORIENTED_EDGE('',*,*,#1736,.F.);
#2359=ORIENTED_EDGE('',*,*,#1703,.F.);
#2360=ORIENTED_EDGE('',*,*,#1740,.T.);
#2361=ORIENTED_EDGE('',*,*,#1741,.F.);
#2362=ORIENTED_EDGE('',*,*,#1738,.F.);
#2363=ORIENTED_EDGE('',*,*,#1701,.F.);
#2364=ORIENTED_EDGE('',*,*,#1742,.T.);
#2365=ORIENTED_EDGE('',*,*,#1743,.F.);
#2366=ORIENTED_EDGE('',*,*,#1740,.F.);
#2367=ORIENTED_EDGE('',*,*,#1699,.F.);
#2368=ORIENTED_EDGE('',*,*,#1744,.T.);
#2369=ORIENTED_EDGE('',*,*,#1745,.F.);
#2370=ORIENTED_EDGE('',*,*,#1742,.F.);
#2371=ORIENTED_EDGE('',*,*,#1697,.F.);
#2372=ORIENTED_EDGE('',*,*,#1746,.T.);
#2373=ORIENTED_EDGE('',*,*,#1747,.F.);
#2374=ORIENTED_EDGE('',*,*,#1744,.F.);
#2375=ORIENTED_EDGE('',*,*,#1695,.F.);
#2376=ORIENTED_EDGE('',*,*,#1748,.T.);
#2377=ORIENTED_EDGE('',*,*,#1749,.F.);
#2378=ORIENTED_EDGE('',*,*,#1746,.F.);
#2379=ORIENTED_EDGE('',*,*,#1693,.F.);
#2380=ORIENTED_EDGE('',*,*,#1750,.T.);
#2381=ORIENTED_EDGE('',*,*,#1751,.F.);
#2382=ORIENTED_EDGE('',*,*,#1748,.F.);
#2383=ORIENTED_EDGE('',*,*,#1691,.F.);
#2384=ORIENTED_EDGE('',*,*,#1752,.T.);
#2385=ORIENTED_EDGE('',*,*,#1753,.F.);
#2386=ORIENTED_EDGE('',*,*,#1750,.F.);
#2387=ORIENTED_EDGE('',*,*,#1689,.F.);
#2388=ORIENTED_EDGE('',*,*,#1754,.T.);
#2389=ORIENTED_EDGE('',*,*,#1755,.F.);
#2390=ORIENTED_EDGE('',*,*,#1752,.F.);
#2391=ORIENTED_EDGE('',*,*,#1687,.F.);
#2392=ORIENTED_EDGE('',*,*,#1756,.T.);
#2393=ORIENTED_EDGE('',*,*,#1757,.F.);
#2394=ORIENTED_EDGE('',*,*,#1754,.F.);
#2395=ORIENTED_EDGE('',*,*,#1758,.F.);
#2396=ORIENTED_EDGE('',*,*,#1759,.T.);
#2397=ORIENTED_EDGE('',*,*,#1760,.T.);
#2398=ORIENTED_EDGE('',*,*,#1761,.T.);
#2399=ORIENTED_EDGE('',*,*,#1762,.T.);
#2400=ORIENTED_EDGE('',*,*,#1739,.T.);
#2401=ORIENTED_EDGE('',*,*,#1763,.T.);
#2402=ORIENTED_EDGE('',*,*,#1764,.T.);
#2403=ORIENTED_EDGE('',*,*,#1762,.F.);
#2404=ORIENTED_EDGE('',*,*,#1765,.T.);
#2405=ORIENTED_EDGE('',*,*,#1766,.T.);
#2406=ORIENTED_EDGE('',*,*,#1737,.T.);
#2407=ORIENTED_EDGE('',*,*,#1767,.T.);
#2408=ORIENTED_EDGE('',*,*,#1768,.T.);
#2409=ORIENTED_EDGE('',*,*,#1769,.T.);
#2410=ORIENTED_EDGE('',*,*,#1770,.T.);
#2411=ORIENTED_EDGE('',*,*,#1771,.T.);
#2412=ORIENTED_EDGE('',*,*,#1772,.T.);
#2413=ORIENTED_EDGE('',*,*,#1767,.F.);
#2414=ORIENTED_EDGE('',*,*,#1773,.T.);
#2415=ORIENTED_EDGE('',*,*,#1774,.T.);
#2416=ORIENTED_EDGE('',*,*,#1775,.T.);
#2417=ORIENTED_EDGE('',*,*,#1771,.F.);
#2418=ORIENTED_EDGE('',*,*,#1776,.T.);
#2419=ORIENTED_EDGE('',*,*,#1777,.T.);
#2420=ORIENTED_EDGE('',*,*,#1778,.T.);
#2421=ORIENTED_EDGE('',*,*,#1774,.F.);
#2422=ORIENTED_EDGE('',*,*,#1779,.T.);
#2423=ORIENTED_EDGE('',*,*,#1780,.T.);
#2424=ORIENTED_EDGE('',*,*,#1781,.T.);
#2425=ORIENTED_EDGE('',*,*,#1777,.F.);
#2426=ORIENTED_EDGE('',*,*,#1782,.T.);
#2427=ORIENTED_EDGE('',*,*,#1783,.T.);
#2428=ORIENTED_EDGE('',*,*,#1784,.T.);
#2429=ORIENTED_EDGE('',*,*,#1780,.F.);
#2430=ORIENTED_EDGE('',*,*,#1785,.T.);
#2431=ORIENTED_EDGE('',*,*,#1786,.T.);
#2432=ORIENTED_EDGE('',*,*,#1787,.T.);
#2433=ORIENTED_EDGE('',*,*,#1783,.F.);
#2434=ORIENTED_EDGE('',*,*,#1788,.T.);
#2435=ORIENTED_EDGE('',*,*,#1789,.T.);
#2436=ORIENTED_EDGE('',*,*,#1790,.T.);
#2437=ORIENTED_EDGE('',*,*,#1786,.F.);
#2438=ORIENTED_EDGE('',*,*,#1791,.T.);
#2439=ORIENTED_EDGE('',*,*,#1792,.T.);
#2440=ORIENTED_EDGE('',*,*,#1793,.T.);
#2441=ORIENTED_EDGE('',*,*,#1789,.F.);
#2442=ORIENTED_EDGE('',*,*,#1794,.T.);
#2443=ORIENTED_EDGE('',*,*,#1766,.F.);
#2444=ORIENTED_EDGE('',*,*,#1795,.T.);
#2445=ORIENTED_EDGE('',*,*,#1792,.F.);
#2446=ORIENTED_EDGE('',*,*,#1734,.T.);
#2447=ORIENTED_EDGE('',*,*,#1796,.T.);
#2448=ORIENTED_EDGE('',*,*,#1797,.T.);
#2449=ORIENTED_EDGE('',*,*,#1763,.F.);
#2450=ORIENTED_EDGE('',*,*,#1741,.T.);
#2451=ORIENTED_EDGE('',*,*,#1798,.T.);
#2452=ORIENTED_EDGE('',*,*,#1799,.T.);
#2453=ORIENTED_EDGE('',*,*,#1796,.F.);
#2454=ORIENTED_EDGE('',*,*,#1743,.T.);
#2455=ORIENTED_EDGE('',*,*,#1800,.T.);
#2456=ORIENTED_EDGE('',*,*,#1801,.T.);
#2457=ORIENTED_EDGE('',*,*,#1798,.F.);
#2458=ORIENTED_EDGE('',*,*,#1745,.T.);
#2459=ORIENTED_EDGE('',*,*,#1802,.T.);
#2460=ORIENTED_EDGE('',*,*,#1803,.T.);
#2461=ORIENTED_EDGE('',*,*,#1800,.F.);
#2462=ORIENTED_EDGE('',*,*,#1747,.T.);
#2463=ORIENTED_EDGE('',*,*,#1804,.T.);
#2464=ORIENTED_EDGE('',*,*,#1805,.T.);
#2465=ORIENTED_EDGE('',*,*,#1802,.F.);
#2466=ORIENTED_EDGE('',*,*,#1749,.T.);
#2467=ORIENTED_EDGE('',*,*,#1806,.T.);
#2468=ORIENTED_EDGE('',*,*,#1807,.T.);
#2469=ORIENTED_EDGE('',*,*,#1804,.F.);
#2470=ORIENTED_EDGE('',*,*,#1751,.T.);
#2471=ORIENTED_EDGE('',*,*,#1808,.T.);
#2472=ORIENTED_EDGE('',*,*,#1809,.T.);
#2473=ORIENTED_EDGE('',*,*,#1806,.F.);
#2474=ORIENTED_EDGE('',*,*,#1753,.T.);
#2475=ORIENTED_EDGE('',*,*,#1810,.T.);
#2476=ORIENTED_EDGE('',*,*,#1811,.T.);
#2477=ORIENTED_EDGE('',*,*,#1808,.F.);
#2478=ORIENTED_EDGE('',*,*,#1755,.T.);
#2479=ORIENTED_EDGE('',*,*,#1812,.T.);
#2480=ORIENTED_EDGE('',*,*,#1813,.T.);
#2481=ORIENTED_EDGE('',*,*,#1810,.F.);
#2482=ORIENTED_EDGE('',*,*,#1757,.T.);
#2483=ORIENTED_EDGE('',*,*,#1760,.F.);
#2484=ORIENTED_EDGE('',*,*,#1814,.T.);
#2485=ORIENTED_EDGE('',*,*,#1812,.F.);
#2486=ORIENTED_EDGE('',*,*,#1815,.T.);
#2487=ORIENTED_EDGE('',*,*,#1758,.T.);
#2488=ORIENTED_EDGE('',*,*,#1816,.T.);
#2489=ORIENTED_EDGE('',*,*,#1769,.F.);
#2490=ORIENTED_EDGE('',*,*,#1817,.T.);
#2491=ORIENTED_EDGE('',*,*,#1711,.F.);
#2492=ORIENTED_EDGE('',*,*,#1735,.T.);
#2493=ORIENTED_EDGE('',*,*,#1794,.F.);
#2494=ORIENTED_EDGE('',*,*,#1818,.F.);
#2495=ORIENTED_EDGE('',*,*,#1713,.F.);
#2496=ORIENTED_EDGE('',*,*,#1818,.T.);
#2497=ORIENTED_EDGE('',*,*,#1791,.F.);
#2498=ORIENTED_EDGE('',*,*,#1819,.F.);
#2499=ORIENTED_EDGE('',*,*,#1715,.F.);
#2500=ORIENTED_EDGE('',*,*,#1819,.T.);
#2501=ORIENTED_EDGE('',*,*,#1788,.F.);
#2502=ORIENTED_EDGE('',*,*,#1820,.F.);
#2503=ORIENTED_EDGE('',*,*,#1717,.F.);
#2504=ORIENTED_EDGE('',*,*,#1820,.T.);
#2505=ORIENTED_EDGE('',*,*,#1785,.F.);
#2506=ORIENTED_EDGE('',*,*,#1821,.F.);
#2507=ORIENTED_EDGE('',*,*,#1719,.F.);
#2508=ORIENTED_EDGE('',*,*,#1821,.T.);
#2509=ORIENTED_EDGE('',*,*,#1782,.F.);
#2510=ORIENTED_EDGE('',*,*,#1822,.F.);
#2511=ORIENTED_EDGE('',*,*,#1721,.F.);
#2512=ORIENTED_EDGE('',*,*,#1822,.T.);
#2513=ORIENTED_EDGE('',*,*,#1779,.F.);
#2514=ORIENTED_EDGE('',*,*,#1823,.F.);
#2515=ORIENTED_EDGE('',*,*,#1723,.F.);
#2516=ORIENTED_EDGE('',*,*,#1823,.T.);
#2517=ORIENTED_EDGE('',*,*,#1776,.F.);
#2518=ORIENTED_EDGE('',*,*,#1824,.F.);
#2519=ORIENTED_EDGE('',*,*,#1725,.F.);
#2520=ORIENTED_EDGE('',*,*,#1824,.T.);
#2521=ORIENTED_EDGE('',*,*,#1773,.F.);
#2522=ORIENTED_EDGE('',*,*,#1825,.F.);
#2523=ORIENTED_EDGE('',*,*,#1727,.F.);
#2524=ORIENTED_EDGE('',*,*,#1825,.T.);
#2525=ORIENTED_EDGE('',*,*,#1770,.F.);
#2526=ORIENTED_EDGE('',*,*,#1826,.F.);
#2527=ORIENTED_EDGE('',*,*,#1642,.F.);
#2528=ORIENTED_EDGE('',*,*,#1827,.F.);
#2529=ORIENTED_EDGE('',*,*,#1828,.T.);
#2530=ORIENTED_EDGE('',*,*,#1829,.F.);
#2531=ORIENTED_EDGE('',*,*,#1830,.F.);
#2532=ORIENTED_EDGE('',*,*,#1831,.T.);
#2533=ORIENTED_EDGE('',*,*,#1626,.F.);
#2534=ORIENTED_EDGE('',*,*,#1832,.F.);
#2535=ORIENTED_EDGE('',*,*,#1833,.F.);
#2536=ORIENTED_EDGE('',*,*,#1640,.F.);
#2537=ORIENTED_EDGE('',*,*,#1637,.F.);
#2538=ORIENTED_EDGE('',*,*,#1632,.F.);
#2539=ORIENTED_EDGE('',*,*,#1651,.F.);
#2540=ORIENTED_EDGE('',*,*,#1650,.F.);
#2541=ORIENTED_EDGE('',*,*,#1647,.F.);
#2542=ORIENTED_EDGE('',*,*,#1768,.F.);
#2543=ORIENTED_EDGE('',*,*,#1772,.F.);
#2544=ORIENTED_EDGE('',*,*,#1775,.F.);
#2545=ORIENTED_EDGE('',*,*,#1778,.F.);
#2546=ORIENTED_EDGE('',*,*,#1781,.F.);
#2547=ORIENTED_EDGE('',*,*,#1784,.F.);
#2548=ORIENTED_EDGE('',*,*,#1787,.F.);
#2549=ORIENTED_EDGE('',*,*,#1790,.F.);
#2550=ORIENTED_EDGE('',*,*,#1793,.F.);
#2551=ORIENTED_EDGE('',*,*,#1795,.F.);
#2552=ORIENTED_EDGE('',*,*,#1765,.F.);
#2553=ORIENTED_EDGE('',*,*,#1764,.F.);
#2554=ORIENTED_EDGE('',*,*,#1797,.F.);
#2555=ORIENTED_EDGE('',*,*,#1799,.F.);
#2556=ORIENTED_EDGE('',*,*,#1801,.F.);
#2557=ORIENTED_EDGE('',*,*,#1803,.F.);
#2558=ORIENTED_EDGE('',*,*,#1805,.F.);
#2559=ORIENTED_EDGE('',*,*,#1807,.F.);
#2560=ORIENTED_EDGE('',*,*,#1809,.F.);
#2561=ORIENTED_EDGE('',*,*,#1811,.F.);
#2562=ORIENTED_EDGE('',*,*,#1813,.F.);
#2563=ORIENTED_EDGE('',*,*,#1814,.F.);
#2564=ORIENTED_EDGE('',*,*,#1759,.F.);
#2565=ORIENTED_EDGE('',*,*,#1817,.F.);
#2566=ORIENTED_EDGE('',*,*,#1732,.F.);
#2567=ORIENTED_EDGE('',*,*,#1834,.T.);
#2568=ORIENTED_EDGE('',*,*,#1815,.F.);
#2569=ORIENTED_EDGE('',*,*,#1756,.F.);
#2570=ORIENTED_EDGE('',*,*,#1731,.F.);
#2571=ORIENTED_EDGE('',*,*,#1835,.T.);
#2572=ORIENTED_EDGE('',*,*,#1761,.F.);
#2573=ORIENTED_EDGE('',*,*,#1834,.F.);
#2574=ORIENTED_EDGE('',*,*,#1729,.F.);
#2575=ORIENTED_EDGE('',*,*,#1826,.T.);
#2576=ORIENTED_EDGE('',*,*,#1816,.F.);
#2577=ORIENTED_EDGE('',*,*,#1835,.F.);
#2578=ORIENTED_EDGE('',*,*,#1630,.F.);
#2579=ORIENTED_EDGE('',*,*,#1836,.T.);
#2580=ORIENTED_EDGE('',*,*,#1837,.T.);
#2581=ORIENTED_EDGE('',*,*,#1836,.F.);
#2582=ORIENTED_EDGE('',*,*,#1837,.F.);
#2583=ORIENTED_EDGE('',*,*,#1629,.F.);
#2584=ORIENTED_EDGE('',*,*,#1838,.T.);
#2585=ORIENTED_EDGE('',*,*,#1839,.T.);
#2586=ORIENTED_EDGE('',*,*,#1838,.F.);
#2587=ORIENTED_EDGE('',*,*,#1839,.F.);
#2588=ORIENTED_EDGE('',*,*,#1628,.F.);
#2589=ORIENTED_EDGE('',*,*,#1840,.T.);
#2590=ORIENTED_EDGE('',*,*,#1841,.T.);
#2591=ORIENTED_EDGE('',*,*,#1840,.F.);
#2592=ORIENTED_EDGE('',*,*,#1841,.F.);
#2593=ORIENTED_EDGE('',*,*,#1842,.T.);
#2594=ORIENTED_EDGE('',*,*,#1843,.T.);
#2595=ORIENTED_EDGE('',*,*,#1602,.T.);
#2596=ORIENTED_EDGE('',*,*,#1844,.T.);
#2597=ORIENTED_EDGE('',*,*,#1844,.F.);
#2598=ORIENTED_EDGE('',*,*,#1627,.F.);
#2599=ORIENTED_EDGE('',*,*,#1831,.F.);
#2600=ORIENTED_EDGE('',*,*,#1845,.F.);
#2601=ORIENTED_EDGE('',*,*,#1539,.F.);
#2602=ORIENTED_EDGE('',*,*,#1846,.T.);
#2603=ORIENTED_EDGE('',*,*,#1847,.T.);
#2604=ORIENTED_EDGE('',*,*,#1848,.T.);
#2605=ORIENTED_EDGE('',*,*,#1543,.F.);
#2606=ORIENTED_EDGE('',*,*,#1849,.F.);
#2607=ORIENTED_EDGE('',*,*,#1850,.F.);
#2608=ORIENTED_EDGE('',*,*,#1851,.F.);
#2609=ORIENTED_EDGE('',*,*,#1852,.F.);
#2610=ORIENTED_EDGE('',*,*,#1846,.F.);
#2611=ORIENTED_EDGE('',*,*,#1853,.T.);
#2612=ORIENTED_EDGE('',*,*,#1830,.T.);
#2613=ORIENTED_EDGE('',*,*,#1854,.T.);
#2614=ORIENTED_EDGE('',*,*,#1855,.T.);
#2615=ORIENTED_EDGE('',*,*,#1536,.F.);
#2616=ORIENTED_EDGE('',*,*,#1848,.F.);
#2617=ORIENTED_EDGE('',*,*,#1856,.F.);
#2618=ORIENTED_EDGE('',*,*,#1855,.F.);
#2619=ORIENTED_EDGE('',*,*,#1857,.F.);
#2620=ORIENTED_EDGE('',*,*,#1600,.F.);
#2621=ORIENTED_EDGE('',*,*,#1545,.F.);
#2622=ORIENTED_EDGE('',*,*,#1529,.T.);
#2623=ORIENTED_EDGE('',*,*,#1858,.T.);
#2624=ORIENTED_EDGE('',*,*,#1849,.T.);
#2625=ORIENTED_EDGE('',*,*,#1859,.T.);
#2626=ORIENTED_EDGE('',*,*,#1860,.T.);
#2627=ORIENTED_EDGE('',*,*,#1861,.T.);
#2628=ORIENTED_EDGE('',*,*,#1851,.T.);
#2629=ORIENTED_EDGE('',*,*,#1860,.F.);
#2630=ORIENTED_EDGE('',*,*,#1862,.F.);
#2631=ORIENTED_EDGE('',*,*,#1863,.F.);
#2632=ORIENTED_EDGE('',*,*,#1864,.F.);
#2633=ORIENTED_EDGE('',*,*,#1865,.T.);
#2634=ORIENTED_EDGE('',*,*,#1604,.F.);
#2635=ORIENTED_EDGE('',*,*,#1866,.T.);
#2636=ORIENTED_EDGE('',*,*,#1857,.T.);
#2637=ORIENTED_EDGE('',*,*,#1854,.F.);
#2638=ORIENTED_EDGE('',*,*,#1829,.T.);
#2639=ORIENTED_EDGE('',*,*,#1867,.T.);
#2640=ORIENTED_EDGE('',*,*,#1862,.T.);
#2641=ORIENTED_EDGE('',*,*,#1859,.F.);
#2642=ORIENTED_EDGE('',*,*,#1850,.T.);
#2643=ORIENTED_EDGE('',*,*,#1858,.F.);
#2644=ORIENTED_EDGE('',*,*,#1528,.T.);
#2645=ORIENTED_EDGE('',*,*,#1868,.T.);
#2646=ORIENTED_EDGE('',*,*,#1566,.T.);
#2647=ORIENTED_EDGE('',*,*,#1601,.F.);
#2648=ORIENTED_EDGE('',*,*,#1843,.F.);
#2649=ORIENTED_EDGE('',*,*,#1869,.F.);
#2650=ORIENTED_EDGE('',*,*,#1866,.F.);
#2651=ORIENTED_EDGE('',*,*,#1603,.F.);
#2652=ORIENTED_EDGE('',*,*,#1842,.F.);
#2653=ORIENTED_EDGE('',*,*,#1845,.T.);
#2654=ORIENTED_EDGE('',*,*,#1853,.F.);
#2655=ORIENTED_EDGE('',*,*,#1856,.T.);
#2656=ORIENTED_EDGE('',*,*,#1847,.F.);
#2657=ORIENTED_EDGE('',*,*,#1852,.T.);
#2658=ORIENTED_EDGE('',*,*,#1861,.F.);
#2659=ORIENTED_EDGE('',*,*,#1869,.T.);
#2660=ORIENTED_EDGE('',*,*,#1870,.F.);
#2661=ORIENTED_EDGE('',*,*,#1871,.T.);
#2662=ORIENTED_EDGE('',*,*,#1624,.F.);
#2663=ORIENTED_EDGE('',*,*,#1872,.F.);
#2664=ORIENTED_EDGE('',*,*,#1873,.F.);
#2665=ORIENTED_EDGE('',*,*,#1874,.T.);
#2666=ORIENTED_EDGE('',*,*,#1608,.F.);
#2667=ORIENTED_EDGE('',*,*,#1875,.F.);
#2668=ORIENTED_EDGE('',*,*,#1876,.F.);
#2669=ORIENTED_EDGE('',*,*,#1875,.T.);
#2670=ORIENTED_EDGE('',*,*,#1607,.F.);
#2671=ORIENTED_EDGE('',*,*,#1877,.F.);
#2672=ORIENTED_EDGE('',*,*,#1878,.F.);
#2673=ORIENTED_EDGE('',*,*,#1877,.T.);
#2674=ORIENTED_EDGE('',*,*,#1606,.F.);
#2675=ORIENTED_EDGE('',*,*,#1879,.F.);
#2676=ORIENTED_EDGE('',*,*,#1873,.T.);
#2677=ORIENTED_EDGE('',*,*,#1876,.T.);
#2678=ORIENTED_EDGE('',*,*,#1878,.T.);
#2679=ORIENTED_EDGE('',*,*,#1880,.T.);
#2680=ORIENTED_EDGE('',*,*,#1881,.T.);
#2681=ORIENTED_EDGE('',*,*,#1882,.T.);
#2682=ORIENTED_EDGE('',*,*,#1883,.T.);
#2683=ORIENTED_EDGE('',*,*,#1884,.T.);
#2684=ORIENTED_EDGE('',*,*,#1885,.T.);
#2685=ORIENTED_EDGE('',*,*,#1886,.T.);
#2686=ORIENTED_EDGE('',*,*,#1887,.T.);
#2687=ORIENTED_EDGE('',*,*,#1888,.T.);
#2688=ORIENTED_EDGE('',*,*,#1870,.T.);
#2689=ORIENTED_EDGE('',*,*,#1889,.T.);
#2690=ORIENTED_EDGE('',*,*,#1890,.F.);
#2691=ORIENTED_EDGE('',*,*,#1891,.T.);
#2692=ORIENTED_EDGE('',*,*,#1892,.F.);
#2693=ORIENTED_EDGE('',*,*,#1615,.F.);
#2694=ORIENTED_EDGE('',*,*,#1893,.F.);
#2695=ORIENTED_EDGE('',*,*,#1894,.T.);
#2696=ORIENTED_EDGE('',*,*,#1895,.F.);
#2697=ORIENTED_EDGE('',*,*,#1613,.F.);
#2698=ORIENTED_EDGE('',*,*,#1896,.F.);
#2699=ORIENTED_EDGE('',*,*,#1897,.T.);
#2700=ORIENTED_EDGE('',*,*,#1898,.F.);
#2701=ORIENTED_EDGE('',*,*,#1618,.F.);
#2702=ORIENTED_EDGE('',*,*,#1899,.F.);
#2703=ORIENTED_EDGE('',*,*,#1900,.T.);
#2704=ORIENTED_EDGE('',*,*,#1901,.F.);
#2705=ORIENTED_EDGE('',*,*,#1611,.F.);
#2706=ORIENTED_EDGE('',*,*,#1902,.F.);
#2707=ORIENTED_EDGE('',*,*,#1903,.T.);
#2708=ORIENTED_EDGE('',*,*,#1904,.F.);
#2709=ORIENTED_EDGE('',*,*,#1620,.F.);
#2710=ORIENTED_EDGE('',*,*,#1890,.T.);
#2711=ORIENTED_EDGE('',*,*,#1614,.F.);
#2712=ORIENTED_EDGE('',*,*,#1895,.T.);
#2713=ORIENTED_EDGE('',*,*,#1905,.F.);
#2714=ORIENTED_EDGE('',*,*,#1896,.T.);
#2715=ORIENTED_EDGE('',*,*,#1617,.F.);
#2716=ORIENTED_EDGE('',*,*,#1906,.F.);
#2717=ORIENTED_EDGE('',*,*,#1907,.F.);
#2718=ORIENTED_EDGE('',*,*,#1893,.T.);
#2719=ORIENTED_EDGE('',*,*,#1612,.F.);
#2720=ORIENTED_EDGE('',*,*,#1901,.T.);
#2721=ORIENTED_EDGE('',*,*,#1908,.F.);
#2722=ORIENTED_EDGE('',*,*,#1899,.T.);
#2723=ORIENTED_EDGE('',*,*,#1610,.F.);
#2724=ORIENTED_EDGE('',*,*,#1909,.F.);
#2725=ORIENTED_EDGE('',*,*,#1910,.F.);
#2726=ORIENTED_EDGE('',*,*,#1518,.F.);
#2727=ORIENTED_EDGE('',*,*,#1567,.T.);
#2728=ORIENTED_EDGE('',*,*,#1868,.F.);
#2729=ORIENTED_EDGE('',*,*,#1527,.T.);
#2730=ORIENTED_EDGE('',*,*,#1911,.F.);
#2731=ORIENTED_EDGE('',*,*,#1912,.T.);
#2732=ORIENTED_EDGE('',*,*,#1913,.T.);
#2733=ORIENTED_EDGE('',*,*,#1912,.F.);
#2734=ORIENTED_EDGE('',*,*,#1913,.F.);
#2735=ORIENTED_EDGE('',*,*,#1914,.F.);
#2736=ORIENTED_EDGE('',*,*,#1915,.T.);
#2737=ORIENTED_EDGE('',*,*,#1916,.T.);
#2738=ORIENTED_EDGE('',*,*,#1915,.F.);
#2739=ORIENTED_EDGE('',*,*,#1916,.F.);
#2740=ORIENTED_EDGE('',*,*,#1917,.F.);
#2741=ORIENTED_EDGE('',*,*,#1918,.T.);
#2742=ORIENTED_EDGE('',*,*,#1919,.T.);
#2743=ORIENTED_EDGE('',*,*,#1918,.F.);
#2744=ORIENTED_EDGE('',*,*,#1919,.F.);
#2745=ORIENTED_EDGE('',*,*,#1920,.F.);
#2746=ORIENTED_EDGE('',*,*,#1921,.T.);
#2747=ORIENTED_EDGE('',*,*,#1922,.T.);
#2748=ORIENTED_EDGE('',*,*,#1921,.F.);
#2749=ORIENTED_EDGE('',*,*,#1922,.F.);
#2750=ORIENTED_EDGE('',*,*,#1891,.F.);
#2751=ORIENTED_EDGE('',*,*,#1905,.T.);
#2752=ORIENTED_EDGE('',*,*,#1894,.F.);
#2753=ORIENTED_EDGE('',*,*,#1908,.T.);
#2754=ORIENTED_EDGE('',*,*,#1900,.F.);
#2755=ORIENTED_EDGE('',*,*,#1910,.T.);
#2756=ORIENTED_EDGE('',*,*,#1923,.T.);
#2757=ORIENTED_EDGE('',*,*,#1924,.T.);
#2758=ORIENTED_EDGE('',*,*,#1925,.T.);
#2759=ORIENTED_EDGE('',*,*,#1903,.F.);
#2760=ORIENTED_EDGE('',*,*,#1926,.T.);
#2761=ORIENTED_EDGE('',*,*,#1897,.F.);
#2762=ORIENTED_EDGE('',*,*,#1907,.T.);
#2763=ORIENTED_EDGE('',*,*,#1927,.T.);
#2764=ORIENTED_EDGE('',*,*,#1928,.T.);
#2765=ORIENTED_EDGE('',*,*,#1929,.T.);
#2766=ORIENTED_EDGE('',*,*,#1930,.T.);
#2767=ORIENTED_EDGE('',*,*,#1931,.T.);
#2768=ORIENTED_EDGE('',*,*,#1864,.T.);
#2769=ORIENTED_EDGE('',*,*,#1932,.T.);
#2770=ORIENTED_EDGE('',*,*,#1827,.T.);
#2771=ORIENTED_EDGE('',*,*,#1656,.F.);
#2772=ORIENTED_EDGE('',*,*,#1659,.F.);
#2773=ORIENTED_EDGE('',*,*,#1653,.F.);
#2774=ORIENTED_EDGE('',*,*,#1833,.T.);
#2775=ORIENTED_EDGE('',*,*,#1933,.T.);
#2776=ORIENTED_EDGE('',*,*,#1934,.T.);
#2777=ORIENTED_EDGE('',*,*,#1935,.T.);
#2778=ORIENTED_EDGE('',*,*,#1936,.T.);
#2779=ORIENTED_EDGE('',*,*,#1937,.T.);
#2780=ORIENTED_EDGE('',*,*,#1911,.T.);
#2781=ORIENTED_EDGE('',*,*,#1914,.T.);
#2782=ORIENTED_EDGE('',*,*,#1917,.T.);
#2783=ORIENTED_EDGE('',*,*,#1920,.T.);
#2784=ORIENTED_EDGE('',*,*,#1928,.F.);
#2785=ORIENTED_EDGE('',*,*,#1938,.T.);
#2786=ORIENTED_EDGE('',*,*,#1883,.F.);
#2787=ORIENTED_EDGE('',*,*,#1939,.F.);
#2788=ORIENTED_EDGE('',*,*,#1929,.F.);
#2789=ORIENTED_EDGE('',*,*,#1939,.T.);
#2790=ORIENTED_EDGE('',*,*,#1882,.F.);
#2791=ORIENTED_EDGE('',*,*,#1940,.F.);
#2792=ORIENTED_EDGE('',*,*,#1930,.F.);
#2793=ORIENTED_EDGE('',*,*,#1940,.T.);
#2794=ORIENTED_EDGE('',*,*,#1881,.F.);
#2795=ORIENTED_EDGE('',*,*,#1941,.F.);
#2796=ORIENTED_EDGE('',*,*,#1931,.F.);
#2797=ORIENTED_EDGE('',*,*,#1941,.T.);
#2798=ORIENTED_EDGE('',*,*,#1880,.F.);
#2799=ORIENTED_EDGE('',*,*,#1879,.T.);
#2800=ORIENTED_EDGE('',*,*,#1605,.F.);
#2801=ORIENTED_EDGE('',*,*,#1865,.F.);
#2802=ORIENTED_EDGE('',*,*,#1932,.F.);
#2803=ORIENTED_EDGE('',*,*,#1863,.T.);
#2804=ORIENTED_EDGE('',*,*,#1867,.F.);
#2805=ORIENTED_EDGE('',*,*,#1828,.F.);
#2806=ORIENTED_EDGE('',*,*,#1933,.F.);
#2807=ORIENTED_EDGE('',*,*,#1832,.T.);
#2808=ORIENTED_EDGE('',*,*,#1625,.F.);
#2809=ORIENTED_EDGE('',*,*,#1871,.F.);
#2810=ORIENTED_EDGE('',*,*,#1888,.F.);
#2811=ORIENTED_EDGE('',*,*,#1942,.F.);
#2812=ORIENTED_EDGE('',*,*,#1934,.F.);
#2813=ORIENTED_EDGE('',*,*,#1942,.T.);
#2814=ORIENTED_EDGE('',*,*,#1887,.F.);
#2815=ORIENTED_EDGE('',*,*,#1943,.F.);
#2816=ORIENTED_EDGE('',*,*,#1935,.F.);
#2817=ORIENTED_EDGE('',*,*,#1943,.T.);
#2818=ORIENTED_EDGE('',*,*,#1886,.F.);
#2819=ORIENTED_EDGE('',*,*,#1944,.F.);
#2820=ORIENTED_EDGE('',*,*,#1936,.F.);
#2821=ORIENTED_EDGE('',*,*,#1944,.T.);
#2822=ORIENTED_EDGE('',*,*,#1885,.F.);
#2823=ORIENTED_EDGE('',*,*,#1945,.F.);
#2824=ORIENTED_EDGE('',*,*,#1937,.F.);
#2825=ORIENTED_EDGE('',*,*,#1945,.T.);
#2826=ORIENTED_EDGE('',*,*,#1884,.F.);
#2827=ORIENTED_EDGE('',*,*,#1938,.F.);
#2828=ORIENTED_EDGE('',*,*,#1923,.F.);
#2829=ORIENTED_EDGE('',*,*,#1909,.T.);
#2830=ORIENTED_EDGE('',*,*,#1609,.F.);
#2831=ORIENTED_EDGE('',*,*,#1874,.F.);
#2832=ORIENTED_EDGE('',*,*,#1889,.F.);
#2833=ORIENTED_EDGE('',*,*,#1872,.T.);
#2834=ORIENTED_EDGE('',*,*,#1623,.F.);
#2835=ORIENTED_EDGE('',*,*,#1946,.F.);
#2836=ORIENTED_EDGE('',*,*,#1924,.F.);
#2837=ORIENTED_EDGE('',*,*,#1946,.T.);
#2838=ORIENTED_EDGE('',*,*,#1622,.F.);
#2839=ORIENTED_EDGE('',*,*,#1947,.F.);
#2840=ORIENTED_EDGE('',*,*,#1904,.T.);
#2841=ORIENTED_EDGE('',*,*,#1925,.F.);
#2842=ORIENTED_EDGE('',*,*,#1947,.T.);
#2843=ORIENTED_EDGE('',*,*,#1621,.F.);
#2844=ORIENTED_EDGE('',*,*,#1898,.T.);
#2845=ORIENTED_EDGE('',*,*,#1926,.F.);
#2846=ORIENTED_EDGE('',*,*,#1902,.T.);
#2847=ORIENTED_EDGE('',*,*,#1619,.F.);
#2848=ORIENTED_EDGE('',*,*,#1892,.T.);
#2849=ORIENTED_EDGE('',*,*,#1927,.F.);
#2850=ORIENTED_EDGE('',*,*,#1906,.T.);
#2851=ORIENTED_EDGE('',*,*,#1616,.F.);
#2852=PLANE('',#3118);
#2853=PLANE('',#3122);
#2854=PLANE('',#3126);
#2855=PLANE('',#3130);
#2856=PLANE('',#3136);
#2857=PLANE('',#3139);
#2858=PLANE('',#3140);
#2859=PLANE('',#3144);
#2860=PLANE('',#3148);
#2861=PLANE('',#3152);
#2862=PLANE('',#3155);
#2863=PLANE('',#3158);
#2864=PLANE('',#3162);
#2865=PLANE('',#3163);
#2866=PLANE('',#3165);
#2867=PLANE('',#3176);
#2868=PLANE('',#3220);
#2869=PLANE('',#3241);
#2870=PLANE('',#3242);
#2871=PLANE('',#3245);
#2872=PLANE('',#3286);
#2873=PLANE('',#3287);
#2874=PLANE('',#3288);
#2875=PLANE('',#3291);
#2876=PLANE('',#3337);
#2877=PLANE('',#3339);
#2878=PLANE('',#3340);
#2879=PLANE('',#3341);
#2880=PLANE('',#3342);
#2881=PLANE('',#3345);
#2882=PLANE('',#3348);
#2883=PLANE('',#3351);
#2884=PLANE('',#3354);
#2885=PLANE('',#3357);
#2886=PLANE('',#3361);
#2887=PLANE('',#3367);
#2888=PLANE('',#3368);
#2889=PLANE('',#3371);
#2890=PLANE('',#3372);
#2891=PLANE('',#3373);
#2892=PLANE('',#3374);
#2893=PLANE('',#3377);
#2894=PLANE('',#3378);
#2895=PLANE('',#3391);
#2896=PLANE('',#3392);
#2897=PLANE('',#3393);
#2898=PLANE('',#3394);
#2899=PLANE('',#3399);
#2900=PLANE('',#3403);
#2901=PLANE('',#3407);
#2902=PLANE('',#3411);
#2903=PLANE('',#3412);
#2904=PLANE('',#3413);
#2905=PLANE('',#3417);
#2906=PLANE('',#3418);
#2907=PLANE('',#3419);
#2908=PLANE('',#3420);
#2909=PLANE('',#3423);
#2910=PLANE('',#3425);
#2911=PLANE('',#3426);
#2912=PLANE('',#3427);
#2913=PLANE('',#3428);
#2914=PLANE('',#3429);
#2915=PLANE('',#3430);
#2916=PLANE('',#3431);
#2917=ADVANCED_FACE('',(#361),#2852,.T.);
#2918=ADVANCED_FACE('',(#362),#351,.T.);
#2919=ADVANCED_FACE('',(#363),#2853,.T.);
#2920=ADVANCED_FACE('',(#364),#352,.T.);
#2921=ADVANCED_FACE('',(#365),#2854,.T.);
#2922=ADVANCED_FACE('',(#366),#353,.T.);
#2923=ADVANCED_FACE('',(#367),#2855,.T.);
#2924=ADVANCED_FACE('',(#368),#354,.T.);
#2925=ADVANCED_FACE('',(#369),#130,.T.);
#2926=ADVANCED_FACE('',(#370),#2856,.T.);
#2927=ADVANCED_FACE('',(#371),#131,.T.);
#2928=ADVANCED_FACE('',(#372),#2857,.T.);
#2929=ADVANCED_FACE('',(#373),#2858,.T.);
#2930=ADVANCED_FACE('',(#374),#355,.T.);
#2931=ADVANCED_FACE('',(#375),#2859,.T.);
#2932=ADVANCED_FACE('',(#376),#356,.F.);
#2933=ADVANCED_FACE('',(#377),#2860,.T.);
#2934=ADVANCED_FACE('',(#378),#357,.T.);
#2935=ADVANCED_FACE('',(#379),#2861,.T.);
#2936=ADVANCED_FACE('',(#380),#358,.T.);
#2937=ADVANCED_FACE('',(#381),#2862,.T.);
#2938=ADVANCED_FACE('',(#382),#359,.T.);
#2939=ADVANCED_FACE('',(#383),#2863,.T.);
#2940=ADVANCED_FACE('',(#384),#360,.T.);
#2941=ADVANCED_FACE('',(#385),#2864,.T.);
#2942=ADVANCED_FACE('',(#386),#2865,.T.);
#2943=ADVANCED_FACE('',(#387),#132,.T.);
#2944=ADVANCED_FACE('',(#388,#119,#120),#2866,.T.);
#2945=ADVANCED_FACE('',(#389),#133,.T.);
#2946=ADVANCED_FACE('',(#390,#121,#122,#123,#124),#2867,.T.);
#2947=ADVANCED_FACE('',(#391),#51,.T.);
#2948=ADVANCED_FACE('',(#392),#134,.T.);
#2949=ADVANCED_FACE('',(#393),#52,.T.);
#2950=ADVANCED_FACE('',(#394),#53,.T.);
#2951=ADVANCED_FACE('',(#395),#135,.T.);
#2952=ADVANCED_FACE('',(#396),#54,.T.);
#2953=ADVANCED_FACE('',(#397),#136,.T.);
#2954=ADVANCED_FACE('',(#398),#55,.T.);
#2955=ADVANCED_FACE('',(#399),#56,.T.);
#2956=ADVANCED_FACE('',(#400),#137,.T.);
#2957=ADVANCED_FACE('',(#401),#138,.F.);
#2958=ADVANCED_FACE('',(#402),#2868,.F.);
#2959=ADVANCED_FACE('',(#403),#139,.F.);
#2960=ADVANCED_FACE('',(#404),#57,.T.);
#2961=ADVANCED_FACE('',(#405),#140,.T.);
#2962=ADVANCED_FACE('',(#406),#58,.T.);
#2963=ADVANCED_FACE('',(#407),#141,.T.);
#2964=ADVANCED_FACE('',(#408),#59,.T.);
#2965=ADVANCED_FACE('',(#409),#142,.T.);
#2966=ADVANCED_FACE('',(#410),#60,.T.);
#2967=ADVANCED_FACE('',(#411),#143,.T.);
#2968=ADVANCED_FACE('',(#412),#2869,.F.);
#2969=ADVANCED_FACE('',(#413),#2870,.F.);
#2970=ADVANCED_FACE('',(#414),#144,.F.);
#2971=ADVANCED_FACE('',(#415),#145,.F.);
#2972=ADVANCED_FACE('',(#416),#2871,.F.);
#2973=ADVANCED_FACE('',(#417),#15,.F.);
#2974=ADVANCED_FACE('',(#418),#16,.F.);
#2975=ADVANCED_FACE('',(#419),#17,.F.);
#2976=ADVANCED_FACE('',(#420),#61,.T.);
#2977=ADVANCED_FACE('',(#421),#146,.T.);
#2978=ADVANCED_FACE('',(#422),#62,.T.);
#2979=ADVANCED_FACE('',(#423),#18,.F.);
#2980=ADVANCED_FACE('',(#424),#19,.F.);
#2981=ADVANCED_FACE('',(#425),#20,.F.);
#2982=ADVANCED_FACE('',(#426),#147,.T.);
#2983=ADVANCED_FACE('',(#427),#148,.T.);
#2984=ADVANCED_FACE('',(#428),#149,.T.);
#2985=ADVANCED_FACE('',(#429),#21,.F.);
#2986=ADVANCED_FACE('',(#430),#22,.F.);
#2987=ADVANCED_FACE('',(#431),#23,.F.);
#2988=ADVANCED_FACE('',(#432),#63,.T.);
#2989=ADVANCED_FACE('',(#433),#150,.T.);
#2990=ADVANCED_FACE('',(#434),#64,.T.);
#2991=ADVANCED_FACE('',(#435),#24,.F.);
#2992=ADVANCED_FACE('',(#436),#25,.F.);
#2993=ADVANCED_FACE('',(#437),#26,.F.);
#2994=ADVANCED_FACE('',(#438),#151,.T.);
#2995=ADVANCED_FACE('',(#439),#152,.T.);
#2996=ADVANCED_FACE('',(#440),#153,.T.);
#2997=ADVANCED_FACE('',(#441),#2872,.F.);
#2998=ADVANCED_FACE('',(#442),#2873,.F.);
#2999=ADVANCED_FACE('',(#443),#2874,.F.);
#3000=ADVANCED_FACE('',(#444),#27,.F.);
#3001=ADVANCED_FACE('',(#445),#28,.F.);
#3002=ADVANCED_FACE('',(#446),#29,.F.);
#3003=ADVANCED_FACE('',(#447),#154,.F.);
#3004=ADVANCED_FACE('',(#448),#2875,.F.);
#3005=ADVANCED_FACE('',(#449),#155,.F.);
#3006=ADVANCED_FACE('',(#450),#30,.F.);
#3007=ADVANCED_FACE('',(#451),#31,.F.);
#3008=ADVANCED_FACE('',(#452),#32,.F.);
#3009=ADVANCED_FACE('',(#453),#156,.T.);
#3010=ADVANCED_FACE('',(#454),#157,.T.);
#3011=ADVANCED_FACE('',(#455),#158,.T.);
#3012=ADVANCED_FACE('',(#456),#33,.F.);
#3013=ADVANCED_FACE('',(#457),#34,.F.);
#3014=ADVANCED_FACE('',(#458),#35,.F.);
#3015=ADVANCED_FACE('',(#459),#65,.T.);
#3016=ADVANCED_FACE('',(#460),#159,.T.);
#3017=ADVANCED_FACE('',(#461),#66,.T.);
#3018=ADVANCED_FACE('',(#462),#36,.F.);
#3019=ADVANCED_FACE('',(#463),#37,.F.);
#3020=ADVANCED_FACE('',(#464),#38,.F.);
#3021=ADVANCED_FACE('',(#465),#160,.T.);
#3022=ADVANCED_FACE('',(#466),#39,.F.);
#3023=ADVANCED_FACE('',(#467),#40,.F.);
#3024=ADVANCED_FACE('',(#468),#41,.F.);
#3025=ADVANCED_FACE('',(#469),#67,.T.);
#3026=ADVANCED_FACE('',(#470),#161,.T.);
#3027=ADVANCED_FACE('',(#471),#68,.T.);
#3028=ADVANCED_FACE('',(#472),#42,.F.);
#3029=ADVANCED_FACE('',(#473),#43,.F.);
#3030=ADVANCED_FACE('',(#474),#44,.F.);
#3031=ADVANCED_FACE('',(#475),#162,.T.);
#3032=ADVANCED_FACE('',(#476),#163,.T.);
#3033=ADVANCED_FACE('',(#477),#45,.F.);
#3034=ADVANCED_FACE('',(#478),#46,.F.);
#3035=ADVANCED_FACE('',(#479),#47,.F.);
#3036=ADVANCED_FACE('',(#480),#164,.F.);
#3037=ADVANCED_FACE('',(#481),#2876,.F.);
#3038=ADVANCED_FACE('',(#482),#165,.F.);
#3039=ADVANCED_FACE('',(#483),#48,.F.);
#3040=ADVANCED_FACE('',(#484),#49,.F.);
#3041=ADVANCED_FACE('',(#485),#50,.F.);
#3042=ADVANCED_FACE('',(#486,#125),#2877,.T.);
#3043=ADVANCED_FACE('',(#487),#2878,.F.);
#3044=ADVANCED_FACE('',(#488),#2879,.F.);
#3045=ADVANCED_FACE('',(#489),#2880,.F.);
#3046=ADVANCED_FACE('',(#490),#166,.F.);
#3047=ADVANCED_FACE('',(#491),#2881,.T.);
#3048=ADVANCED_FACE('',(#492),#167,.F.);
#3049=ADVANCED_FACE('',(#493),#2882,.T.);
#3050=ADVANCED_FACE('',(#494),#168,.F.);
#3051=ADVANCED_FACE('',(#495),#2883,.T.);
#3052=ADVANCED_FACE('',(#496),#169,.T.);
#3053=ADVANCED_FACE('',(#497),#2884,.T.);
#3054=ADVANCED_FACE('',(#498),#170,.F.);
#3055=ADVANCED_FACE('',(#499),#2885,.T.);
#3056=ADVANCED_FACE('',(#500),#171,.T.);
#3057=ADVANCED_FACE('',(#501),#2886,.T.);
#3058=ADVANCED_FACE('',(#502),#172,.T.);
#3059=ADVANCED_FACE('',(#503),#173,.T.);
#3060=ADVANCED_FACE('',(#504),#2887,.T.);
#3061=ADVANCED_FACE('',(#505),#2888,.F.);
#3062=ADVANCED_FACE('',(#506),#2889,.T.);
#3063=ADVANCED_FACE('',(#507),#2890,.T.);
#3064=ADVANCED_FACE('',(#508),#2891,.T.);
#3065=ADVANCED_FACE('',(#509),#2892,.T.);
#3066=ADVANCED_FACE('',(#510),#174,.F.);
#3067=ADVANCED_FACE('',(#511),#2893,.T.);
#3068=ADVANCED_FACE('',(#512),#2894,.F.);
#3069=ADVANCED_FACE('',(#513),#175,.F.);
#3070=ADVANCED_FACE('',(#514),#176,.F.);
#3071=ADVANCED_FACE('',(#515),#177,.F.);
#3072=ADVANCED_FACE('',(#516),#178,.F.);
#3073=ADVANCED_FACE('',(#517),#179,.F.);
#3074=ADVANCED_FACE('',(#518),#2895,.T.);
#3075=ADVANCED_FACE('',(#519),#2896,.T.);
#3076=ADVANCED_FACE('',(#520),#2897,.T.);
#3077=ADVANCED_FACE('',(#521),#2898,.T.);
#3078=ADVANCED_FACE('',(#522),#180,.T.);
#3079=ADVANCED_FACE('',(#523),#181,.F.);
#3080=ADVANCED_FACE('',(#524),#2899,.T.);
#3081=ADVANCED_FACE('',(#525),#182,.F.);
#3082=ADVANCED_FACE('',(#526),#2900,.T.);
#3083=ADVANCED_FACE('',(#527),#183,.F.);
#3084=ADVANCED_FACE('',(#528),#2901,.T.);
#3085=ADVANCED_FACE('',(#529),#184,.F.);
#3086=ADVANCED_FACE('',(#530),#2902,.T.);
#3087=ADVANCED_FACE('',(#531),#2903,.F.);
#3088=ADVANCED_FACE('',(#532,#126,#127,#128,#129),#2904,.F.);
#3089=ADVANCED_FACE('',(#533),#2905,.T.);
#3090=ADVANCED_FACE('',(#534),#2906,.T.);
#3091=ADVANCED_FACE('',(#535),#2907,.T.);
#3092=ADVANCED_FACE('',(#536),#2908,.T.);
#3093=ADVANCED_FACE('',(#537),#185,.F.);
#3094=ADVANCED_FACE('',(#538),#186,.F.);
#3095=ADVANCED_FACE('',(#539),#2909,.T.);
#3096=ADVANCED_FACE('',(#540),#187,.F.);
#3097=ADVANCED_FACE('',(#541),#2910,.T.);
#3098=ADVANCED_FACE('',(#542),#2911,.T.);
#3099=ADVANCED_FACE('',(#543),#2912,.T.);
#3100=ADVANCED_FACE('',(#544),#2913,.T.);
#3101=ADVANCED_FACE('',(#545),#2914,.T.);
#3102=ADVANCED_FACE('',(#546),#2915,.T.);
#3103=ADVANCED_FACE('',(#547),#2916,.T.);
#3104=CLOSED_SHELL('',(#2917,#2918,#2919,#2920,#2921,#2922,#2923,#2924,
#2925,#2926,#2927,#2928,#2929,#2930,#2931,#2932,#2933,#2934,#2935,#2936,
#2937,#2938,#2939,#2940,#2941,#2942,#2943,#2944,#2945,#2946,#2947,#2948,
#2949,#2950,#2951,#2952,#2953,#2954,#2955,#2956,#2957,#2958,#2959,#2960,
#2961,#2962,#2963,#2964,#2965,#2966,#2967,#2968,#2969,#2970,#2971,#2972,
#2973,#2974,#2975,#2976,#2977,#2978,#2979,#2980,#2981,#2982,#2983,#2984,
#2985,#2986,#2987,#2988,#2989,#2990,#2991,#2992,#2993,#2994,#2995,#2996,
#2997,#2998,#2999,#3000,#3001,#3002,#3003,#3004,#3005,#3006,#3007,#3008,
#3009,#3010,#3011,#3012,#3013,#3014,#3015,#3016,#3017,#3018,#3019,#3020,
#3021,#3022,#3023,#3024,#3025,#3026,#3027,#3028,#3029,#3030,#3031,#3032,
#3033,#3034,#3035,#3036,#3037,#3038,#3039,#3040,#3041,#3042,#3043,#3044,
#3045,#3046,#3047,#3048,#3049,#3050,#3051,#3052,#3053,#3054,#3055,#3056,
#3057,#3058,#3059,#3060,#3061,#3062,#3063,#3064,#3065,#3066,#3067,#3068,
#3069,#3070,#3071,#3072,#3073,#3074,#3075,#3076,#3077,#3078,#3079,#3080,
#3081,#3082,#3083,#3084,#3085,#3086,#3087,#3088,#3089,#3090,#3091,#3092,
#3093,#3094,#3095,#3096,#3097,#3098,#3099,#3100,#3101,#3102,#3103));
#3105=DERIVED_UNIT_ELEMENT(#3107,1.);
#3106=DERIVED_UNIT_ELEMENT(#6384,-3.);
#3107=(
MASS_UNIT()
NAMED_UNIT(*)
SI_UNIT(.KILO.,.GRAM.)
);
#3108=DERIVED_UNIT((#3105,#3106));
#3109=MEASURE_REPRESENTATION_ITEM('density measure',
POSITIVE_RATIO_MEASURE(7850.),#3108);
#3110=PROPERTY_DEFINITION_REPRESENTATION(#3115,#3112);
#3111=PROPERTY_DEFINITION_REPRESENTATION(#3116,#3113);
#3112=REPRESENTATION('material name',(#3114),#6381);
#3113=REPRESENTATION('density',(#3109),#6381);
#3114=DESCRIPTIVE_REPRESENTATION_ITEM('Steel','Steel');
#3115=PROPERTY_DEFINITION('material property','material name',#6391);
#3116=PROPERTY_DEFINITION('material property','density of part',#6391);
#3117=AXIS2_PLACEMENT_3D('',#4301,#3432,#3433);
#3118=AXIS2_PLACEMENT_3D('',#4302,#3434,#3435);
#3119=AXIS2_PLACEMENT_3D('',#4311,#3440,#3441);
#3120=AXIS2_PLACEMENT_3D('',#4313,#3442,#3443);
#3121=AXIS2_PLACEMENT_3D('',#4316,#3445,#3446);
#3122=AXIS2_PLACEMENT_3D('',#4317,#3447,#3448);
#3123=AXIS2_PLACEMENT_3D('',#4323,#3452,#3453);
#3124=AXIS2_PLACEMENT_3D('',#4325,#3454,#3455);
#3125=AXIS2_PLACEMENT_3D('',#4328,#3457,#3458);
#3126=AXIS2_PLACEMENT_3D('',#4329,#3459,#3460);
#3127=AXIS2_PLACEMENT_3D('',#4335,#3464,#3465);
#3128=AXIS2_PLACEMENT_3D('',#4337,#3466,#3467);
#3129=AXIS2_PLACEMENT_3D('',#4340,#3469,#3470);
#3130=AXIS2_PLACEMENT_3D('',#4341,#3471,#3472);
#3131=AXIS2_PLACEMENT_3D('',#4347,#3476,#3477);
#3132=AXIS2_PLACEMENT_3D('',#4348,#3478,#3479);
#3133=AXIS2_PLACEMENT_3D('',#4349,#3480,#3481);
#3134=AXIS2_PLACEMENT_3D('',#4350,#3482,#3483);
#3135=AXIS2_PLACEMENT_3D('',#4354,#3485,#3486);
#3136=AXIS2_PLACEMENT_3D('',#4356,#3488,#3489);
#3137=AXIS2_PLACEMENT_3D('',#4360,#3492,#3493);
#3138=AXIS2_PLACEMENT_3D('',#4363,#3495,#3496);
#3139=AXIS2_PLACEMENT_3D('',#4364,#3497,#3498);
#3140=AXIS2_PLACEMENT_3D('',#4372,#3503,#3504);
#3141=AXIS2_PLACEMENT_3D('',#4373,#3505,#3506);
#3142=AXIS2_PLACEMENT_3D('',#4378,#3508,#3509);
#3143=AXIS2_PLACEMENT_3D('',#4381,#3511,#3512);
#3144=AXIS2_PLACEMENT_3D('',#4382,#3513,#3514);
#3145=AXIS2_PLACEMENT_3D('',#4388,#3518,#3519);
#3146=AXIS2_PLACEMENT_3D('',#4392,#3521,#3522);
#3147=AXIS2_PLACEMENT_3D('',#4393,#3523,#3524);
#3148=AXIS2_PLACEMENT_3D('',#4394,#3525,#3526);
#3149=AXIS2_PLACEMENT_3D('',#4400,#3530,#3531);
#3150=AXIS2_PLACEMENT_3D('',#4403,#3533,#3534);
#3151=AXIS2_PLACEMENT_3D('',#4404,#3535,#3536);
#3152=AXIS2_PLACEMENT_3D('',#4405,#3537,#3538);
#3153=AXIS2_PLACEMENT_3D('',#4409,#3541,#3542);
#3154=AXIS2_PLACEMENT_3D('',#4411,#3543,#3544);
#3155=AXIS2_PLACEMENT_3D('',#4413,#3546,#3547);
#3156=AXIS2_PLACEMENT_3D('',#4417,#3550,#3551);
#3157=AXIS2_PLACEMENT_3D('',#4419,#3552,#3553);
#3158=AXIS2_PLACEMENT_3D('',#4421,#3555,#3556);
#3159=AXIS2_PLACEMENT_3D('',#4427,#3560,#3561);
#3160=AXIS2_PLACEMENT_3D('',#4429,#3562,#3563);
#3161=AXIS2_PLACEMENT_3D('',#4432,#3565,#3566);
#3162=AXIS2_PLACEMENT_3D('',#4433,#3567,#3568);
#3163=AXIS2_PLACEMENT_3D('',#4436,#3571,#3572);
#3164=AXIS2_PLACEMENT_3D('',#4438,#3574,#3575);
#3165=AXIS2_PLACEMENT_3D('',#4440,#3577,#3578);
#3166=AXIS2_PLACEMENT_3D('',#4448,#3582,#3583);
#3167=AXIS2_PLACEMENT_3D('',#4452,#3585,#3586);
#3168=AXIS2_PLACEMENT_3D('',#4456,#3588,#3589);
#3169=AXIS2_PLACEMENT_3D('',#4460,#3591,#3592);
#3170=AXIS2_PLACEMENT_3D('',#4484,#3594,#3595);
#3171=AXIS2_PLACEMENT_3D('',#4488,#3597,#3598);
#3172=AXIS2_PLACEMENT_3D('',#4536,#3602,#3603);
#3173=AXIS2_PLACEMENT_3D('',#4540,#3605,#3606);
#3174=AXIS2_PLACEMENT_3D('',#4566,#3610,#3611);
#3175=AXIS2_PLACEMENT_3D('',#4569,#3613,#3614);
#3176=AXIS2_PLACEMENT_3D('',#4570,#3615,#3616);
#3177=AXIS2_PLACEMENT_3D('',#4573,#3617,#3618);
#3178=AXIS2_PLACEMENT_3D('',#4583,#3623,#3624);
#3179=AXIS2_PLACEMENT_3D('',#4591,#3628,#3629);
#3180=AXIS2_PLACEMENT_3D('',#4595,#3631,#3632);
#3181=AXIS2_PLACEMENT_3D('',#4599,#3634,#3635);
#3182=AXIS2_PLACEMENT_3D('',#4605,#3638,#3639);
#3183=AXIS2_PLACEMENT_3D('',#4609,#3641,#3642);
#3184=AXIS2_PLACEMENT_3D('',#4619,#3647,#3648);
#3185=AXIS2_PLACEMENT_3D('',#4624,#3651,#3652);
#3186=AXIS2_PLACEMENT_3D('',#4626,#3653,#3654);
#3187=AXIS2_PLACEMENT_3D('',#4628,#3655,#3656);
#3188=AXIS2_PLACEMENT_3D('',#4629,#3657,#3658);
#3189=AXIS2_PLACEMENT_3D('',#4632,#3659,#3660);
#3190=AXIS2_PLACEMENT_3D('',#4634,#3661,#3662);
#3191=AXIS2_PLACEMENT_3D('',#4636,#3663,#3664);
#3192=AXIS2_PLACEMENT_3D('',#4637,#3665,#3666);
#3193=AXIS2_PLACEMENT_3D('',#4638,#3667,#3668);
#3194=AXIS2_PLACEMENT_3D('',#4641,#3669,#3670);
#3195=AXIS2_PLACEMENT_3D('',#4644,#3673,#3674);
#3196=AXIS2_PLACEMENT_3D('',#4647,#3675,#3676);
#3197=AXIS2_PLACEMENT_3D('',#4648,#3677,#3678);
#3198=AXIS2_PLACEMENT_3D('',#4649,#3679,#3680);
#3199=AXIS2_PLACEMENT_3D('',#4650,#3681,#3682);
#3200=AXIS2_PLACEMENT_3D('',#4653,#3683,#3684);
#3201=AXIS2_PLACEMENT_3D('',#4655,#3685,#3686);
#3202=AXIS2_PLACEMENT_3D('',#4657,#3687,#3688);
#3203=AXIS2_PLACEMENT_3D('',#4658,#3689,#3690);
#3204=AXIS2_PLACEMENT_3D('',#4659,#3691,#3692);
#3205=AXIS2_PLACEMENT_3D('',#4662,#3693,#3694);
#3206=AXIS2_PLACEMENT_3D('',#4665,#3697,#3698);
#3207=AXIS2_PLACEMENT_3D('',#4668,#3699,#3700);
#3208=AXIS2_PLACEMENT_3D('',#4669,#3701,#3702);
#3209=AXIS2_PLACEMENT_3D('',#4670,#3703,#3704);
#3210=AXIS2_PLACEMENT_3D('',#4671,#3705,#3706);
#3211=AXIS2_PLACEMENT_3D('',#4674,#3709,#3710);
#3212=AXIS2_PLACEMENT_3D('',#4683,#3711,#3712);
#3213=AXIS2_PLACEMENT_3D('',#4684,#3713,#3714);
#3214=AXIS2_PLACEMENT_3D('',#4685,#3715,#3716);
#3215=AXIS2_PLACEMENT_3D('',#4694,#3717,#3718);
#3216=AXIS2_PLACEMENT_3D('',#4695,#3719,#3720);
#3217=AXIS2_PLACEMENT_3D('',#4696,#3721,#3722);
#3218=AXIS2_PLACEMENT_3D('',#4699,#3725,#3726);
#3219=AXIS2_PLACEMENT_3D('',#4703,#3728,#3729);
#3220=AXIS2_PLACEMENT_3D('',#4705,#3731,#3732);
#3221=AXIS2_PLACEMENT_3D('',#4709,#3735,#3736);
#3222=AXIS2_PLACEMENT_3D('',#4712,#3738,#3739);
#3223=AXIS2_PLACEMENT_3D('',#4713,#3740,#3741);
#3224=AXIS2_PLACEMENT_3D('',#4714,#3742,#3743);
#3225=AXIS2_PLACEMENT_3D('',#4715,#3744,#3745);
#3226=AXIS2_PLACEMENT_3D('',#4716,#3746,#3747);
#3227=AXIS2_PLACEMENT_3D('',#4718,#3748,#3749);
#3228=AXIS2_PLACEMENT_3D('',#4720,#3751,#3752);
#3229=AXIS2_PLACEMENT_3D('',#4722,#3753,#3754);
#3230=AXIS2_PLACEMENT_3D('',#4723,#3755,#3756);
#3231=AXIS2_PLACEMENT_3D('',#4724,#3757,#3758);
#3232=AXIS2_PLACEMENT_3D('',#4726,#3759,#3760);
#3233=AXIS2_PLACEMENT_3D('',#4728,#3762,#3763);
#3234=AXIS2_PLACEMENT_3D('',#4730,#3764,#3765);
#3235=AXIS2_PLACEMENT_3D('',#4731,#3766,#3767);
#3236=AXIS2_PLACEMENT_3D('',#4732,#3768,#3769);
#3237=AXIS2_PLACEMENT_3D('',#4733,#3770,#3771);
#3238=AXIS2_PLACEMENT_3D('',#4735,#3773,#3774);
#3239=AXIS2_PLACEMENT_3D('',#4736,#3775,#3776);
#3240=AXIS2_PLACEMENT_3D('',#4737,#3777,#3778);
#3241=AXIS2_PLACEMENT_3D('',#4738,#3779,#3780);
#3242=AXIS2_PLACEMENT_3D('',#4740,#3782,#3783);
#3243=AXIS2_PLACEMENT_3D('',#4742,#3785,#3786);
#3244=AXIS2_PLACEMENT_3D('',#4744,#3788,#3789);
#3245=AXIS2_PLACEMENT_3D('',#4746,#3791,#3792);
#3246=AXIS2_PLACEMENT_3D('',#4768,#3793,#3794);
#3247=AXIS2_PLACEMENT_3D('',#4770,#3795,#3796);
#3248=AXIS2_PLACEMENT_3D('',#4796,#3797,#3798);
#3249=AXIS2_PLACEMENT_3D('',#4847,#3799,#3800);
#3250=AXIS2_PLACEMENT_3D('',#4857,#3801,#3802);
#3251=AXIS2_PLACEMENT_3D('',#4859,#3803,#3804);
#3252=AXIS2_PLACEMENT_3D('',#4860,#3805,#3806);
#3253=AXIS2_PLACEMENT_3D('',#4861,#3807,#3808);
#3254=AXIS2_PLACEMENT_3D('',#4863,#3809,#3810);
#3255=AXIS2_PLACEMENT_3D('',#4865,#3812,#3813);
#3256=AXIS2_PLACEMENT_3D('',#4867,#3814,#3815);
#3257=AXIS2_PLACEMENT_3D('',#4868,#3816,#3817);
#3258=AXIS2_PLACEMENT_3D('',#4915,#3818,#3819);
#3259=AXIS2_PLACEMENT_3D('',#4946,#3820,#3821);
#3260=AXIS2_PLACEMENT_3D('',#4972,#3822,#3823);
#3261=AXIS2_PLACEMENT_3D('',#4977,#3824,#3825);
#3262=AXIS2_PLACEMENT_3D('',#4979,#3826,#3827);
#3263=AXIS2_PLACEMENT_3D('',#4981,#3829,#3830);
#3264=AXIS2_PLACEMENT_3D('',#4983,#3831,#3832);
#3265=AXIS2_PLACEMENT_3D('',#4985,#3834,#3835);
#3266=AXIS2_PLACEMENT_3D('',#4988,#3837,#3838);
#3267=AXIS2_PLACEMENT_3D('',#5010,#3839,#3840);
#3268=AXIS2_PLACEMENT_3D('',#5036,#3841,#3842);
#3269=AXIS2_PLACEMENT_3D('',#5087,#3843,#3844);
#3270=AXIS2_PLACEMENT_3D('',#5097,#3845,#3846);
#3271=AXIS2_PLACEMENT_3D('',#5099,#3847,#3848);
#3272=AXIS2_PLACEMENT_3D('',#5100,#3849,#3850);
#3273=AXIS2_PLACEMENT_3D('',#5101,#3851,#3852);
#3274=AXIS2_PLACEMENT_3D('',#5103,#3853,#3854);
#3275=AXIS2_PLACEMENT_3D('',#5105,#3856,#3857);
#3276=AXIS2_PLACEMENT_3D('',#5107,#3858,#3859);
#3277=AXIS2_PLACEMENT_3D('',#5108,#3860,#3861);
#3278=AXIS2_PLACEMENT_3D('',#5155,#3862,#3863);
#3279=AXIS2_PLACEMENT_3D('',#5186,#3864,#3865);
#3280=AXIS2_PLACEMENT_3D('',#5212,#3866,#3867);
#3281=AXIS2_PLACEMENT_3D('',#5217,#3868,#3869);
#3282=AXIS2_PLACEMENT_3D('',#5219,#3870,#3871);
#3283=AXIS2_PLACEMENT_3D('',#5221,#3873,#3874);
#3284=AXIS2_PLACEMENT_3D('',#5223,#3875,#3876);
#3285=AXIS2_PLACEMENT_3D('',#5225,#3878,#3879);
#3286=AXIS2_PLACEMENT_3D('',#5227,#3881,#3882);
#3287=AXIS2_PLACEMENT_3D('',#5233,#3886,#3887);
#3288=AXIS2_PLACEMENT_3D('',#5237,#3890,#3891);
#3289=AXIS2_PLACEMENT_3D('',#5336,#3897,#3898);
#3290=AXIS2_PLACEMENT_3D('',#5339,#3900,#3901);
#3291=AXIS2_PLACEMENT_3D('',#5340,#3902,#3903);
#3292=AXIS2_PLACEMENT_3D('',#5344,#3906,#3907);
#3293=AXIS2_PLACEMENT_3D('',#5347,#3909,#3910);
#3294=AXIS2_PLACEMENT_3D('',#5443,#3914,#3915);
#3295=AXIS2_PLACEMENT_3D('',#5446,#3916,#3917);
#3296=AXIS2_PLACEMENT_3D('',#5450,#3919,#3920);
#3297=AXIS2_PLACEMENT_3D('',#5452,#3922,#3923);
#3298=AXIS2_PLACEMENT_3D('',#5454,#3924,#3925);
#3299=AXIS2_PLACEMENT_3D('',#5456,#3926,#3927);
#3300=AXIS2_PLACEMENT_3D('',#5458,#3929,#3930);
#3301=AXIS2_PLACEMENT_3D('',#5461,#3932,#3933);
#3302=AXIS2_PLACEMENT_3D('',#5484,#3934,#3935);
#3303=AXIS2_PLACEMENT_3D('',#5491,#3936,#3937);
#3304=AXIS2_PLACEMENT_3D('',#5518,#3938,#3939);
#3305=AXIS2_PLACEMENT_3D('',#5574,#3940,#3941);
#3306=AXIS2_PLACEMENT_3D('',#5593,#3942,#3943);
#3307=AXIS2_PLACEMENT_3D('',#5596,#3944,#3945);
#3308=AXIS2_PLACEMENT_3D('',#5597,#3946,#3947);
#3309=AXIS2_PLACEMENT_3D('',#5598,#3948,#3949);
#3310=AXIS2_PLACEMENT_3D('',#5599,#3950,#3951);
#3311=AXIS2_PLACEMENT_3D('',#5602,#3952,#3953);
#3312=AXIS2_PLACEMENT_3D('',#5605,#3956,#3957);
#3313=AXIS2_PLACEMENT_3D('',#5608,#3958,#3959);
#3314=AXIS2_PLACEMENT_3D('',#5609,#3960,#3961);
#3315=AXIS2_PLACEMENT_3D('',#5610,#3962,#3963);
#3316=AXIS2_PLACEMENT_3D('',#5658,#3964,#3965);
#3317=AXIS2_PLACEMENT_3D('',#5699,#3966,#3967);
#3318=AXIS2_PLACEMENT_3D('',#5729,#3968,#3969);
#3319=AXIS2_PLACEMENT_3D('',#5738,#3970,#3971);
#3320=AXIS2_PLACEMENT_3D('',#5761,#3973,#3974);
#3321=AXIS2_PLACEMENT_3D('',#5787,#3975,#3976);
#3322=AXIS2_PLACEMENT_3D('',#5838,#3977,#3978);
#3323=AXIS2_PLACEMENT_3D('',#5848,#3979,#3980);
#3324=AXIS2_PLACEMENT_3D('',#5850,#3981,#3982);
#3325=AXIS2_PLACEMENT_3D('',#5851,#3983,#3984);
#3326=AXIS2_PLACEMENT_3D('',#5852,#3985,#3986);
#3327=AXIS2_PLACEMENT_3D('',#5854,#3987,#3988);
#3328=AXIS2_PLACEMENT_3D('',#5856,#3990,#3991);
#3329=AXIS2_PLACEMENT_3D('',#5858,#3992,#3993);
#3330=AXIS2_PLACEMENT_3D('',#5859,#3994,#3995);
#3331=AXIS2_PLACEMENT_3D('',#5906,#3996,#3997);
#3332=AXIS2_PLACEMENT_3D('',#5937,#3998,#3999);
#3333=AXIS2_PLACEMENT_3D('',#5963,#4000,#4001);
#3334=AXIS2_PLACEMENT_3D('',#5968,#4002,#4003);
#3335=AXIS2_PLACEMENT_3D('',#5971,#4006,#4007);
#3336=AXIS2_PLACEMENT_3D('',#6049,#4013,#4014);
#3337=AXIS2_PLACEMENT_3D('',#6051,#4016,#4017);
#3338=AXIS2_PLACEMENT_3D('',#6053,#4019,#4020);
#3339=AXIS2_PLACEMENT_3D('',#6130,#4025,#4026);
#3340=AXIS2_PLACEMENT_3D('',#6143,#4034,#4035);
#3341=AXIS2_PLACEMENT_3D('',#6145,#4037,#4038);
#3342=AXIS2_PLACEMENT_3D('',#6147,#4040,#4041);
#3343=AXIS2_PLACEMENT_3D('',#6148,#4042,#4043);
#3344=AXIS2_PLACEMENT_3D('',#6151,#4045,#4046);
#3345=AXIS2_PLACEMENT_3D('',#6152,#4047,#4048);
#3346=AXIS2_PLACEMENT_3D('',#6153,#4049,#4050);
#3347=AXIS2_PLACEMENT_3D('',#6156,#4052,#4053);
#3348=AXIS2_PLACEMENT_3D('',#6157,#4054,#4055);
#3349=AXIS2_PLACEMENT_3D('',#6158,#4056,#4057);
#3350=AXIS2_PLACEMENT_3D('',#6161,#4059,#4060);
#3351=AXIS2_PLACEMENT_3D('',#6162,#4061,#4062);
#3352=AXIS2_PLACEMENT_3D('',#6163,#4063,#4064);
#3353=AXIS2_PLACEMENT_3D('',#6166,#4065,#4066);
#3354=AXIS2_PLACEMENT_3D('',#6169,#4069,#4070);
#3355=AXIS2_PLACEMENT_3D('',#6171,#4072,#4073);
#3356=AXIS2_PLACEMENT_3D('',#6175,#4075,#4076);
#3357=AXIS2_PLACEMENT_3D('',#6177,#4078,#4079);
#3358=AXIS2_PLACEMENT_3D('',#6185,#4084,#4085);
#3359=AXIS2_PLACEMENT_3D('',#6187,#4086,#4087);
#3360=AXIS2_PLACEMENT_3D('',#6189,#4088,#4089);
#3361=AXIS2_PLACEMENT_3D('',#6191,#4091,#4092);
#3362=AXIS2_PLACEMENT_3D('',#6194,#4095,#4096);
#3363=AXIS2_PLACEMENT_3D('',#6195,#4097,#4098);
#3364=AXIS2_PLACEMENT_3D('',#6196,#4099,#4100);
#3365=AXIS2_PLACEMENT_3D('',#6198,#4101,#4102);
#3366=AXIS2_PLACEMENT_3D('',#6201,#4104,#4105);
#3367=AXIS2_PLACEMENT_3D('',#6202,#4106,#4107);
#3368=AXIS2_PLACEMENT_3D('',#6211,#4113,#4114);
#3369=AXIS2_PLACEMENT_3D('',#6212,#4115,#4116);
#3370=AXIS2_PLACEMENT_3D('',#6213,#4117,#4118);
#3371=AXIS2_PLACEMENT_3D('',#6214,#4119,#4120);
#3372=AXIS2_PLACEMENT_3D('',#6216,#4122,#4123);
#3373=AXIS2_PLACEMENT_3D('',#6217,#4124,#4125);
#3374=AXIS2_PLACEMENT_3D('',#6223,#4129,#4130);
#3375=AXIS2_PLACEMENT_3D('',#6229,#4134,#4135);
#3376=AXIS2_PLACEMENT_3D('',#6231,#4136,#4137);
#3377=AXIS2_PLACEMENT_3D('',#6233,#4139,#4140);
#3378=AXIS2_PLACEMENT_3D('',#6237,#4143,#4144);
#3379=AXIS2_PLACEMENT_3D('',#6251,#4151,#4152);
#3380=AXIS2_PLACEMENT_3D('',#6254,#4154,#4155);
#3381=AXIS2_PLACEMENT_3D('',#6256,#4157,#4158);
#3382=AXIS2_PLACEMENT_3D('',#6260,#4160,#4161);
#3383=AXIS2_PLACEMENT_3D('',#6262,#4163,#4164);
#3384=AXIS2_PLACEMENT_3D('',#6266,#4166,#4167);
#3385=AXIS2_PLACEMENT_3D('',#6268,#4169,#4170);
#3386=AXIS2_PLACEMENT_3D('',#6272,#4172,#4173);
#3387=AXIS2_PLACEMENT_3D('',#6274,#4175,#4176);
#3388=AXIS2_PLACEMENT_3D('',#6278,#4178,#4179);
#3389=AXIS2_PLACEMENT_3D('',#6280,#4181,#4182);
#3390=AXIS2_PLACEMENT_3D('',#6284,#4184,#4185);
#3391=AXIS2_PLACEMENT_3D('',#6286,#4187,#4188);
#3392=AXIS2_PLACEMENT_3D('',#6288,#4190,#4191);
#3393=AXIS2_PLACEMENT_3D('',#6292,#4194,#4195);
#3394=AXIS2_PLACEMENT_3D('',#6294,#4197,#4198);
#3395=AXIS2_PLACEMENT_3D('',#6298,#4201,#4202);
#3396=AXIS2_PLACEMENT_3D('',#6299,#4203,#4204);
#3397=AXIS2_PLACEMENT_3D('',#6301,#4205,#4206);
#3398=AXIS2_PLACEMENT_3D('',#6304,#4208,#4209);
#3399=AXIS2_PLACEMENT_3D('',#6305,#4210,#4211);
#3400=AXIS2_PLACEMENT_3D('',#6306,#4212,#4213);
#3401=AXIS2_PLACEMENT_3D('',#6308,#4214,#4215);
#3402=AXIS2_PLACEMENT_3D('',#6311,#4217,#4218);
#3403=AXIS2_PLACEMENT_3D('',#6312,#4219,#4220);
#3404=AXIS2_PLACEMENT_3D('',#6313,#4221,#4222);
#3405=AXIS2_PLACEMENT_3D('',#6315,#4223,#4224);
#3406=AXIS2_PLACEMENT_3D('',#6318,#4226,#4227);
#3407=AXIS2_PLACEMENT_3D('',#6319,#4228,#4229);
#3408=AXIS2_PLACEMENT_3D('',#6320,#4230,#4231);
#3409=AXIS2_PLACEMENT_3D('',#6322,#4232,#4233);
#3410=AXIS2_PLACEMENT_3D('',#6325,#4235,#4236);
#3411=AXIS2_PLACEMENT_3D('',#6326,#4237,#4238);
#3412=AXIS2_PLACEMENT_3D('',#6327,#4239,#4240);
#3413=AXIS2_PLACEMENT_3D('',#6335,#4246,#4247);
#3414=AXIS2_PLACEMENT_3D('',#6344,#4252,#4253);
#3415=AXIS2_PLACEMENT_3D('',#6346,#4254,#4255);
#3416=AXIS2_PLACEMENT_3D('',#6350,#4257,#4258);
#3417=AXIS2_PLACEMENT_3D('',#6354,#4261,#4262);
#3418=AXIS2_PLACEMENT_3D('',#6357,#4265,#4266);
#3419=AXIS2_PLACEMENT_3D('',#6359,#4268,#4269);
#3420=AXIS2_PLACEMENT_3D('',#6361,#4271,#4272);
#3421=AXIS2_PLACEMENT_3D('',#6362,#4273,#4274);
#3422=AXIS2_PLACEMENT_3D('',#6363,#4275,#4276);
#3423=AXIS2_PLACEMENT_3D('',#6365,#4278,#4279);
#3424=AXIS2_PLACEMENT_3D('',#6367,#4281,#4282);
#3425=AXIS2_PLACEMENT_3D('',#6369,#4284,#4285);
#3426=AXIS2_PLACEMENT_3D('',#6371,#4287,#4288);
#3427=AXIS2_PLACEMENT_3D('',#6372,#4289,#4290);
#3428=AXIS2_PLACEMENT_3D('',#6374,#4292,#4293);
#3429=AXIS2_PLACEMENT_3D('',#6376,#4295,#4296);
#3430=AXIS2_PLACEMENT_3D('',#6377,#4297,#4298);
#3431=AXIS2_PLACEMENT_3D('',#6378,#4299,#4300);
#3432=DIRECTION('axis',(0.,0.,1.));
#3433=DIRECTION('refdir',(1.,0.,0.));
#3434=DIRECTION('center_axis',(0.,0.707106781186549,-0.707106781186546));
#3435=DIRECTION('ref_axis',(-1.,0.,0.));
#3436=DIRECTION('',(0.,-0.707106781186546,-0.707106781186549));
#3437=DIRECTION('',(-1.,0.,0.));
#3438=DIRECTION('',(0.,0.707106781186546,0.707106781186549));
#3439=DIRECTION('',(1.,0.,0.));
#3440=DIRECTION('center_axis',(0.,0.,1.));
#3441=DIRECTION('ref_axis',(0.707106781186547,0.707106781186548,0.));
#3442=DIRECTION('center_axis',(0.,0.,-1.));
#3443=DIRECTION('ref_axis',(0.707106781186547,0.707106781186548,0.));
#3444=DIRECTION('',(-0.70710678118654,-6.28036983473517E-15,-0.707106781186555));
#3445=DIRECTION('center_axis',(0.,0.,1.));
#3446=DIRECTION('ref_axis',(0.707106781186547,0.707106781186548,0.));
#3447=DIRECTION('center_axis',(0.707106781186543,0.,-0.707106781186552));
#3448=DIRECTION('ref_axis',(-0.707106781186552,0.,-0.707106781186543));
#3449=DIRECTION('',(-0.707106781186552,0.,-0.707106781186543));
#3450=DIRECTION('',(0.,1.,0.));
#3451=DIRECTION('',(0.,-1.,0.));
#3452=DIRECTION('center_axis',(0.,0.,1.));
#3453=DIRECTION('ref_axis',(0.707106781186548,-0.707106781186548,0.));
#3454=DIRECTION('center_axis',(0.,0.,-1.));
#3455=DIRECTION('ref_axis',(0.707106781186547,-0.707106781186547,0.));
#3456=DIRECTION('',(0.,0.707106781186546,-0.707106781186549));
#3457=DIRECTION('center_axis',(0.,0.,1.));
#3458=DIRECTION('ref_axis',(0.707106781186548,-0.707106781186548,0.));
#3459=DIRECTION('center_axis',(0.,-0.707106781186543,-0.707106781186552));
#3460=DIRECTION('ref_axis',(-1.,0.,0.));
#3461=DIRECTION('',(0.,0.707106781186552,-0.707106781186543));
#3462=DIRECTION('',(1.,0.,0.));
#3463=DIRECTION('',(-1.,0.,0.));
#3464=DIRECTION('center_axis',(0.,0.,1.));
#3465=DIRECTION('ref_axis',(-0.707106781186548,-0.707106781186548,0.));
#3466=DIRECTION('center_axis',(0.,0.,-1.));
#3467=DIRECTION('ref_axis',(-0.707106781186547,-0.707106781186547,0.));
#3468=DIRECTION('',(0.707106781186546,0.,-0.707106781186549));
#3469=DIRECTION('center_axis',(0.,0.,1.));
#3470=DIRECTION('ref_axis',(-0.707106781186548,-0.707106781186548,0.));
#3471=DIRECTION('center_axis',(-0.707106781186551,0.,-0.707106781186544));
#3472=DIRECTION('ref_axis',(-0.707106781186544,0.,0.707106781186551));
#3473=DIRECTION('',(0.707106781186544,0.,-0.707106781186551));
#3474=DIRECTION('',(0.,-1.,0.));
#3475=DIRECTION('',(0.,1.,0.));
#3476=DIRECTION('center_axis',(0.,0.,1.));
#3477=DIRECTION('ref_axis',(-0.707106781186548,0.707106781186547,0.));
#3478=DIRECTION('center_axis',(0.,0.,-1.));
#3479=DIRECTION('ref_axis',(-0.707106781186548,0.707106781186547,0.));
#3480=DIRECTION('center_axis',(0.,0.,1.));
#3481=DIRECTION('ref_axis',(-0.707106781186548,0.707106781186547,0.));
#3482=DIRECTION('center_axis',(0.,0.,-1.));
#3483=DIRECTION('ref_axis',(0.707106781186547,-0.707106781186547,0.));
#3484=DIRECTION('',(0.,0.,1.));
#3485=DIRECTION('center_axis',(0.,0.,1.));
#3486=DIRECTION('ref_axis',(0.707106781186547,-0.707106781186547,0.));
#3487=DIRECTION('',(0.,0.,-1.));
#3488=DIRECTION('center_axis',(1.,0.,0.));
#3489=DIRECTION('ref_axis',(0.,1.,0.));
#3490=DIRECTION('',(0.,0.,-1.));
#3491=DIRECTION('',(0.,1.,0.));
#3492=DIRECTION('center_axis',(0.,0.,-1.));
#3493=DIRECTION('ref_axis',(0.707106781186547,0.707106781186548,0.));
#3494=DIRECTION('',(0.,0.,1.));
#3495=DIRECTION('center_axis',(0.,0.,1.));
#3496=DIRECTION('ref_axis',(0.707106781186547,0.707106781186548,0.));
#3497=DIRECTION('center_axis',(0.,1.,0.));
#3498=DIRECTION('ref_axis',(-1.,0.,0.));
#3499=DIRECTION('',(0.,0.,-1.));
#3500=DIRECTION('',(-1.,0.,0.));
#3501=DIRECTION('',(0.,0.,-1.));
#3502=DIRECTION('',(-1.,0.,0.));
#3503=DIRECTION('center_axis',(0.,0.,-1.));
#3504=DIRECTION('ref_axis',(-1.,0.,0.));
#3505=DIRECTION('center_axis',(0.,0.,-1.));
#3506=DIRECTION('ref_axis',(-0.707106781186548,0.707106781186547,0.));
#3507=DIRECTION('',(0.,0.707106781186541,-0.707106781186554));
#3508=DIRECTION('center_axis',(0.,0.,1.));
#3509=DIRECTION('ref_axis',(-0.707106781186548,0.707106781186547,0.));
#3510=DIRECTION('',(0.707106781186548,0.,0.707106781186548));
#3511=DIRECTION('center_axis',(0.,0.,-1.));
#3512=DIRECTION('ref_axis',(-0.707106781186548,0.707106781186547,0.));
#3513=DIRECTION('center_axis',(0.,0.707106781186548,0.707106781186548));
#3514=DIRECTION('ref_axis',(1.,0.,0.));
#3515=DIRECTION('',(0.,0.707106781186548,-0.707106781186548));
#3516=DIRECTION('',(-1.,0.,0.));
#3517=DIRECTION('',(1.,0.,0.));
#3518=DIRECTION('center_axis',(0.,0.,1.));
#3519=DIRECTION('ref_axis',(0.707106781186547,-0.707106781186547,0.));
#3520=DIRECTION('',(-0.707106781186548,0.,-0.707106781186548));
#3521=DIRECTION('center_axis',(0.,0.,-1.));
#3522=DIRECTION('ref_axis',(0.707106781186547,-0.707106781186547,0.));
#3523=DIRECTION('center_axis',(0.,0.,1.));
#3524=DIRECTION('ref_axis',(0.707106781186547,-0.707106781186547,0.));
#3525=DIRECTION('center_axis',(-0.707106781186546,3.80628474832442E-16,
0.707106781186549));
#3526=DIRECTION('ref_axis',(0.707106781186549,0.,0.707106781186546));
#3527=DIRECTION('',(5.38289951333427E-16,1.,0.));
#3528=DIRECTION('',(-0.707106781186548,0.,-0.707106781186548));
#3529=DIRECTION('',(-5.38289951333427E-16,-1.,0.));
#3530=DIRECTION('center_axis',(0.,0.,-1.));
#3531=DIRECTION('ref_axis',(-0.707106781186547,0.707106781186547,0.));
#3532=DIRECTION('',(0.,0.707106781186541,-0.707106781186554));
#3533=DIRECTION('center_axis',(0.,0.,1.));
#3534=DIRECTION('ref_axis',(-0.707106781186548,0.707106781186548,0.));
#3535=DIRECTION('center_axis',(0.,0.,-1.));
#3536=DIRECTION('ref_axis',(-0.707106781186547,0.707106781186547,0.));
#3537=DIRECTION('center_axis',(0.,0.707106781186548,0.707106781186548));
#3538=DIRECTION('ref_axis',(1.,0.,0.));
#3539=DIRECTION('',(1.,0.,0.));
#3540=DIRECTION('',(0.,0.707106781186548,-0.707106781186548));
#3541=DIRECTION('center_axis',(0.,0.,-1.));
#3542=DIRECTION('ref_axis',(0.707106781186547,0.707106781186548,0.));
#3543=DIRECTION('center_axis',(0.,0.,-1.));
#3544=DIRECTION('ref_axis',(0.707106781186547,0.707106781186548,0.));
#3545=DIRECTION('',(0.707106781186541,6.28036983473518E-15,-0.707106781186554));
#3546=DIRECTION('center_axis',(0.707106781186541,0.,0.707106781186554));
#3547=DIRECTION('ref_axis',(0.707106781186554,0.,-0.707106781186541));
#3548=DIRECTION('',(0.,-1.,0.));
#3549=DIRECTION('',(0.707106781186554,0.,-0.707106781186541));
#3550=DIRECTION('center_axis',(0.,0.,-1.));
#3551=DIRECTION('ref_axis',(0.707106781186548,-0.707106781186548,0.));
#3552=DIRECTION('center_axis',(0.,0.,-1.));
#3553=DIRECTION('ref_axis',(0.707106781186547,-0.707106781186547,0.));
#3554=DIRECTION('',(0.,-0.707106781186554,-0.707106781186541));
#3555=DIRECTION('center_axis',(0.,-0.707106781186541,0.707106781186554));
#3556=DIRECTION('ref_axis',(1.,0.,0.));
#3557=DIRECTION('',(-1.,0.,0.));
#3558=DIRECTION('',(0.,-0.707106781186554,-0.707106781186541));
#3559=DIRECTION('',(1.,0.,0.));
#3560=DIRECTION('center_axis',(0.,0.,-1.));
#3561=DIRECTION('ref_axis',(-0.707106781186547,-0.707106781186547,0.));
#3562=DIRECTION('center_axis',(0.,0.,-1.));
#3563=DIRECTION('ref_axis',(-0.707106781186548,-0.707106781186548,0.));
#3564=DIRECTION('',(-0.70710678118654,0.,-0.707106781186555));
#3565=DIRECTION('center_axis',(0.,0.,1.));
#3566=DIRECTION('ref_axis',(-0.707106781186547,-0.707106781186547,0.));
#3567=DIRECTION('center_axis',(-0.707106781186548,0.,0.707106781186548));
#3568=DIRECTION('ref_axis',(0.707106781186548,0.,0.707106781186548));
#3569=DIRECTION('',(0.,1.,0.));
#3570=DIRECTION('',(0.,-1.,0.));
#3571=DIRECTION('center_axis',(0.,-1.,0.));
#3572=DIRECTION('ref_axis',(1.,0.,0.));
#3573=DIRECTION('',(0.,0.,1.));
#3574=DIRECTION('center_axis',(0.,0.,-1.));
#3575=DIRECTION('ref_axis',(-0.707106781186547,-0.707106781186547,0.));
#3576=DIRECTION('',(0.,0.,-1.));
#3577=DIRECTION('center_axis',(-1.,0.,0.));
#3578=DIRECTION('ref_axis',(0.,-1.,0.));
#3579=DIRECTION('',(0.,0.,1.));
#3580=DIRECTION('',(0.,-1.,0.));
#3581=DIRECTION('',(0.,0.,1.));
#3582=DIRECTION('center_axis',(-1.,0.,0.));
#3583=DIRECTION('ref_axis',(0.,-0.707106750277926,-0.707106812095168));
#3584=DIRECTION('',(0.,-0.999999999999999,-4.3711388675316E-8));
#3585=DIRECTION('center_axis',(-1.,0.,0.));
#3586=DIRECTION('ref_axis',(0.,0.707106812095168,-0.707106750277926));
#3587=DIRECTION('',(0.,4.37113881842559E-8,-0.999999999999999));
#3588=DIRECTION('center_axis',(-1.,0.,0.));
#3589=DIRECTION('ref_axis',(0.,0.70710675027793,0.707106812095164));
#3590=DIRECTION('',(0.,0.999999999999999,4.37113884482249E-8));
#3591=DIRECTION('center_axis',(-1.,0.,0.));
#3592=DIRECTION('ref_axis',(0.,-0.707106812095163,0.70710675027793));
#3593=DIRECTION('',(0.,-4.37113882696577E-8,0.999999999999999));
#3594=DIRECTION('center_axis',(-1.,0.,0.));
#3595=DIRECTION('ref_axis',(0.,0.897692681368623,-0.440622116804425));
#3596=DIRECTION('',(0.,2.9605947324398E-13,-1.));
#3597=DIRECTION('center_axis',(-1.,0.,0.));
#3598=DIRECTION('ref_axis',(0.,0.897692681371213,0.440622116799147));
#3599=DIRECTION('',(0.,1.,-3.93196699836529E-9));
#3600=DIRECTION('',(0.,1.,0.));
#3601=DIRECTION('',(0.,1.,3.93196669316706E-9));
#3602=DIRECTION('center_axis',(-1.,0.,0.));
#3603=DIRECTION('ref_axis',(0.,-0.897692681368623,0.440622116804425));
#3604=DIRECTION('',(0.,-3.02788097635879E-13,1.));
#3605=DIRECTION('center_axis',(-1.,0.,0.));
#3606=DIRECTION('ref_axis',(0.,-0.89769268137121,-0.440622116799153));
#3607=DIRECTION('',(0.,-1.,3.9319725517393E-9));
#3608=DIRECTION('',(0.,-1.,0.));
#3609=DIRECTION('',(0.,-1.,-3.93197224654238E-9));
#3610=DIRECTION('center_axis',(0.,0.,-1.));
#3611=DIRECTION('ref_axis',(-0.707106781186548,0.707106781186547,0.));
#3612=DIRECTION('',(0.,0.,-1.));
#3613=DIRECTION('center_axis',(0.,0.,-1.));
#3614=DIRECTION('ref_axis',(-0.707106781186548,0.707106781186547,0.));
#3615=DIRECTION('center_axis',(0.,0.,1.));
#3616=DIRECTION('ref_axis',(-1.,0.,0.));
#3617=DIRECTION('center_axis',(0.,0.,-1.));
#3618=DIRECTION('ref_axis',(0.707106781186548,-0.707106781186547,0.));
#3619=DIRECTION('',(0.,1.,0.));
#3620=DIRECTION('',(1.,0.,0.));
#3621=DIRECTION('',(0.707107666159032,-0.707105896212955,0.));
#3622=DIRECTION('',(1.,0.,0.));
#3623=DIRECTION('center_axis',(0.,0.,-1.));
#3624=DIRECTION('ref_axis',(1.,-2.53765262771464E-16,0.));
#3625=DIRECTION('',(0.,-1.,0.));
#3626=DIRECTION('',(1.,-6.4205668893985E-16,0.));
#3627=DIRECTION('',(7.80946210868537E-15,-1.,0.));
#3628=DIRECTION('center_axis',(0.,0.,-1.));
#3629=DIRECTION('ref_axis',(-0.13999999999998,-0.990151503558928,0.));
#3630=DIRECTION('',(1.35446715220958E-14,-1.,0.));
#3631=DIRECTION('center_axis',(0.,0.,-1.));
#3632=DIRECTION('ref_axis',(-0.140000000000008,-0.990151503558924,0.));
#3633=DIRECTION('',(-1.56284671408797E-14,-1.,0.));
#3634=DIRECTION('center_axis',(0.,0.,-1.));
#3635=DIRECTION('ref_axis',(-0.139999999999994,-0.990151503558926,0.));
#3636=DIRECTION('',(-7.80946210868548E-15,-1.,0.));
#3637=DIRECTION('',(-1.,1.4370365402892E-15,0.));
#3638=DIRECTION('center_axis',(0.,0.,-1.));
#3639=DIRECTION('ref_axis',(-0.975499871860576,0.219999999999999,0.));
#3640=DIRECTION('',(-1.,9.15223255162561E-16,0.));
#3641=DIRECTION('center_axis',(0.,0.,-1.));
#3642=DIRECTION('ref_axis',(-0.975499871860577,0.219999999999996,0.));
#3643=DIRECTION('',(-1.,2.15555481043381E-15,0.));
#3644=DIRECTION('',(9.96087947327243E-16,1.,0.));
#3645=DIRECTION('',(1.,-6.4205668893985E-16,0.));
#3646=DIRECTION('',(3.99895841650901E-17,1.,0.));
#3647=DIRECTION('center_axis',(0.,0.,-1.));
#3648=DIRECTION('ref_axis',(-0.999999946145451,-0.000328190639426077,0.));
#3649=DIRECTION('',(-7.56870605172861E-17,1.,0.));
#3650=DIRECTION('',(1.,0.,0.));
#3651=DIRECTION('center_axis',(0.,0.,-1.));
#3652=DIRECTION('ref_axis',(-1.,0.,0.));
#3653=DIRECTION('center_axis',(0.,0.,-1.));
#3654=DIRECTION('ref_axis',(-1.,0.,0.));
#3655=DIRECTION('center_axis',(0.,0.,-1.));
#3656=DIRECTION('ref_axis',(-1.,0.,0.));
#3657=DIRECTION('center_axis',(1.,1.61821530370891E-11,0.));
#3658=DIRECTION('ref_axis',(0.,0.,-1.));
#3659=DIRECTION('center_axis',(1.61826108077365E-11,-0.999999999999999,
-4.37113889528717E-8));
#3660=DIRECTION('ref_axis',(0.,4.37113889528717E-8,-0.999999999999999));
#3661=DIRECTION('center_axis',(1.,1.61821530370891E-11,0.));
#3662=DIRECTION('ref_axis',(1.14425106470231E-11,-0.707106812103257,0.707106750269837));
#3663=DIRECTION('center_axis',(7.07340112628999E-19,-4.37113878426487E-8,
0.999999999999999));
#3664=DIRECTION('ref_axis',(1.,1.61820556962242E-11,0.));
#3665=DIRECTION('center_axis',(-1.,-1.61821530370891E-11,0.));
#3666=DIRECTION('ref_axis',(1.14425136031682E-11,-0.707106812103257,0.707106750269837));
#3667=DIRECTION('center_axis',(7.07344374443221E-19,-4.37113882696577E-8,
0.999999999999999));
#3668=DIRECTION('ref_axis',(0.707106781180826,0.707106781192269,3.0908618758362E-8));
#3669=DIRECTION('center_axis',(7.07340130419353E-19,-4.37113889441981E-8,
0.999999999999999));
#3670=DIRECTION('ref_axis',(1.,1.6182055695424E-11,0.));
#3671=DIRECTION('',(7.07344374443221E-19,-4.37113882696577E-8,0.999999999999999));
#3672=DIRECTION('',(-7.07344374443221E-19,4.37113882696577E-8,-0.999999999999999));
#3673=DIRECTION('center_axis',(1.,1.61821530370891E-11,0.));
#3674=DIRECTION('ref_axis',(0.,0.,-1.));
#3675=DIRECTION('center_axis',(1.37518735834997E-11,-0.849831450878909,
0.527054556091728));
#3676=DIRECTION('ref_axis',(1.,1.61820556962242E-11,2.77555756170015E-16));
#3677=DIRECTION('center_axis',(-1.,-1.61821530370891E-11,0.));
#3678=DIRECTION('ref_axis',(1.14425136031682E-11,-0.707106750286019,-0.707106812087075));
#3679=DIRECTION('center_axis',(1.,1.61821530370891E-11,0.));
#3680=DIRECTION('ref_axis',(1.14425096466871E-11,-0.707106750286019,-0.707106812087075));
#3681=DIRECTION('center_axis',(1.,1.61821530370891E-11,0.));
#3682=DIRECTION('ref_axis',(0.,0.,-1.));
#3683=DIRECTION('center_axis',(-1.37522022330144E-11,0.849831647580158,
0.52705423892726));
#3684=DIRECTION('ref_axis',(8.52887205304853E-12,-0.52705423892726,0.849831647580158));
#3685=DIRECTION('center_axis',(1.,1.61821530370891E-11,0.));
#3686=DIRECTION('ref_axis',(-1.14425106467612E-11,0.707106812087075,-0.707106750286019));
#3687=DIRECTION('center_axis',(-7.07364381988389E-19,4.37113881245413E-8,
-0.999999999999999));
#3688=DIRECTION('ref_axis',(1.,1.61826108100934E-11,0.));
#3689=DIRECTION('center_axis',(-1.,-1.61821530370891E-11,0.));
#3690=DIRECTION('ref_axis',(-1.14425136034301E-11,0.707106812087075,-0.707106750286019));
#3691=DIRECTION('center_axis',(-7.07344373061237E-19,4.37113881842559E-8,
-0.999999999999999));
#3692=DIRECTION('ref_axis',(0.70710678119227,-0.707106781180825,-3.09086191513854E-8));
#3693=DIRECTION('center_axis',(-7.07364413221245E-19,4.37113900630948E-8,
-0.999999999999999));
#3694=DIRECTION('ref_axis',(1.,1.61826108069363E-11,0.));
#3695=DIRECTION('',(-7.07344373061237E-19,4.37113881842559E-8,-0.999999999999999));
#3696=DIRECTION('',(7.07344373061237E-19,-4.37113881842559E-8,0.999999999999999));
#3697=DIRECTION('center_axis',(1.,1.61821530370891E-11,0.));
#3698=DIRECTION('ref_axis',(-1.1442476595865E-11,0.707106750277928,0.707106812095166));
#3699=DIRECTION('center_axis',(-1.61826108100934E-11,0.999999999999999,
4.37113878426487E-8));
#3700=DIRECTION('ref_axis',(1.,1.61826108100934E-11,0.));
#3701=DIRECTION('center_axis',(-1.,-1.61821530370891E-11,0.));
#3702=DIRECTION('ref_axis',(-1.14425136034301E-11,0.707106750269837,0.707106812103257));
#3703=DIRECTION('center_axis',(1.,1.61821530370891E-11,0.));
#3704=DIRECTION('ref_axis',(-1.14425096464252E-11,0.707106750269837,0.707106812103257));
#3705=DIRECTION('center_axis',(-1.61821530370891E-11,0.999999999999999,
4.37113884482249E-8));
#3706=DIRECTION('ref_axis',(0.707106781186548,3.09200615924511E-8,-0.707106781186546));
#3707=DIRECTION('',(1.61821530370891E-11,-0.999999999999999,-4.37113884482249E-8));
#3708=DIRECTION('',(-1.61821530370891E-11,0.999999999999999,4.37113884482249E-8));
#3709=DIRECTION('center_axis',(1.,1.61821530370891E-11,0.));
#3710=DIRECTION('ref_axis',(0.,0.,-1.));
#3711=DIRECTION('center_axis',(1.61820556962242E-11,-0.999999999999999,
-4.37113883977602E-8));
#3712=DIRECTION('ref_axis',(1.,1.61820556962242E-11,0.));
#3713=DIRECTION('center_axis',(-1.,-1.61821530370891E-11,0.));
#3714=DIRECTION('ref_axis',(0.,4.3695206244724E-8,-0.999999999999999));
#3715=DIRECTION('center_axis',(1.,1.61821530370891E-11,0.));
#3716=DIRECTION('ref_axis',(0.,0.,-1.));
#3717=DIRECTION('center_axis',(-1.,-1.61821530370891E-11,0.));
#3718=DIRECTION('ref_axis',(0.,4.36952056896148E-8,-0.999999999999999));
#3719=DIRECTION('center_axis',(-1.61826108100934E-11,0.999999999999999,
4.37113878426487E-8));
#3720=DIRECTION('ref_axis',(0.,-4.37113878426487E-8,0.999999999999999));
#3721=DIRECTION('center_axis',(1.61821530370891E-11,-0.999999999999999,
-4.3711388675316E-8));
#3722=DIRECTION('ref_axis',(0.707106781186547,-3.08971767098194E-8,0.707106781186547));
#3723=DIRECTION('',(-1.37473807366688E-8,-1.,0.));
#3724=DIRECTION('',(1.61821530370891E-11,-0.999999999999999,-4.3711388675316E-8));
#3725=DIRECTION('center_axis',(1.,0.,0.));
#3726=DIRECTION('ref_axis',(0.,-0.707106750277928,-0.707106812095166));
#3727=DIRECTION('',(-1.,0.,0.));
#3728=DIRECTION('center_axis',(1.,0.,0.));
#3729=DIRECTION('ref_axis',(0.,-0.707106750277926,-0.707106812095168));
#3730=DIRECTION('',(1.,0.,0.));
#3731=DIRECTION('center_axis',(0.,4.3711388675316E-8,-0.999999999999999));
#3732=DIRECTION('ref_axis',(0.,0.999999999999999,4.3711388675316E-8));
#3733=DIRECTION('',(1.,0.,0.));
#3734=DIRECTION('',(0.,0.999999999999999,4.3711388675316E-8));
#3735=DIRECTION('center_axis',(1.,0.,0.));
#3736=DIRECTION('ref_axis',(0.,0.707106812095165,-0.707106750277928));
#3737=DIRECTION('',(-1.,0.,0.));
#3738=DIRECTION('center_axis',(1.,0.,0.));
#3739=DIRECTION('ref_axis',(0.,0.707106812095168,-0.707106750277926));
#3740=DIRECTION('center_axis',(-1.,0.,0.));
#3741=DIRECTION('ref_axis',(0.,-0.707106750277928,-0.707106812095166));
#3742=DIRECTION('center_axis',(0.,-0.999999999999999,-4.37113883977602E-8));
#3743=DIRECTION('ref_axis',(0.,-4.37113883977602E-8,0.999999999999999));
#3744=DIRECTION('center_axis',(0.,4.37113882503087E-8,-0.999999999999999));
#3745=DIRECTION('ref_axis',(-1.,0.,0.));
#3746=DIRECTION('center_axis',(0.,4.37113882696577E-8,-0.999999999999999));
#3747=DIRECTION('ref_axis',(-0.707106781186548,0.707106781186546,3.09086187586121E-8));
#3748=DIRECTION('center_axis',(0.,4.37113878426488E-8,-0.999999999999999));
#3749=DIRECTION('ref_axis',(-1.,0.,0.));
#3750=DIRECTION('',(0.,4.37113882696577E-8,-0.999999999999999));
#3751=DIRECTION('center_axis',(-1.,0.,0.));
#3752=DIRECTION('ref_axis',(0.,0.,1.));
#3753=DIRECTION('center_axis',(0.,-0.999999999999999,-4.37113883977603E-8));
#3754=DIRECTION('ref_axis',(-1.,0.,0.));
#3755=DIRECTION('center_axis',(1.,0.,0.));
#3756=DIRECTION('ref_axis',(0.,-0.707106812095163,0.70710675027793));
#3757=DIRECTION('center_axis',(0.,-0.999999999999999,-4.37113884482249E-8));
#3758=DIRECTION('ref_axis',(-0.707106781186549,3.09086203287046E-8,-0.707106781186546));
#3759=DIRECTION('center_axis',(0.,-0.999999999999999,-4.37113900630949E-8));
#3760=DIRECTION('ref_axis',(-1.,0.,0.));
#3761=DIRECTION('',(0.,-0.999999999999999,-4.37113884482249E-8));
#3762=DIRECTION('center_axis',(-1.,0.,0.));
#3763=DIRECTION('ref_axis',(0.,0.,1.));
#3764=DIRECTION('center_axis',(0.,-4.37113878426486E-8,0.999999999999999));
#3765=DIRECTION('ref_axis',(-1.,0.,0.));
#3766=DIRECTION('center_axis',(1.,0.,0.));
#3767=DIRECTION('ref_axis',(0.,0.70710675027793,0.707106812095164));
#3768=DIRECTION('center_axis',(0.,-4.37113881842559E-8,0.999999999999999));
#3769=DIRECTION('ref_axis',(-0.707106781186546,-0.707106781186549,-3.0908618758612E-8));
#3770=DIRECTION('center_axis',(0.,-4.37113882633188E-8,0.999999999999999));
#3771=DIRECTION('ref_axis',(-1.,0.,0.));
#3772=DIRECTION('',(0.,-4.37113881842559E-8,0.999999999999999));
#3773=DIRECTION('center_axis',(-1.,0.,0.));
#3774=DIRECTION('ref_axis',(0.,0.,1.));
#3775=DIRECTION('center_axis',(0.,0.999999999999999,4.37113878426488E-8));
#3776=DIRECTION('ref_axis',(-1.,0.,0.));
#3777=DIRECTION('center_axis',(0.,0.999999999999999,4.3711388675316E-8));
#3778=DIRECTION('ref_axis',(-0.707106781186548,-3.09086203287046E-8,0.707106781186547));
#3779=DIRECTION('center_axis',(0.,0.999999999999999,4.37113881842559E-8));
#3780=DIRECTION('ref_axis',(0.,-4.37113881842559E-8,0.999999999999999));
#3781=DIRECTION('',(1.,0.,0.));
#3782=DIRECTION('center_axis',(0.,-0.999999999999999,-4.37113882696577E-8));
#3783=DIRECTION('ref_axis',(0.,4.37113882696577E-8,-0.999999999999999));
#3784=DIRECTION('',(-1.,0.,0.));
#3785=DIRECTION('center_axis',(1.,0.,0.));
#3786=DIRECTION('ref_axis',(0.,0.707106750277928,0.707106812095166));
#3787=DIRECTION('',(-1.,0.,0.));
#3788=DIRECTION('center_axis',(1.,0.,0.));
#3789=DIRECTION('ref_axis',(0.,-0.707106812095166,0.707106750277928));
#3790=DIRECTION('',(1.,0.,0.));
#3791=DIRECTION('center_axis',(0.,-4.37113884482249E-8,0.999999999999999));
#3792=DIRECTION('ref_axis',(0.,-0.999999999999999,-4.37113884482249E-8));
#3793=DIRECTION('center_axis',(0.,-0.968444148597768,-0.249230678381987));
#3794=DIRECTION('ref_axis',(0.,-0.249230678381987,0.968444148597767));
#3795=DIRECTION('center_axis',(0.,0.999999999966901,-8.13626881424059E-6));
#3796=DIRECTION('ref_axis',(-1.,0.,0.));
#3797=DIRECTION('center_axis',(0.,-0.939857674019006,-0.341566322384957));
#3798=DIRECTION('ref_axis',(0.,-0.341566322384957,0.939857674019006));
#3799=DIRECTION('center_axis',(0.,-0.791086498994359,-0.611704300384466));
#3800=DIRECTION('ref_axis',(0.,-0.611704300384466,0.791086498994359));
#3801=DIRECTION('center_axis',(1.,0.,0.));
#3802=DIRECTION('ref_axis',(0.,0.,-1.));
#3803=DIRECTION('center_axis',(0.,-2.39919195621501E-11,-1.));
#3804=DIRECTION('ref_axis',(0.,-1.,2.39919195621501E-11));
#3805=DIRECTION('center_axis',(1.,0.,0.));
#3806=DIRECTION('ref_axis',(0.,0.897692681368623,-0.440622116804425));
#3807=DIRECTION('center_axis',(0.,-2.9605947324398E-13,1.));
#3808=DIRECTION('ref_axis',(-0.707106781186555,-0.70710678118654,-2.0901855856228E-13));
#3809=DIRECTION('center_axis',(0.,2.96984659087209E-13,-1.));
#3810=DIRECTION('ref_axis',(0.,-1.,-2.96984659087209E-13));
#3811=DIRECTION('',(0.,-2.9605947324398E-13,1.));
#3812=DIRECTION('center_axis',(1.,0.,0.));
#3813=DIRECTION('ref_axis',(0.,0.,-1.));
#3814=DIRECTION('center_axis',(0.,0.791086498994327,-0.611704300384507));
#3815=DIRECTION('ref_axis',(0.,-0.611704300384507,-0.791086498994327));
#3816=DIRECTION('center_axis',(1.,0.,0.));
#3817=DIRECTION('ref_axis',(0.,0.897692681371214,0.440622116799147));
#3818=DIRECTION('center_axis',(0.,0.939853282610804,-0.341578405590423));
#3819=DIRECTION('ref_axis',(0.,-0.341578405590423,-0.939853282610804));
#3820=DIRECTION('center_axis',(0.,0.968440945960571,-0.249243122647333));
#3821=DIRECTION('ref_axis',(0.,-0.249243122647333,-0.968440945960571));
#3822=DIRECTION('center_axis',(0.,0.999999999966901,8.13626881424058E-6));
#3823=DIRECTION('ref_axis',(0.,8.13626881424057E-6,-0.9999999999669));
#3824=DIRECTION('center_axis',(0.,-1.,3.93196699836529E-9));
#3825=DIRECTION('ref_axis',(-0.707106781186548,-2.78031972583723E-9,-0.707106781186548));
#3826=DIRECTION('center_axis',(0.,1.,-3.93196586401245E-9));
#3827=DIRECTION('ref_axis',(0.,-3.93196586401245E-9,-1.));
#3828=DIRECTION('',(0.,-1.,3.93196699836529E-9));
#3829=DIRECTION('center_axis',(0.,-1.,0.));
#3830=DIRECTION('ref_axis',(-0.707106781186548,0.,-0.707106781186548));
#3831=DIRECTION('center_axis',(0.,1.,0.));
#3832=DIRECTION('ref_axis',(0.,0.,-1.));
#3833=DIRECTION('',(0.,-1.,0.));
#3834=DIRECTION('center_axis',(0.,-1.,-3.93196669316706E-9));
#3835=DIRECTION('ref_axis',(-0.707106781186548,2.78031972583723E-9,-0.707106781186548));
#3836=DIRECTION('',(0.,-1.,-3.93196669316706E-9));
#3837=DIRECTION('center_axis',(0.,1.,3.93196586401243E-9));
#3838=DIRECTION('ref_axis',(0.,3.93196586401243E-9,-1.));
#3839=DIRECTION('center_axis',(-1.38350818791386E-15,0.968444148597734,
0.249230678382116));
#3840=DIRECTION('ref_axis',(0.,0.249230678382116,-0.968444148597734));
#3841=DIRECTION('center_axis',(0.,0.939857674018991,0.341566322384999));
#3842=DIRECTION('ref_axis',(0.,0.341566322384999,-0.939857674018991));
#3843=DIRECTION('center_axis',(3.39564099274628E-15,0.79108649899422,0.611704300384645));
#3844=DIRECTION('ref_axis',(0.,0.611704300384645,-0.79108649899422));
#3845=DIRECTION('center_axis',(1.,0.,0.));
#3846=DIRECTION('ref_axis',(0.,0.,-1.));
#3847=DIRECTION('center_axis',(0.,2.39974706772733E-11,1.));
#3848=DIRECTION('ref_axis',(0.,1.,-2.39974706772733E-11));
#3849=DIRECTION('center_axis',(1.,0.,0.));
#3850=DIRECTION('ref_axis',(0.,-0.897692681368623,0.440622116804425));
#3851=DIRECTION('center_axis',(0.,3.02788097635879E-13,-1.));
#3852=DIRECTION('ref_axis',(-0.707106781186555,0.70710678118654,2.14170424442336E-13));
#3853=DIRECTION('center_axis',(0.,-3.02535774210375E-13,1.));
#3854=DIRECTION('ref_axis',(0.,1.,3.02535774210375E-13));
#3855=DIRECTION('',(0.,3.02788097635879E-13,-1.));
#3856=DIRECTION('center_axis',(1.,0.,0.));
#3857=DIRECTION('ref_axis',(0.,0.,-1.));
#3858=DIRECTION('center_axis',(0.,-0.791086498994351,0.611704300384475));
#3859=DIRECTION('ref_axis',(0.,0.611704300384475,0.791086498994351));
#3860=DIRECTION('center_axis',(1.,0.,0.));
#3861=DIRECTION('ref_axis',(0.,-0.89769268137121,-0.440622116799153));
#3862=DIRECTION('center_axis',(0.,-0.939853282610711,0.34157840559068));
#3863=DIRECTION('ref_axis',(0.,0.34157840559068,0.939853282610711));
#3864=DIRECTION('center_axis',(0.,-0.968440945366738,0.249243124954691));
#3865=DIRECTION('ref_axis',(0.,0.249243124954691,0.968440945366738));
#3866=DIRECTION('center_axis',(0.,-0.999999999966901,-8.13626876983166E-6));
#3867=DIRECTION('ref_axis',(0.,-8.13626876983165E-6,0.9999999999669));
#3868=DIRECTION('center_axis',(0.,1.,-3.9319725517393E-9));
#3869=DIRECTION('ref_axis',(-0.707106781186548,2.78031972583723E-9,0.707106781186548));
#3870=DIRECTION('center_axis',(0.,-1.,3.93196586401245E-9));
#3871=DIRECTION('ref_axis',(0.,3.93196586401245E-9,1.));
#3872=DIRECTION('',(0.,1.,-3.9319725517393E-9));
#3873=DIRECTION('center_axis',(0.,1.,0.));
#3874=DIRECTION('ref_axis',(-0.707106781186548,0.,0.707106781186548));
#3875=DIRECTION('center_axis',(0.,-1.,0.));
#3876=DIRECTION('ref_axis',(0.,0.,1.));
#3877=DIRECTION('',(0.,1.,0.));
#3878=DIRECTION('center_axis',(0.,1.,3.93197224654238E-9));
#3879=DIRECTION('ref_axis',(-0.707106781186548,-2.78031972583723E-9,0.707106781186548));
#3880=DIRECTION('',(0.,1.,3.93197224654238E-9));
#3881=DIRECTION('center_axis',(0.,-3.93196669316706E-9,1.));
#3882=DIRECTION('ref_axis',(0.,-1.,-3.93196669316706E-9));
#3883=DIRECTION('',(1.,0.,0.));
#3884=DIRECTION('',(-1.61821530370891E-11,1.,3.93196669316706E-9));
#3885=DIRECTION('',(1.,0.,0.));
#3886=DIRECTION('center_axis',(0.,0.,1.));
#3887=DIRECTION('ref_axis',(0.,-1.,0.));
#3888=DIRECTION('',(1.,0.,0.));
#3889=DIRECTION('',(-1.61821530370891E-11,1.,0.));
#3890=DIRECTION('center_axis',(0.,3.93196699836529E-9,1.));
#3891=DIRECTION('ref_axis',(0.,-1.,3.93196699836529E-9));
#3892=DIRECTION('',(1.,0.,0.));
#3893=DIRECTION('',(-1.61821530370891E-11,1.,-3.93196699836529E-9));
#3894=DIRECTION('',(1.,0.,0.));
#3895=DIRECTION('',(1.,0.,0.));
#3896=DIRECTION('',(1.,0.,0.));
#3897=DIRECTION('center_axis',(1.,0.,0.));
#3898=DIRECTION('ref_axis',(0.,0.611704300384489,0.79108649899434));
#3899=DIRECTION('',(1.,0.,0.));
#3900=DIRECTION('center_axis',(-1.,-1.61821530370891E-11,0.));
#3901=DIRECTION('ref_axis',(-1.45266021434148E-11,0.897692681371088,0.440622116799403));
#3902=DIRECTION('center_axis',(0.,1.,2.9605947324398E-13));
#3903=DIRECTION('ref_axis',(0.,-2.9605947324398E-13,1.));
#3904=DIRECTION('',(1.,0.,0.));
#3905=DIRECTION('',(-4.79087970411407E-24,2.9605947324398E-13,-1.));
#3906=DIRECTION('center_axis',(1.,0.,0.));
#3907=DIRECTION('ref_axis',(0.,1.,-2.39899211607056E-11));
#3908=DIRECTION('',(1.,0.,0.));
#3909=DIRECTION('center_axis',(-1.,-1.61821530370891E-11,0.));
#3910=DIRECTION('ref_axis',(-1.4526602143414E-11,0.897692681368497,-0.440622116804681));
#3911=DIRECTION('',(1.,0.,0.));
#3912=DIRECTION('',(1.,0.,0.));
#3913=DIRECTION('',(1.,0.,0.));
#3914=DIRECTION('center_axis',(1.61821530370891E-11,-1.,0.));
#3915=DIRECTION('ref_axis',(0.707106781186549,1.14302730992179E-11,0.707106781186546));
#3916=DIRECTION('center_axis',(1.62092561595273E-11,-1.,3.93196586401245E-9));
#3917=DIRECTION('ref_axis',(1.,1.62092561595273E-11,0.));
#3918=DIRECTION('',(-1.61821530370891E-11,1.,0.));
#3919=DIRECTION('center_axis',(1.61648472385422E-11,-1.,-2.24332319922224E-26));
#3920=DIRECTION('ref_axis',(1.,1.61648472385422E-11,0.));
#3921=DIRECTION('',(1.61821530370891E-11,-1.,0.));
#3922=DIRECTION('center_axis',(-1.61821530370891E-11,1.,-3.93196699836529E-9));
#3923=DIRECTION('ref_axis',(0.707106781186549,-2.768889452738E-9,-0.707106781186546));
#3924=DIRECTION('center_axis',(-1.61648472385422E-11,1.,-3.93196586401247E-9));
#3925=DIRECTION('ref_axis',(1.,1.61648472385422E-11,0.));
#3926=DIRECTION('center_axis',(1.61648472385422E-11,-1.,3.93196586401247E-9));
#3927=DIRECTION('ref_axis',(-2.7755575615629E-15,-3.93196586401247E-9,-1.));
#3928=DIRECTION('',(1.61821530370891E-11,-1.,3.93196699836529E-9));
#3929=DIRECTION('center_axis',(-1.61821530370891E-11,1.,0.));
#3930=DIRECTION('ref_axis',(0.707106781186549,1.14302730992179E-11,-0.707106781186546));
#3931=DIRECTION('',(1.61821530370891E-11,-1.,0.));
#3932=DIRECTION('center_axis',(-1.61648472385422E-11,1.,-1.45816007949447E-25));
#3933=DIRECTION('ref_axis',(1.,1.61648472385422E-11,0.));
#3934=DIRECTION('center_axis',(-1.56547517211432E-11,0.968444148597779,
-0.249230678381941));
#3935=DIRECTION('ref_axis',(0.,0.249230678381941,0.968444148597779));
#3936=DIRECTION('center_axis',(1.61648472380072E-11,-0.999999999966901,
-8.13626872542277E-6));
#3937=DIRECTION('ref_axis',(1.,1.61648472385423E-11,0.));
#3938=DIRECTION('center_axis',(-1.51926557264884E-11,0.939857674018974,
-0.341566322385045));
#3939=DIRECTION('ref_axis',(0.,0.341566322385045,0.939857674018974));
#3940=DIRECTION('center_axis',(-1.27877924087164E-11,0.791086498994315,
-0.611704300384522));
#3941=DIRECTION('ref_axis',(0.,0.611704300384522,0.791086498994315));
#3942=DIRECTION('center_axis',(-1.,-1.61821530370891E-11,0.));
#3943=DIRECTION('ref_axis',(0.,0.,1.));
#3944=DIRECTION('center_axis',(-1.96515113321821E-22,1.21569421196452E-11,
-1.));
#3945=DIRECTION('ref_axis',(-1.61815005839113E-11,1.,1.21569421196452E-11));
#3946=DIRECTION('center_axis',(1.,1.61821530370891E-11,0.));
#3947=DIRECTION('ref_axis',(1.45266003502258E-11,-0.897692681371336,-0.440622116798897));
#3948=DIRECTION('center_axis',(-1.,-1.61821530370891E-11,0.));
#3949=DIRECTION('ref_axis',(1.4526602143398E-11,-0.897692681371336,-0.440622116798897));
#3950=DIRECTION('center_axis',(4.89976333375286E-24,-3.02788097635879E-13,
1.));
#3951=DIRECTION('ref_axis',(0.707106781180842,0.707106781192253,2.14170424440604E-13));
#3952=DIRECTION('center_axis',(-4.89044457430459E-24,3.02535774210362E-13,
-1.));
#3953=DIRECTION('ref_axis',(-2.77555756156295E-15,1.,3.02535774210362E-13));
#3954=DIRECTION('',(-4.89976333375286E-24,3.02788097635879E-13,-1.));
#3955=DIRECTION('',(4.89976333375286E-24,-3.02788097635879E-13,1.));
#3956=DIRECTION('center_axis',(-1.,-1.61821530370891E-11,0.));
#3957=DIRECTION('ref_axis',(0.,0.,1.));
#3958=DIRECTION('center_axis',(1.2787792478341E-11,-0.79108649899429,-0.611704300384555));
#3959=DIRECTION('ref_axis',(-9.89763826453331E-12,0.611704300384555,-0.79108649899429));
#3960=DIRECTION('center_axis',(1.,1.61821530370891E-11,0.));
#3961=DIRECTION('ref_axis',(1.45266003501839E-11,-0.897692681368748,0.440622116804169));
#3962=DIRECTION('center_axis',(-1.,-1.61821530370891E-11,0.));
#3963=DIRECTION('ref_axis',(1.45266021433969E-11,-0.897692681368748,0.440622116804169));
#3964=DIRECTION('center_axis',(1.51925847401276E-11,-0.939853282615842,
-0.341578405576563));
#3965=DIRECTION('ref_axis',(0.,0.341578405576563,-0.939853282615842));
#3966=DIRECTION('center_axis',(1.56533163640622E-11,-0.968440945363012,
-0.249243124969168));
#3967=DIRECTION('ref_axis',(0.,0.249243124969168,-0.968440945363012));
#3968=DIRECTION('center_axis',(1.61648472380072E-11,-0.999999999966901,
8.13626876983166E-6));
#3969=DIRECTION('ref_axis',(0.,-8.13626876983165E-6,-0.9999999999669));
#3970=DIRECTION('center_axis',(-1.61821530370891E-11,1.,3.93196669316706E-9));
#3971=DIRECTION('ref_axis',(0.707106781186549,2.79178140078561E-9,-0.707106781186546));
#3972=DIRECTION('',(1.61821530370891E-11,-1.,-3.93196669316706E-9));
#3973=DIRECTION('center_axis',(1.56561352389234E-11,-0.968444149191969,
0.249230676073076));
#3974=DIRECTION('ref_axis',(0.,-0.249230676073076,-0.968444149191969));
#3975=DIRECTION('center_axis',(1.51926557264884E-11,-0.939857674018974,
0.341566322385045));
#3976=DIRECTION('ref_axis',(0.,-0.341566322385045,-0.939857674018974));
#3977=DIRECTION('center_axis',(1.27877924087182E-11,-0.791086498994432,
0.611704300384371));
#3978=DIRECTION('ref_axis',(0.,-0.611704300384371,-0.791086498994432));
#3979=DIRECTION('center_axis',(-1.,-1.61821530370891E-11,0.));
#3980=DIRECTION('ref_axis',(0.,0.,1.));
#3981=DIRECTION('center_axis',(1.96470247062332E-22,-1.21541665620831E-11,
1.));
#3982=DIRECTION('ref_axis',(1.61815005839106E-11,-1.,-1.21541665620831E-11));
#3983=DIRECTION('center_axis',(1.,1.61821530370891E-11,0.));
#3984=DIRECTION('ref_axis',(-1.45266003502218E-11,0.897692681371088,0.440622116799403));
#3985=DIRECTION('center_axis',(-4.79087970411407E-24,2.9605947324398E-13,
-1.));
#3986=DIRECTION('ref_axis',(0.707106781192271,-0.707106781180824,-2.09509212457312E-13));
#3987=DIRECTION('center_axis',(4.75584518235169E-24,-2.94209101525699E-13,
1.));
#3988=DIRECTION('ref_axis',(2.0816681711724E-15,-1.,-2.94209101525699E-13));
#3989=DIRECTION('',(4.79087970411407E-24,-2.9605947324398E-13,1.));
#3990=DIRECTION('center_axis',(-1.,-1.61821530370891E-11,0.));
#3991=DIRECTION('ref_axis',(0.,0.,1.));
#3992=DIRECTION('center_axis',(-1.27877924916677E-11,0.791086498994296,
0.611704300384547));
#3993=DIRECTION('ref_axis',(9.89763826453318E-12,-0.611704300384547,0.791086498994296));
#3994=DIRECTION('center_axis',(1.,1.61821530370891E-11,0.));
#3995=DIRECTION('ref_axis',(-1.45266003501799E-11,0.897692681368497,-0.440622116804681));
#3996=DIRECTION('center_axis',(-1.51925847401276E-11,0.939853282615841,
0.341578405576563));
#3997=DIRECTION('ref_axis',(0.,-0.341578405576563,0.939853282615842));
#3998=DIRECTION('center_axis',(-1.56546999413423E-11,0.968440945363001,
0.24924312496921));
#3999=DIRECTION('ref_axis',(0.,-0.249243124969211,0.968440945363001));
#4000=DIRECTION('center_axis',(-1.61648472380072E-11,0.999999999966901,
-8.13626881424055E-6));
#4001=DIRECTION('ref_axis',(0.,8.13626881424055E-6,0.9999999999669));
#4002=DIRECTION('center_axis',(1.61821530370891E-11,-1.,-3.93197224654238E-9));
#4003=DIRECTION('ref_axis',(0.707106781186549,-2.768889452738E-9,0.707106781186546));
#4004=DIRECTION('',(-1.61821530370891E-11,1.,3.93197224654238E-9));
#4005=DIRECTION('',(1.61821530370891E-11,-1.,-3.93197224654238E-9));
#4006=DIRECTION('center_axis',(1.61821530370891E-11,-1.,3.9319725517393E-9));
#4007=DIRECTION('ref_axis',(0.707106781186548,2.79178140078562E-9,0.707106781186547));
#4008=DIRECTION('',(1.61821530370891E-11,-1.,3.9319725517393E-9));
#4009=DIRECTION('',(-1.61821530370891E-11,1.,-3.9319725517393E-9));
#4010=DIRECTION('',(1.,0.,0.));
#4011=DIRECTION('',(1.,0.,0.));
#4012=DIRECTION('',(1.,0.,0.));
#4013=DIRECTION('center_axis',(1.,0.,0.));
#4014=DIRECTION('ref_axis',(0.,-1.,2.40012454355564E-11));
#4015=DIRECTION('',(1.,0.,0.));
#4016=DIRECTION('center_axis',(0.,-1.,-3.02788097635879E-13));
#4017=DIRECTION('ref_axis',(0.,3.02788097635879E-13,-1.));
#4018=DIRECTION('',(1.,0.,0.));
#4019=DIRECTION('center_axis',(1.,0.,0.));
#4020=DIRECTION('ref_axis',(0.,-0.611704300384485,-0.791086498994344));
#4021=DIRECTION('',(1.,0.,0.));
#4022=DIRECTION('',(1.,0.,0.));
#4023=DIRECTION('',(1.,0.,0.));
#4024=DIRECTION('',(1.,0.,0.));
#4025=DIRECTION('center_axis',(1.,1.61821530370891E-11,0.));
#4026=DIRECTION('ref_axis',(-1.61821530370891E-11,1.,-6.00385880071008E-34));
#4027=DIRECTION('',(1.61821530370891E-11,-1.,6.00385880071008E-34));
#4028=DIRECTION('',(0.,0.,1.));
#4029=DIRECTION('',(-1.61821530370891E-11,1.,-6.00385880071008E-34));
#4030=DIRECTION('',(0.,0.,-1.));
#4031=DIRECTION('',(0.,0.,1.));
#4032=DIRECTION('',(0.,0.,1.));
#4033=DIRECTION('',(1.61821530370891E-11,-1.,6.00385880071008E-34));
#4034=DIRECTION('center_axis',(0.,3.93197224654238E-9,-1.));
#4035=DIRECTION('ref_axis',(0.,1.,3.93197224654238E-9));
#4036=DIRECTION('',(1.,0.,0.));
#4037=DIRECTION('center_axis',(0.,0.,-1.));
#4038=DIRECTION('ref_axis',(0.,1.,0.));
#4039=DIRECTION('',(1.,0.,0.));
#4040=DIRECTION('center_axis',(0.,-3.9319725517393E-9,-1.));
#4041=DIRECTION('ref_axis',(0.,1.,-3.9319725517393E-9));
#4042=DIRECTION('center_axis',(0.,0.,-1.));
#4043=DIRECTION('ref_axis',(-1.,0.,0.));
#4044=DIRECTION('',(0.,0.,-1.));
#4045=DIRECTION('center_axis',(0.,0.,-1.));
#4046=DIRECTION('ref_axis',(-1.,0.,0.));
#4047=DIRECTION('center_axis',(0.,0.,1.));
#4048=DIRECTION('ref_axis',(-1.,0.,0.));
#4049=DIRECTION('center_axis',(0.,0.,-1.));
#4050=DIRECTION('ref_axis',(-1.,0.,0.));
#4051=DIRECTION('',(0.,0.,-1.));
#4052=DIRECTION('center_axis',(0.,0.,-1.));
#4053=DIRECTION('ref_axis',(-1.,0.,0.));
#4054=DIRECTION('center_axis',(0.,0.,1.));
#4055=DIRECTION('ref_axis',(-1.,0.,0.));
#4056=DIRECTION('center_axis',(0.,0.,-1.));
#4057=DIRECTION('ref_axis',(-1.,0.,0.));
#4058=DIRECTION('',(0.,0.,-1.));
#4059=DIRECTION('center_axis',(0.,0.,-1.));
#4060=DIRECTION('ref_axis',(-1.,0.,0.));
#4061=DIRECTION('center_axis',(0.,0.,1.));
#4062=DIRECTION('ref_axis',(-1.,0.,0.));
#4063=DIRECTION('center_axis',(0.,0.,-1.));
#4064=DIRECTION('ref_axis',(0.707106781186548,-0.707106781186547,0.));
#4065=DIRECTION('center_axis',(0.,0.,1.));
#4066=DIRECTION('ref_axis',(0.707106781186548,-0.707106781186547,0.));
#4067=DIRECTION('',(0.,0.,1.));
#4068=DIRECTION('',(0.,0.,-1.));
#4069=DIRECTION('center_axis',(0.,-1.,0.));
#4070=DIRECTION('ref_axis',(-1.,0.,0.));
#4071=DIRECTION('',(-1.,0.,0.));
#4072=DIRECTION('center_axis',(0.,0.,-1.));
#4073=DIRECTION('ref_axis',(0.707106781186547,-0.707106781186547,0.));
#4074=DIRECTION('',(0.,0.,-1.));
#4075=DIRECTION('center_axis',(0.,0.,-1.));
#4076=DIRECTION('ref_axis',(0.707106781186547,-0.707106781186547,0.));
#4077=DIRECTION('',(0.,0.,1.));
#4078=DIRECTION('center_axis',(-1.,5.38289951333427E-16,0.));
#4079=DIRECTION('ref_axis',(5.38289951333427E-16,1.,0.));
#4080=DIRECTION('',(0.,0.,1.));
#4081=DIRECTION('',(0.,1.,0.));
#4082=DIRECTION('',(0.,0.,-1.));
#4083=DIRECTION('',(5.38289951333427E-16,1.,0.));
#4084=DIRECTION('center_axis',(0.,0.,-1.));
#4085=DIRECTION('ref_axis',(0.707106781180827,0.707106781192268,0.));
#4086=DIRECTION('center_axis',(0.,0.,1.));
#4087=DIRECTION('ref_axis',(0.707106781180827,0.707106781192268,0.));
#4088=DIRECTION('center_axis',(0.,0.,-1.));
#4089=DIRECTION('ref_axis',(0.707106781180827,0.707106781192268,0.));
#4090=DIRECTION('',(0.,0.,1.));
#4091=DIRECTION('center_axis',(0.,1.,0.));
#4092=DIRECTION('ref_axis',(1.,0.,0.));
#4093=DIRECTION('',(1.,0.,0.));
#4094=DIRECTION('',(1.,0.,0.));
#4095=DIRECTION('center_axis',(0.,0.,-1.));
#4096=DIRECTION('ref_axis',(-0.707106781186548,0.707106781186548,0.));
#4097=DIRECTION('center_axis',(0.,0.,-1.));
#4098=DIRECTION('ref_axis',(-0.707106781186548,0.707106781186548,0.));
#4099=DIRECTION('center_axis',(0.,0.,1.));
#4100=DIRECTION('ref_axis',(-0.707106781181964,-0.707106781191131,0.));
#4101=DIRECTION('center_axis',(0.,0.,-1.));
#4102=DIRECTION('ref_axis',(-0.707106781181964,-0.707106781191131,0.));
#4103=DIRECTION('',(0.,0.,1.));
#4104=DIRECTION('center_axis',(0.,0.,1.));
#4105=DIRECTION('ref_axis',(-0.707106781181964,-0.707106781191131,0.));
#4106=DIRECTION('center_axis',(1.29677382681714E-11,-1.,0.));
#4107=DIRECTION('ref_axis',(1.,1.29677382681714E-11,-1.30247720882765E-49));
#4108=DIRECTION('',(1.,1.29677382681714E-11,-1.30247720882765E-49));
#4109=DIRECTION('',(0.,0.,1.));
#4110=DIRECTION('',(-1.,-1.29677382681714E-11,1.30247720882765E-49));
#4111=DIRECTION('',(0.,0.,1.));
#4112=DIRECTION('',(0.,0.,-1.));
#4113=DIRECTION('center_axis',(0.,0.,-1.));
#4114=DIRECTION('ref_axis',(1.,0.,0.));
#4115=DIRECTION('center_axis',(0.,0.,-1.));
#4116=DIRECTION('ref_axis',(-0.999999946520558,0.000327045686507421,0.));
#4117=DIRECTION('center_axis',(0.,0.,1.));
#4118=DIRECTION('ref_axis',(-0.707106781186548,0.707106781186547,0.));
#4119=DIRECTION('center_axis',(1.,0.,0.));
#4120=DIRECTION('ref_axis',(0.,-1.,0.));
#4121=DIRECTION('',(0.,-1.,0.));
#4122=DIRECTION('center_axis',(0.,0.,-1.));
#4123=DIRECTION('ref_axis',(-1.,0.,0.));
#4124=DIRECTION('center_axis',(1.,-3.99895841650901E-17,0.));
#4125=DIRECTION('ref_axis',(3.99895841650901E-17,1.,0.));
#4126=DIRECTION('',(-3.99895841650901E-17,-1.,0.));
#4127=DIRECTION('',(0.,0.,1.));
#4128=DIRECTION('',(0.,0.,1.));
#4129=DIRECTION('center_axis',(-1.,0.,0.));
#4130=DIRECTION('ref_axis',(0.,-1.,0.));
#4131=DIRECTION('',(0.,1.,0.));
#4132=DIRECTION('',(0.,0.,1.));
#4133=DIRECTION('',(0.,0.,1.));
#4134=DIRECTION('center_axis',(0.,0.,1.));
#4135=DIRECTION('ref_axis',(1.,-2.53765262771464E-16,0.));
#4136=DIRECTION('center_axis',(0.,0.,1.));
#4137=DIRECTION('ref_axis',(1.,-2.53765262771464E-16,0.));
#4138=DIRECTION('',(0.,0.,1.));
#4139=DIRECTION('center_axis',(0.,-1.,0.));
#4140=DIRECTION('ref_axis',(1.,0.,0.));
#4141=DIRECTION('',(-1.,0.,0.));
#4142=DIRECTION('',(0.,0.,1.));
#4143=DIRECTION('center_axis',(0.,0.,-1.));
#4144=DIRECTION('ref_axis',(1.,0.,0.));
#4145=DIRECTION('',(0.707107666159032,-0.707105896212955,0.));
#4146=DIRECTION('',(0.,-1.,0.));
#4147=DIRECTION('',(0.707106781186687,-0.707106781186408,0.));
#4148=DIRECTION('',(0.,-1.,0.));
#4149=DIRECTION('',(-0.707106913932586,-0.707106648440484,0.));
#4150=DIRECTION('',(0.,-1.,0.));
#4151=DIRECTION('center_axis',(0.,0.,-1.));
#4152=DIRECTION('ref_axis',(0.999999946520558,-0.000327045686502687,0.));
#4153=DIRECTION('',(-1.,-1.28982215485242E-11,1.99189686689442E-43));
#4154=DIRECTION('center_axis',(-3.34817299369007E-45,-1.0201914477166E-41,
-1.));
#4155=DIRECTION('ref_axis',(-0.000328190637244571,-0.999999946145451,1.02019150265855E-41));
#4156=DIRECTION('',(1.,-6.2199241741048E-16,5.94021765979678E-33));
#4157=DIRECTION('center_axis',(0.,0.,-1.));
#4158=DIRECTION('ref_axis',(1.,1.22464679914735E-16,0.));
#4159=DIRECTION('',(0.,0.,1.));
#4160=DIRECTION('center_axis',(0.,0.,-1.));
#4161=DIRECTION('ref_axis',(-1.,0.,0.));
#4162=DIRECTION('',(0.,0.,-1.));
#4163=DIRECTION('center_axis',(0.,0.,-1.));
#4164=DIRECTION('ref_axis',(1.,4.1192675685653E-15,0.));
#4165=DIRECTION('',(0.,0.,1.));
#4166=DIRECTION('center_axis',(0.,0.,-1.));
#4167=DIRECTION('ref_axis',(-1.,0.,0.));
#4168=DIRECTION('',(0.,0.,-1.));
#4169=DIRECTION('center_axis',(0.,0.,-1.));
#4170=DIRECTION('ref_axis',(1.96005385927235E-15,-1.,0.));
#4171=DIRECTION('',(0.,0.,1.));
#4172=DIRECTION('center_axis',(0.,0.,-1.));
#4173=DIRECTION('ref_axis',(-1.,0.,0.));
#4174=DIRECTION('',(0.,0.,-1.));
#4175=DIRECTION('center_axis',(0.,0.,-1.));
#4176=DIRECTION('ref_axis',(1.,4.1192675685653E-15,0.));
#4177=DIRECTION('',(0.,0.,1.));
#4178=DIRECTION('center_axis',(0.,0.,-1.));
#4179=DIRECTION('ref_axis',(-1.,0.,0.));
#4180=DIRECTION('',(0.,0.,-1.));
#4181=DIRECTION('center_axis',(0.,0.,-1.));
#4182=DIRECTION('ref_axis',(1.96005385927235E-15,-1.,0.));
#4183=DIRECTION('',(0.,0.,1.));
#4184=DIRECTION('center_axis',(0.,0.,-1.));
#4185=DIRECTION('ref_axis',(-1.,0.,0.));
#4186=DIRECTION('',(0.,0.,-1.));
#4187=DIRECTION('center_axis',(-1.,1.72252784426691E-14,0.));
#4188=DIRECTION('ref_axis',(-1.72252784426691E-14,-1.,-6.72862439166763E-17));
#4189=DIRECTION('',(1.72252784426691E-14,1.,6.72862439166763E-17));
#4190=DIRECTION('center_axis',(6.4205668893985E-16,1.,0.));
#4191=DIRECTION('ref_axis',(-1.,6.4205668893985E-16,1.34167149014577E-17));
#4192=DIRECTION('',(0.,0.,1.));
#4193=DIRECTION('',(1.,-6.4205668893985E-16,-1.34167149014577E-17));
#4194=DIRECTION('center_axis',(-1.,2.15315980533363E-15,0.));
#4195=DIRECTION('ref_axis',(-2.15315980533363E-15,-1.,1.19524379578941E-31));
#4196=DIRECTION('',(2.15315980533363E-15,1.,-1.19524379578941E-31));
#4197=DIRECTION('center_axis',(-1.,-3.84077154464919E-15,0.));
#4198=DIRECTION('ref_axis',(3.84077154464919E-15,-1.,-5.33014125149333E-32));
#4199=DIRECTION('',(0.,0.,1.));
#4200=DIRECTION('',(-3.84077154464919E-15,1.,5.33014125149333E-32));
#4201=DIRECTION('center_axis',(0.,0.,1.));
#4202=DIRECTION('ref_axis',(-0.707106781186548,0.707106781186547,0.));
#4203=DIRECTION('center_axis',(0.,0.,-1.));
#4204=DIRECTION('ref_axis',(-1.,0.,0.));
#4205=DIRECTION('center_axis',(0.,0.,-1.));
#4206=DIRECTION('ref_axis',(-1.,0.,0.));
#4207=DIRECTION('',(0.,0.,-1.));
#4208=DIRECTION('center_axis',(0.,0.,-1.));
#4209=DIRECTION('ref_axis',(-1.,0.,0.));
#4210=DIRECTION('center_axis',(0.,0.,1.));
#4211=DIRECTION('ref_axis',(-1.,0.,0.));
#4212=DIRECTION('center_axis',(0.,0.,-1.));
#4213=DIRECTION('ref_axis',(-1.,0.,0.));
#4214=DIRECTION('center_axis',(0.,0.,-1.));
#4215=DIRECTION('ref_axis',(-1.,0.,0.));
#4216=DIRECTION('',(0.,0.,-1.));
#4217=DIRECTION('center_axis',(0.,0.,-1.));
#4218=DIRECTION('ref_axis',(-1.,0.,0.));
#4219=DIRECTION('center_axis',(0.,0.,1.));
#4220=DIRECTION('ref_axis',(-1.,0.,0.));
#4221=DIRECTION('center_axis',(0.,0.,-1.));
#4222=DIRECTION('ref_axis',(-1.,0.,0.));
#4223=DIRECTION('center_axis',(0.,0.,-1.));
#4224=DIRECTION('ref_axis',(-1.,0.,0.));
#4225=DIRECTION('',(0.,0.,-1.));
#4226=DIRECTION('center_axis',(0.,0.,-1.));
#4227=DIRECTION('ref_axis',(-1.,0.,0.));
#4228=DIRECTION('center_axis',(0.,0.,1.));
#4229=DIRECTION('ref_axis',(-1.,0.,0.));
#4230=DIRECTION('center_axis',(0.,0.,-1.));
#4231=DIRECTION('ref_axis',(-1.,0.,0.));
#4232=DIRECTION('center_axis',(0.,0.,-1.));
#4233=DIRECTION('ref_axis',(-1.,0.,0.));
#4234=DIRECTION('',(0.,0.,-1.));
#4235=DIRECTION('center_axis',(0.,0.,-1.));
#4236=DIRECTION('ref_axis',(-1.,0.,0.));
#4237=DIRECTION('center_axis',(0.,0.,1.));
#4238=DIRECTION('ref_axis',(-1.,0.,0.));
#4239=DIRECTION('center_axis',(0.,0.,-1.));
#4240=DIRECTION('ref_axis',(1.,0.,0.));
#4241=DIRECTION('',(-1.,6.2199241741048E-16,-5.94021765979678E-33));
#4242=DIRECTION('',(-1.97289632078659E-15,-1.,3.63709426576617E-19));
#4243=DIRECTION('',(1.,-6.4205668893985E-16,-1.34167149014577E-17));
#4244=DIRECTION('',(1.,-6.4205668893985E-16,-1.34167149014577E-17));
#4245=DIRECTION('',(3.84077154464919E-15,1.,-1.06602825029866E-31));
#4246=DIRECTION('center_axis',(0.,0.,-1.));
#4247=DIRECTION('ref_axis',(1.,0.,0.));
#4248=DIRECTION('',(0.,1.,0.));
#4249=DIRECTION('',(-0.707106781186687,0.707106781186408,0.));
#4250=DIRECTION('',(0.,1.,0.));
#4251=DIRECTION('',(-0.707107666159032,0.707105896212955,0.));
#4252=DIRECTION('center_axis',(0.,0.,1.));
#4253=DIRECTION('ref_axis',(-0.999999946520558,0.000327045686507421,0.));
#4254=DIRECTION('center_axis',(3.34817299369007E-45,1.0201914477166E-41,
1.));
#4255=DIRECTION('ref_axis',(-0.000328190637244571,-0.999999946145451,1.02019150265855E-41));
#4256=DIRECTION('',(1.,1.28982215485242E-11,-1.99189686689442E-43));
#4257=DIRECTION('center_axis',(0.,0.,1.));
#4258=DIRECTION('ref_axis',(0.999999946520558,-0.000327045686502687,0.));
#4259=DIRECTION('',(0.,1.,0.));
#4260=DIRECTION('',(0.707106913932586,0.707106648440484,0.));
#4261=DIRECTION('center_axis',(-1.,0.,0.));
#4262=DIRECTION('ref_axis',(0.,-1.,0.));
#4263=DIRECTION('',(0.,0.,1.));
#4264=DIRECTION('',(0.,0.,1.));
#4265=DIRECTION('center_axis',(-0.707106781186408,-0.707106781186687,0.));
#4266=DIRECTION('ref_axis',(0.707106781186687,-0.707106781186408,0.));
#4267=DIRECTION('',(0.,0.,1.));
#4268=DIRECTION('center_axis',(-1.,0.,0.));
#4269=DIRECTION('ref_axis',(0.,-1.,0.));
#4270=DIRECTION('',(0.,0.,1.));
#4271=DIRECTION('center_axis',(-0.707105896212955,-0.707107666159032,0.));
#4272=DIRECTION('ref_axis',(0.707107666159032,-0.707105896212955,0.));
#4273=DIRECTION('center_axis',(0.,0.,1.));
#4274=DIRECTION('ref_axis',(-0.999999946520558,0.000327045686507421,0.));
#4275=DIRECTION('center_axis',(0.,0.,1.));
#4276=DIRECTION('ref_axis',(-0.000328190637244571,-0.999999946145451,0.));
#4277=DIRECTION('',(0.,0.,1.));
#4278=DIRECTION('center_axis',(-1.28982215485242E-11,1.,0.));
#4279=DIRECTION('ref_axis',(-1.,-1.28982215485242E-11,1.99189686689442E-43));
#4280=DIRECTION('',(0.,0.,1.));
#4281=DIRECTION('center_axis',(0.,0.,1.));
#4282=DIRECTION('ref_axis',(0.999999946520558,-0.000327045686502687,0.));
#4283=DIRECTION('',(0.,0.,1.));
#4284=DIRECTION('center_axis',(-1.,0.,0.));
#4285=DIRECTION('ref_axis',(0.,-1.,0.));
#4286=DIRECTION('',(0.,0.,1.));
#4287=DIRECTION('center_axis',(-0.707106648440484,0.707106913932586,0.));
#4288=DIRECTION('ref_axis',(-0.707106913932586,-0.707106648440484,0.));
#4289=DIRECTION('center_axis',(-6.2199241741048E-16,-1.,0.));
#4290=DIRECTION('ref_axis',(1.,-6.2199241741048E-16,5.94021765979678E-33));
#4291=DIRECTION('',(0.,0.,1.));
#4292=DIRECTION('center_axis',(1.,-1.97289632078659E-15,0.));
#4293=DIRECTION('ref_axis',(1.97289632078659E-15,1.,-3.63709426576617E-19));
#4294=DIRECTION('',(0.,0.,1.));
#4295=DIRECTION('center_axis',(6.4205668893985E-16,1.,0.));
#4296=DIRECTION('ref_axis',(-1.,6.4205668893985E-16,1.34167149014577E-17));
#4297=DIRECTION('center_axis',(6.4205668893985E-16,1.,0.));
#4298=DIRECTION('ref_axis',(-1.,6.4205668893985E-16,1.34167149014577E-17));
#4299=DIRECTION('center_axis',(-1.,3.84077154464919E-15,0.));
#4300=DIRECTION('ref_axis',(-3.84077154464919E-15,-1.,1.06602825029866E-31));
#4301=CARTESIAN_POINT('',(0.,0.,0.));
#4302=CARTESIAN_POINT('Origin',(65.6254196703289,60.5900001525877,-8.96966832459404));
#4303=CARTESIAN_POINT('',(65.000419670329,60.8400001525877,-8.71966832459404));
#4304=CARTESIAN_POINT('',(65.000419670329,60.3400001525877,-9.21966832459404));
#4305=CARTESIAN_POINT('',(65.000419670329,60.8400001525877,-8.71966832459404));
#4306=CARTESIAN_POINT('',(0.000419670328808408,60.3400001525877,-9.21966832459404));
#4307=CARTESIAN_POINT('',(65.6254196703289,60.3400001525877,-9.21966832459404));
#4308=CARTESIAN_POINT('',(0.000419670328808408,60.8400001525877,-8.71966832459404));
#4309=CARTESIAN_POINT('',(0.000419670328808408,60.3400001525877,-9.21966832459404));
#4310=CARTESIAN_POINT('',(65.6254196703289,60.8400001525877,-8.71966832459404));
#4311=CARTESIAN_POINT('Origin',(65.000419670329,35.8400001525877,-8.96966832459404));
#4312=CARTESIAN_POINT('',(90.000419670329,35.8400001525877,-8.71966832459404));
#4313=CARTESIAN_POINT('Origin',(65.000419670329,35.8400001525877,-8.71966832459404));
#4314=CARTESIAN_POINT('',(89.500419670329,35.8400001525877,-9.21966832459404));
#4315=CARTESIAN_POINT('',(90.000419670329,35.8400001525877,-8.71966832459404));
#4316=CARTESIAN_POINT('Origin',(65.000419670329,35.8400001525877,-9.21966832459404));
#4317=CARTESIAN_POINT('Origin',(89.750419670329,-33.6984146537622,-8.96966832459404));
#4318=CARTESIAN_POINT('',(90.000419670329,-57.7112195892122,-8.71966832459404));
#4319=CARTESIAN_POINT('',(89.500419670329,-57.7112195892122,-9.21966832459404));
#4320=CARTESIAN_POINT('',(90.000419670329,-57.7112195892122,-8.71966832459404));
#4321=CARTESIAN_POINT('',(89.500419670329,-33.6984146537622,-9.21966832459404));
#4322=CARTESIAN_POINT('',(90.000419670329,-33.6984146537622,-8.71966832459404));
#4323=CARTESIAN_POINT('Origin',(82.500419670329,-57.7112195892122,-8.96966832459404));
#4324=CARTESIAN_POINT('',(82.500419670329,-65.2112195892122,-8.71966832459404));
#4325=CARTESIAN_POINT('Origin',(82.500419670329,-57.7112195892122,-8.71966832459404));
#4326=CARTESIAN_POINT('',(82.500419670329,-64.7112195892122,-9.21966832459404));
#4327=CARTESIAN_POINT('',(82.500419670329,-65.2112195892122,-8.71966832459404));
#4328=CARTESIAN_POINT('Origin',(82.500419670329,-57.7112195892122,-9.21966832459404));
#4329=CARTESIAN_POINT('Origin',(16.8754196703288,-64.9612195892122,-8.96966832459404));
#4330=CARTESIAN_POINT('',(0.000419670328803967,-65.2112195892122,-8.71966832459404));
#4331=CARTESIAN_POINT('',(0.000419670328803967,-64.7112195892122,-9.21966832459404));
#4332=CARTESIAN_POINT('',(0.000419670328803967,-65.2112195892122,-8.71966832459404));
#4333=CARTESIAN_POINT('',(16.8754196703288,-64.7112195892122,-9.21966832459404));
#4334=CARTESIAN_POINT('',(16.8754196703288,-65.2112195892122,-8.71966832459404));
#4335=CARTESIAN_POINT('Origin',(0.000419670328803967,-57.7112195892122,
-8.96966832459404));
#4336=CARTESIAN_POINT('',(-7.4995803296712,-57.7112195892122,-8.71966832459404));
#4337=CARTESIAN_POINT('Origin',(0.000419670328803967,-57.7112195892122,
-8.71966832459404));
#4338=CARTESIAN_POINT('',(-6.9995803296712,-57.7112195892122,-9.21966832459404));
#4339=CARTESIAN_POINT('',(-7.4995803296712,-57.7112195892122,-8.71966832459404));
#4340=CARTESIAN_POINT('Origin',(0.000419670328803967,-57.7112195892122,
-9.21966832459404));
#4341=CARTESIAN_POINT('Origin',(-7.2495803296712,29.3271952171378,-8.96966832459404));
#4342=CARTESIAN_POINT('',(-7.4995803296712,53.3400001525877,-8.71966832459404));
#4343=CARTESIAN_POINT('',(-6.9995803296712,53.3400001525877,-9.21966832459404));
#4344=CARTESIAN_POINT('',(-7.4995803296712,53.3400001525877,-8.71966832459404));
#4345=CARTESIAN_POINT('',(-6.9995803296712,29.3271952171378,-9.21966832459404));
#4346=CARTESIAN_POINT('',(-7.4995803296712,29.3271952171378,-8.71966832459404));
#4347=CARTESIAN_POINT('Origin',(0.000419670328808408,53.3400001525877,-8.96966832459404));
#4348=CARTESIAN_POINT('Origin',(0.000419670328808408,53.3400001525877,-8.71966832459404));
#4349=CARTESIAN_POINT('Origin',(0.000419670328808408,53.3400001525877,-9.21966832459404));
#4350=CARTESIAN_POINT('Origin',(82.500419670329,-57.7112195892122,-1.71966832459404));
#4351=CARTESIAN_POINT('',(90.000419670329,-57.7112195892122,31.780331675406));
#4352=CARTESIAN_POINT('',(90.000419670329,-57.7112195892122,-1.71966832459404));
#4353=CARTESIAN_POINT('',(82.500419670329,-65.2112195892122,31.780331675406));
#4354=CARTESIAN_POINT('Origin',(82.500419670329,-57.7112195892122,31.780331675406));
#4355=CARTESIAN_POINT('',(82.500419670329,-65.2112195892122,-1.71966832459404));
#4356=CARTESIAN_POINT('Origin',(90.000419670329,-65.2112195892122,-1.71966832459404));
#4357=CARTESIAN_POINT('',(90.000419670329,35.8400001525877,31.780331675406));
#4358=CARTESIAN_POINT('',(90.000419670329,35.8400001525877,-1.71966832459404));
#4359=CARTESIAN_POINT('',(90.000419670329,-33.6984146537622,31.780331675406));
#4360=CARTESIAN_POINT('Origin',(65.000419670329,35.8400001525877,-1.71966832459404));
#4361=CARTESIAN_POINT('',(65.000419670329,60.8400001525877,31.780331675406));
#4362=CARTESIAN_POINT('',(65.000419670329,60.8400001525877,-1.71966832459404));
#4363=CARTESIAN_POINT('Origin',(65.000419670329,35.8400001525877,31.780331675406));
#4364=CARTESIAN_POINT('Origin',(90.000419670329,60.8400001525877,-1.71966832459404));
#4365=CARTESIAN_POINT('',(0.00041967032881729,60.8400001525877,-0.219668324594038));
#4366=CARTESIAN_POINT('',(0.000419670328808408,60.8400001525877,-1.71966832459404));
#4367=CARTESIAN_POINT('',(12.230073083716,60.8400001525877,-0.219668324594038));
#4368=CARTESIAN_POINT('',(90.000419670329,60.8400001525877,-0.219668324594038));
#4369=CARTESIAN_POINT('',(12.230073083716,60.8400001525877,31.780331675406));
#4370=CARTESIAN_POINT('',(12.230073083716,60.8400001525877,15.280331675406));
#4371=CARTESIAN_POINT('',(65.6254196703289,60.8400001525877,31.780331675406));
#4372=CARTESIAN_POINT('Origin',(41.2504196703289,-2.18560971831222,-9.21966832459404));
#4373=CARTESIAN_POINT('Origin',(-6.4995803296712,43.803095468359,32.030331675406));
#4374=CARTESIAN_POINT('',(-6.4995803296712,44.303095468359,32.280331675406));
#4375=CARTESIAN_POINT('',(-6.4995803296712,44.803095468359,31.780331675406));
#4376=CARTESIAN_POINT('',(-6.4995803296712,44.303095468359,32.280331675406));
#4377=CARTESIAN_POINT('',(-7.4995803296712,43.803095468359,31.780331675406));
#4378=CARTESIAN_POINT('Origin',(-6.4995803296712,43.803095468359,31.780331675406));
#4379=CARTESIAN_POINT('',(-6.9995803296712,43.803095468359,32.280331675406));
#4380=CARTESIAN_POINT('',(-7.4995803296712,43.803095468359,31.780331675406));
#4381=CARTESIAN_POINT('Origin',(-6.4995803296712,43.803095468359,32.280331675406));
#4382=CARTESIAN_POINT('Origin',(16.8754196703288,44.553095468359,32.030331675406));
#4383=CARTESIAN_POINT('',(6.230073083716,44.303095468359,32.280331675406));
#4384=CARTESIAN_POINT('',(6.230073083716,44.803095468359,31.780331675406));
#4385=CARTESIAN_POINT('',(6.230073083716,44.303095468359,32.280331675406));
#4386=CARTESIAN_POINT('',(16.8754196703288,44.803095468359,31.780331675406));
#4387=CARTESIAN_POINT('',(16.8754196703288,44.303095468359,32.280331675406));
#4388=CARTESIAN_POINT('Origin',(6.230073083716,49.803095468359,32.030331675406));
#4389=CARTESIAN_POINT('',(11.730073083716,49.803095468359,32.280331675406));
#4390=CARTESIAN_POINT('',(11.230073083716,49.803095468359,31.780331675406));
#4391=CARTESIAN_POINT('',(11.730073083716,49.803095468359,32.280331675406));
#4392=CARTESIAN_POINT('Origin',(6.230073083716,49.803095468359,31.780331675406));
#4393=CARTESIAN_POINT('Origin',(6.230073083716,49.803095468359,32.280331675406));
#4394=CARTESIAN_POINT('Origin',(11.480073083716,21.3087428750234,32.030331675406));
#4395=CARTESIAN_POINT('',(11.730073083716,59.8400001525877,32.280331675406));
#4396=CARTESIAN_POINT('',(11.730073083716,21.3087428750234,32.280331675406));
#4397=CARTESIAN_POINT('',(11.230073083716,59.8400001525877,31.780331675406));
#4398=CARTESIAN_POINT('',(11.730073083716,59.8400001525877,32.280331675406));
#4399=CARTESIAN_POINT('',(11.230073083716,21.3087428750234,31.780331675406));
#4400=CARTESIAN_POINT('Origin',(12.230073083716,59.8400001525877,32.030331675406));
#4401=CARTESIAN_POINT('',(12.230073083716,60.3400001525877,32.280331675406));
#4402=CARTESIAN_POINT('',(12.230073083716,60.3400001525877,32.280331675406));
#4403=CARTESIAN_POINT('Origin',(12.230073083716,59.8400001525877,31.780331675406));
#4404=CARTESIAN_POINT('Origin',(12.230073083716,59.8400001525877,32.280331675406));
#4405=CARTESIAN_POINT('Origin',(65.6254196703289,60.5900001525877,32.030331675406));
#4406=CARTESIAN_POINT('',(65.000419670329,60.3400001525877,32.280331675406));
#4407=CARTESIAN_POINT('',(65.6254196703289,60.3400001525877,32.280331675406));
#4408=CARTESIAN_POINT('',(65.000419670329,60.3400001525877,32.280331675406));
#4409=CARTESIAN_POINT('Origin',(65.000419670329,35.8400001525877,32.030331675406));
#4410=CARTESIAN_POINT('',(89.500419670329,35.8400001525877,32.280331675406));
#4411=CARTESIAN_POINT('Origin',(65.000419670329,35.8400001525877,32.280331675406));
#4412=CARTESIAN_POINT('',(89.500419670329,35.8400001525877,32.280331675406));
#4413=CARTESIAN_POINT('Origin',(89.750419670329,-33.6984146537622,32.030331675406));
#4414=CARTESIAN_POINT('',(89.500419670329,-57.7112195892122,32.280331675406));
#4415=CARTESIAN_POINT('',(89.500419670329,-33.6984146537622,32.280331675406));
#4416=CARTESIAN_POINT('',(89.500419670329,-57.7112195892122,32.280331675406));
#4417=CARTESIAN_POINT('Origin',(82.500419670329,-57.7112195892122,32.030331675406));
#4418=CARTESIAN_POINT('',(82.500419670329,-64.7112195892122,32.280331675406));
#4419=CARTESIAN_POINT('Origin',(82.500419670329,-57.7112195892122,32.280331675406));
#4420=CARTESIAN_POINT('',(82.500419670329,-64.7112195892122,32.280331675406));
#4421=CARTESIAN_POINT('Origin',(16.8754196703288,-64.9612195892122,32.030331675406));
#4422=CARTESIAN_POINT('',(0.000419670328803967,-64.7112195892122,32.280331675406));
#4423=CARTESIAN_POINT('',(16.8754196703288,-64.7112195892122,32.280331675406));
#4424=CARTESIAN_POINT('',(0.000419670328803967,-65.2112195892122,31.780331675406));
#4425=CARTESIAN_POINT('',(0.000419670328803967,-64.7112195892122,32.280331675406));
#4426=CARTESIAN_POINT('',(16.8754196703288,-65.2112195892122,31.780331675406));
#4427=CARTESIAN_POINT('Origin',(0.000419670328803967,-57.7112195892122,
32.030331675406));
#4428=CARTESIAN_POINT('',(-6.99958032967121,-57.7112195892122,32.280331675406));
#4429=CARTESIAN_POINT('Origin',(0.000419670328803967,-57.7112195892122,
32.280331675406));
#4430=CARTESIAN_POINT('',(-7.4995803296712,-57.7112195892122,31.780331675406));
#4431=CARTESIAN_POINT('',(-6.99958032967121,-57.7112195892122,32.280331675406));
#4432=CARTESIAN_POINT('Origin',(0.000419670328803967,-57.7112195892122,
31.780331675406));
#4433=CARTESIAN_POINT('Origin',(-7.2495803296712,29.3271952171378,32.030331675406));
#4434=CARTESIAN_POINT('',(-6.9995803296712,29.3271952171378,32.280331675406));
#4435=CARTESIAN_POINT('',(-7.4995803296712,29.3271952171378,31.780331675406));
#4436=CARTESIAN_POINT('Origin',(-7.4995803296712,-65.2112195892122,-1.71966832459404));
#4437=CARTESIAN_POINT('',(0.000419670328803967,-65.2112195892122,-1.71966832459404));
#4438=CARTESIAN_POINT('Origin',(0.000419670328803967,-57.7112195892122,
-1.71966832459404));
#4439=CARTESIAN_POINT('',(-7.4995803296712,-57.7112195892122,-1.71966832459404));
#4440=CARTESIAN_POINT('Origin',(-7.4995803296712,60.8400001525877,-1.71966832459404));
#4441=CARTESIAN_POINT('',(-7.4995803296712,43.803095468359,-0.219668324594038));
#4442=CARTESIAN_POINT('',(-7.4995803296712,43.803095468359,15.280331675406));
#4443=CARTESIAN_POINT('',(-7.4995803296712,53.3400001525877,-0.219668324594038));
#4444=CARTESIAN_POINT('',(-7.4995803296712,60.8400001525877,-0.219668324594038));
#4445=CARTESIAN_POINT('',(-7.4995803296712,53.3400001525877,-1.71966832459404));
#4446=CARTESIAN_POINT('',(-7.4995803296712,4.0559087976698,-2.02000542283622));
#4447=CARTESIAN_POINT('',(-7.4995803296712,2.05590871024703,-0.0200055102589962));
#4448=CARTESIAN_POINT('Origin',(-7.4995803296712,4.05590871024703,-0.0200054228362197));
#4449=CARTESIAN_POINT('',(-7.4995803296712,13.0559087976698,-2.02000502943372));
#4450=CARTESIAN_POINT('',(-7.4995803296712,31.9479544816928,-2.02000420363617));
#4451=CARTESIAN_POINT('',(-7.4995803296712,15.055908710247,-0.0200049420109441));
#4452=CARTESIAN_POINT('Origin',(-7.4995803296712,13.055908710247,-0.0200050294337206));
#4453=CARTESIAN_POINT('',(-7.4995803296712,15.0559082294217,10.979995057989));
#4454=CARTESIAN_POINT('',(-7.4995803296712,15.0559087692501,-1.36983763394559));
#4455=CARTESIAN_POINT('',(-7.4995803296712,13.055908141999,12.9799949705662));
#4456=CARTESIAN_POINT('Origin',(-7.4995803296712,13.0559082294218,10.9799949705662));
#4457=CARTESIAN_POINT('',(-7.4995803296712,4.05590814199898,12.9799945771637));
#4458=CARTESIAN_POINT('',(-7.4995803296712,37.447953826022,12.9799960367764));
#4459=CARTESIAN_POINT('',(-7.4995803296712,2.05590822942176,10.979994489741));
#4460=CARTESIAN_POINT('Origin',(-7.4995803296712,4.05590822942176,10.9799945771637));
#4461=CARTESIAN_POINT('',(-7.4995803296712,2.05590848512607,5.13016179780634));
#4462=CARTESIAN_POINT('',(-7.4995803296712,41.7340121674754,-1.25795505450336));
#4463=CARTESIAN_POINT('',(-7.4995803296712,41.0859912443884,-1.34000026876394));
#4464=CARTESIAN_POINT('Ctrl Pts',(-7.4995803296712,41.7340121674754,-1.25795505450336));
#4465=CARTESIAN_POINT('Ctrl Pts',(-7.4995803296712,41.5225931097833,-1.31236409321539));
#4466=CARTESIAN_POINT('Ctrl Pts',(-7.4995803296712,41.3042991953335,-1.34000204497609));
#4467=CARTESIAN_POINT('Ctrl Pts',(-7.4995803296712,41.0859912443884,-1.34000026876394));
#4468=CARTESIAN_POINT('',(-7.4995803296712,41.9741151309103,-1.18361945900711));
#4469=CARTESIAN_POINT('Ctrl Pts',(-7.4995803296712,41.9741151309103,-1.18361945900711));
#4470=CARTESIAN_POINT('Ctrl Pts',(-7.4995803296712,41.8953414412326,-1.21224766541293));
#4471=CARTESIAN_POINT('Ctrl Pts',(-7.4995803296712,41.815182851699,-1.23706477324809));
#4472=CARTESIAN_POINT('Ctrl Pts',(-7.4995803296712,41.7340134697701,-1.25795495813818));
#4473=CARTESIAN_POINT('',(-7.4995803296712,42.6764435845471,-0.796825166235014));
#4474=CARTESIAN_POINT('Ctrl Pts',(-7.4995803296712,42.6764435845471,-0.796825166235014));
#4475=CARTESIAN_POINT('Ctrl Pts',(-7.4995803296712,42.6408531810987,-0.824345295663966));
#4476=CARTESIAN_POINT('Ctrl Pts',(-7.4995803296712,42.5597925701286,-0.883730243434222));
#4477=CARTESIAN_POINT('Ctrl Pts',(-7.4995803296712,42.464374097267,-0.945468204784745));
#4478=CARTESIAN_POINT('Ctrl Pts',(-7.4995803296712,42.379659243593,-0.995645545874553));
#4479=CARTESIAN_POINT('Ctrl Pts',(-7.4995803296712,42.28472045454,-1.04874471385567));
#4480=CARTESIAN_POINT('Ctrl Pts',(-7.4995803296712,42.1455069112008,-1.11680485189187));
#4481=CARTESIAN_POINT('Ctrl Pts',(-7.4995803296712,42.0295369719362,-1.16347680920608));
#4482=CARTESIAN_POINT('Ctrl Pts',(-7.4995803296712,41.9741162601731,-1.18361880233427));
#4483=CARTESIAN_POINT('',(-7.4995803296712,43.6860124035474,1.25999973108761));
#4484=CARTESIAN_POINT('Origin',(-7.4995803296712,41.0860124035475,1.25999973114999));
#4485=CARTESIAN_POINT('',(-7.4995803296712,43.6860124035472,1.9199997310664));
#4486=CARTESIAN_POINT('',(-7.4995803296712,43.6860124035479,-0.229834296754538));
#4487=CARTESIAN_POINT('',(-7.4995803296712,42.676443584547,3.97682462842113));
#4488=CARTESIAN_POINT('Origin',(-7.4995803296712,41.0860124035474,1.91999973103598));
#4489=CARTESIAN_POINT('',(-7.4995803296712,41.974116260173,4.36361826452028));
#4490=CARTESIAN_POINT('Ctrl Pts',(-7.4995803296712,41.974116260173,4.36361826452028));
#4491=CARTESIAN_POINT('Ctrl Pts',(-7.4995803296712,42.0295369719361,4.34347627139208));
#4492=CARTESIAN_POINT('Ctrl Pts',(-7.49958032967119,42.1455069114772,4.29680431392466));
#4493=CARTESIAN_POINT('Ctrl Pts',(-7.49958032967118,42.2847204546598,4.22874417598533));
#4494=CARTESIAN_POINT('Ctrl Pts',(-7.49958032967118,42.379659243642,4.17564500804599));
#4495=CARTESIAN_POINT('Ctrl Pts',(-7.49958032967118,42.464374097281,4.12546766697276));
#4496=CARTESIAN_POINT('Ctrl Pts',(-7.49958032967119,42.5597925700946,4.06372970563993));
#4497=CARTESIAN_POINT('Ctrl Pts',(-7.4995803296712,42.6408531810986,4.00434475785004));
#4498=CARTESIAN_POINT('Ctrl Pts',(-7.4995803296712,42.676443584547,3.97682462842112));
#4499=CARTESIAN_POINT('',(-7.4995803296712,41.7340134637671,4.43795442186916));
#4500=CARTESIAN_POINT('Ctrl Pts',(-7.4995803296712,41.7340134637671,4.43795442186916));
#4501=CARTESIAN_POINT('Ctrl Pts',(-7.4995803296712,41.8151828477467,4.41706423665747));
#4502=CARTESIAN_POINT('Ctrl Pts',(-7.4995803296712,41.8953414392907,4.39224712830469));
#4503=CARTESIAN_POINT('Ctrl Pts',(-7.4995803296712,41.9741151309103,4.36361892119311));
#4504=CARTESIAN_POINT('',(-7.4995803296712,41.0859912443884,4.51999973094994));
#4505=CARTESIAN_POINT('Ctrl Pts',(-7.4995803296712,41.0859912443884,4.51999973094994));
#4506=CARTESIAN_POINT('Ctrl Pts',(-7.4995803296712,41.3042991932672,4.52000150716208));
#4507=CARTESIAN_POINT('Ctrl Pts',(-7.4995803296712,41.5225931056514,4.49236355592728));
#4508=CARTESIAN_POINT('Ctrl Pts',(-7.4995803296712,41.7340121614722,4.43795451823429));
#4509=CARTESIAN_POINT('',(-7.4995803296712,41.0360124026218,4.51999973114977));
#4510=CARTESIAN_POINT('',(-7.4995803296712,50.9629961177652,4.5199996921172));
#4511=CARTESIAN_POINT('',(-7.4995803296712,34.6960123946421,4.51999973114977));
#4512=CARTESIAN_POINT('',(-7.4995803296712,50.9380062774082,4.51999973114977));
#4513=CARTESIAN_POINT('',(-7.4995803296712,34.6460327345828,4.51999973095325));
#4514=CARTESIAN_POINT('',(-7.4995803296712,47.7680062611512,4.51999978254841));
#4515=CARTESIAN_POINT('',(-7.4995803296712,33.9980126255159,4.43795451668936));
#4516=CARTESIAN_POINT('Ctrl Pts',(-7.4995803296712,33.9980126255159,4.43795451668936));
#4517=CARTESIAN_POINT('Ctrl Pts',(-7.4995803296712,34.2094314204303,4.49236348777512));
#4518=CARTESIAN_POINT('Ctrl Pts',(-7.4995803296712,34.4277250550126,4.52000143845835));
#4519=CARTESIAN_POINT('Ctrl Pts',(-7.4995803296712,34.6460327345828,4.51999973095644));
#4520=CARTESIAN_POINT('',(-7.4995803296712,33.757909662081,4.36361892119311));
#4521=CARTESIAN_POINT('Ctrl Pts',(-7.4995803296712,33.757909662081,4.36361892119311));
#4522=CARTESIAN_POINT('Ctrl Pts',(-7.4995803296712,33.8366833517587,4.39224712759894));
#4523=CARTESIAN_POINT('Ctrl Pts',(-7.4995803296712,33.9168419412923,4.41706423543409));
#4524=CARTESIAN_POINT('Ctrl Pts',(-7.4995803296712,33.9980113232212,4.43795442032418));
#4525=CARTESIAN_POINT('',(-7.4995803296712,33.0555812084441,3.97682462842098));
#4526=CARTESIAN_POINT('Ctrl Pts',(-7.4995803296712,33.0555812084441,3.97682462842098));
#4527=CARTESIAN_POINT('Ctrl Pts',(-7.4995803296712,33.0911716118925,4.00434475784994));
#4528=CARTESIAN_POINT('Ctrl Pts',(-7.4995803296712,33.1722322227949,4.06372970558085));
#4529=CARTESIAN_POINT('Ctrl Pts',(-7.4995803296712,33.2676506957525,4.12546766696663));
#4530=CARTESIAN_POINT('Ctrl Pts',(-7.4995803296712,33.3523655494964,4.17564500808958));
#4531=CARTESIAN_POINT('Ctrl Pts',(-7.4995803296712,33.4473043386907,4.22874417615416));
#4532=CARTESIAN_POINT('Ctrl Pts',(-7.4995803296712,33.5865178823426,4.29680431438386));
#4533=CARTESIAN_POINT('Ctrl Pts',(-7.4995803296712,33.7024878210551,4.34347627139207));
#4534=CARTESIAN_POINT('Ctrl Pts',(-7.4995803296712,33.7579085328182,4.36361826452026));
#4535=CARTESIAN_POINT('',(-7.4995803296712,32.0460123894439,1.9199997310984));
#4536=CARTESIAN_POINT('Origin',(-7.4995803296712,34.6460123894439,1.919999731036));
#4537=CARTESIAN_POINT('',(-7.4995803296712,32.0460123894441,1.25999973111959));
#4538=CARTESIAN_POINT('',(-7.4995803296712,32.0460123894444,0.100165703246607));
#4539=CARTESIAN_POINT('',(-7.4995803296712,33.0555812084443,-0.79682516623515));
#4540=CARTESIAN_POINT('Origin',(-7.4995803296712,34.6460123894439,1.25999973115001));
#4541=CARTESIAN_POINT('',(-7.4995803296712,33.7579085328182,-1.18361880233426));
#4542=CARTESIAN_POINT('Ctrl Pts',(-7.4995803296712,33.7579085328182,-1.18361880233426));
#4543=CARTESIAN_POINT('Ctrl Pts',(-7.4995803296712,33.7024878210551,-1.16347680920607));
#4544=CARTESIAN_POINT('Ctrl Pts',(-7.4995803296712,33.5865178827365,-1.1168048524162));
#4545=CARTESIAN_POINT('Ctrl Pts',(-7.4995803296712,33.4473043388614,-1.04874471404841));
#4546=CARTESIAN_POINT('Ctrl Pts',(-7.4995803296712,33.3523655495663,-0.995645545924275));
#4547=CARTESIAN_POINT('Ctrl Pts',(-7.4995803296712,33.2676506957725,-0.945468204777692));
#4548=CARTESIAN_POINT('Ctrl Pts',(-7.4995803296712,33.1722322227466,-0.883730243366833));
#4549=CARTESIAN_POINT('Ctrl Pts',(-7.4995803296712,33.0911716118927,-0.824345295664053));
#4550=CARTESIAN_POINT('Ctrl Pts',(-7.4995803296712,33.0555812084443,-0.796825166235148));
#4551=CARTESIAN_POINT('',(-7.4995803296712,33.9980113232212,-1.25795495813819));
#4552=CARTESIAN_POINT('Ctrl Pts',(-7.4995803296712,33.9980113232212,-1.25795495813819));
#4553=CARTESIAN_POINT('Ctrl Pts',(-7.4995803296712,33.9168419412923,-1.2370647732481));
#4554=CARTESIAN_POINT('Ctrl Pts',(-7.4995803296712,33.8366833517587,-1.21224766541294));
#4555=CARTESIAN_POINT('Ctrl Pts',(-7.4995803296712,33.757909662081,-1.18361945900711));
#4556=CARTESIAN_POINT('',(-7.4995803296712,34.6460335486029,-1.34000026876394));
#4557=CARTESIAN_POINT('Ctrl Pts',(-7.4995803296712,34.6460335486029,-1.34000026876394));
#4558=CARTESIAN_POINT('Ctrl Pts',(-7.4995803296712,34.4277255976578,-1.34000204497609));
#4559=CARTESIAN_POINT('Ctrl Pts',(-7.4995803296712,34.209431683208,-1.31236409321538));
#4560=CARTESIAN_POINT('Ctrl Pts',(-7.4995803296712,33.9980126255159,-1.25795505450336));
#4561=CARTESIAN_POINT('',(-7.4995803296712,34.6960123903695,-1.34000026896377));
#4562=CARTESIAN_POINT('',(-7.4995803296712,47.7430164443317,-1.34000032026423));
#4563=CARTESIAN_POINT('',(-7.4995803296712,41.0360123983492,-1.34000026896377));
#4564=CARTESIAN_POINT('',(-7.4995803296712,47.7680062716752,-1.34000026896377));
#4565=CARTESIAN_POINT('',(-7.4995803296712,50.9380062749187,-1.34000023002941));
#4566=CARTESIAN_POINT('Origin',(-6.4995803296712,43.803095468359,15.280331675406));
#4567=CARTESIAN_POINT('',(-6.4995803296712,44.803095468359,-0.219668324594038));
#4568=CARTESIAN_POINT('',(-6.4995803296712,44.803095468359,15.280331675406));
#4569=CARTESIAN_POINT('Origin',(-6.4995803296712,43.803095468359,-0.219668324594038));
#4570=CARTESIAN_POINT('Origin',(41.2504196703289,-2.18560971831222,32.280331675406));
#4571=CARTESIAN_POINT('',(12.230073083716,49.803095468359,32.280331675406));
#4572=CARTESIAN_POINT('',(6.230073083716,43.803095468359,32.280331675406));
#4573=CARTESIAN_POINT('Origin',(6.230073083716,49.803095468359,32.280331675406));
#4574=CARTESIAN_POINT('',(12.230073083716,53.590000152588,32.280331675406));
#4575=CARTESIAN_POINT('',(12.230073083716,43.803095468359,32.280331675406));
#4576=CARTESIAN_POINT('',(64.6195520476414,53.590000152588,32.280331675406));
#4577=CARTESIAN_POINT('',(0.999954578452733,53.590000152588,32.280331675406));
#4578=CARTESIAN_POINT('',(64.8695526734129,53.3400001525877,32.280331675406));
#4579=CARTESIAN_POINT('',(64.6195520476414,53.590000152588,32.280331675406));
#4580=CARTESIAN_POINT('',(65.000419670329,53.3400001525877,32.280331675406));
#4581=CARTESIAN_POINT('',(65.000419670329,53.3400001525877,32.280331675406));
#4582=CARTESIAN_POINT('',(82.500419670329,35.8400001525877,32.280331675406));
#4583=CARTESIAN_POINT('Origin',(65.000419670329,35.8400001525877,32.280331675406));
#4584=CARTESIAN_POINT('',(82.500419670329,-4.46121958921218,32.280331675406));
#4585=CARTESIAN_POINT('',(82.500419670329,-57.7112195892122,32.280331675406));
#4586=CARTESIAN_POINT('',(82.7504196703286,-4.46121958921218,32.280331675406));
#4587=CARTESIAN_POINT('',(-0.249580329671364,-4.46121958921212,32.280331675406));
#4588=CARTESIAN_POINT('',(82.7504196703286,-6.7358408303149,32.280331675406));
#4589=CARTESIAN_POINT('',(82.7504196703286,-4.46121958921218,32.280331675406));
#4590=CARTESIAN_POINT('',(82.7504196703287,-11.6865983481095,32.280331675406));
#4591=CARTESIAN_POINT('Origin',(83.1004196703286,-9.21121958921221,32.280331675406));
#4592=CARTESIAN_POINT('',(82.7504196703289,-28.7358408303149,32.280331675406));
#4593=CARTESIAN_POINT('',(82.7504196703286,-11.6865983481095,32.280331675406));
#4594=CARTESIAN_POINT('',(82.7504196703289,-33.6865983481095,32.280331675406));
#4595=CARTESIAN_POINT('Origin',(83.1004196703289,-31.2112195892122,32.280331675406));
#4596=CARTESIAN_POINT('',(82.7504196703286,-50.7358408303149,32.280331675406));
#4597=CARTESIAN_POINT('',(82.7504196703289,-33.6865983481095,32.280331675406));
#4598=CARTESIAN_POINT('',(82.7504196703286,-55.6865983481095,32.280331675406));
#4599=CARTESIAN_POINT('Origin',(83.1004196703286,-53.2112195892122,32.280331675406));
#4600=CARTESIAN_POINT('',(82.7504196703286,-57.9612195892122,32.280331675406));
#4601=CARTESIAN_POINT('',(82.7504196703286,-55.6865983481095,32.280331675406));
#4602=CARTESIAN_POINT('',(70.38916934998,-57.9612195892122,32.280331675406));
#4603=CARTESIAN_POINT('',(82.7504196703286,-57.9612195892122,32.280331675406));
#4604=CARTESIAN_POINT('',(65.5116699906771,-57.9612195892122,32.280331675406));
#4605=CARTESIAN_POINT('Origin',(67.9504196703286,-58.5112195892122,32.280331675406));
#4606=CARTESIAN_POINT('',(16.98916934998,-57.9612195892122,32.280331675406));
#4607=CARTESIAN_POINT('',(65.5116699906771,-57.9612195892122,32.280331675406));
#4608=CARTESIAN_POINT('',(12.1116699906771,-57.9612195892122,32.280331675406));
#4609=CARTESIAN_POINT('Origin',(14.5504196703286,-58.5112195892122,32.280331675406));
#4610=CARTESIAN_POINT('',(-0.249580329671417,-57.9612195892122,32.280331675406));
#4611=CARTESIAN_POINT('',(12.1116699906771,-57.9612195892122,32.280331675406));
#4612=CARTESIAN_POINT('',(-0.249580329671364,-4.46121958921212,32.280331675406));
#4613=CARTESIAN_POINT('',(-0.249580329671417,-57.9612195892122,32.280331675406));
#4614=CARTESIAN_POINT('',(0.000419670328806084,-4.46121958921212,32.280331675406));
#4615=CARTESIAN_POINT('',(-0.249580329671364,-4.46121958921212,32.280331675406));
#4616=CARTESIAN_POINT('',(0.000419670328806292,0.249683734798944,32.280331675406));
#4617=CARTESIAN_POINT('',(0.000419670328808408,53.3400001525877,32.280331675406));
#4618=CARTESIAN_POINT('',(-0.25,0.999954419442064,32.280331675406));
#4619=CARTESIAN_POINT('Origin',(1.00036477748,1.00036477748,32.280331675406));
#4620=CARTESIAN_POINT('',(-0.250000000000003,43.803095468359,32.280331675406));
#4621=CARTESIAN_POINT('',(-0.25,0.999954419442063,32.280331675406));
#4622=CARTESIAN_POINT('',(-0.250000000000003,43.803095468359,32.280331675406));
#4623=CARTESIAN_POINT('',(81.3764387705431,50.8660192528018,32.280331675406));
#4624=CARTESIAN_POINT('Origin',(80.0264387705431,50.8660192528018,32.280331675406));
#4625=CARTESIAN_POINT('',(86.6270700997783,-60.4878700186617,32.280331675406));
#4626=CARTESIAN_POINT('Origin',(85.2770700997783,-60.4878700186617,32.280331675406));
#4627=CARTESIAN_POINT('',(-1.42623075912086,-60.4878700186617,32.280331675406));
#4628=CARTESIAN_POINT('Origin',(-2.77623075912086,-60.4878700186617,32.280331675406));
#4629=CARTESIAN_POINT('Origin',(-1.24999999916921,4.05590822942176,10.9799945771637));
#4630=CARTESIAN_POINT('',(-1.24999999916921,4.05590818571037,11.9799945771637));
#4631=CARTESIAN_POINT('',(-0.24999999921866,4.05590814201516,12.9799945771637));
#4632=CARTESIAN_POINT('Origin',(-1.24999999916921,4.05590814199898,12.9799945771637));
#4633=CARTESIAN_POINT('',(-0.249999999186296,2.05590822943794,10.979994489741));
#4634=CARTESIAN_POINT('Origin',(-0.24999999921866,4.05590822943794,10.9799945771637));
#4635=CARTESIAN_POINT('',(-1.24999999915303,3.05590822942176,10.9799945334523));
#4636=CARTESIAN_POINT('Origin',(-1.24999999913684,2.05590822942176,10.979994489741));
#4637=CARTESIAN_POINT('Origin',(-1.24999999916921,4.05590822942176,10.9799945771637));
#4638=CARTESIAN_POINT('Origin',(-1.2499999991863,2.05590848512601,5.13016310565207));
#4639=CARTESIAN_POINT('',(-0.249999999186295,2.05590871026321,-0.0200055102589969));
#4640=CARTESIAN_POINT('',(-1.2499999991863,3.05590871024703,-0.0200054665476079));
#4641=CARTESIAN_POINT('Origin',(-1.2499999991863,2.05590871024703,-0.0200055102589969));
#4642=CARTESIAN_POINT('',(-1.2499999991863,3.05590848512601,5.13016314936346));
#4643=CARTESIAN_POINT('',(-0.249999999186295,2.05590848514219,5.13016310565207));
#4644=CARTESIAN_POINT('Origin',(-1.24999999916921,4.05590871024703,-0.0200054228362197));
#4645=CARTESIAN_POINT('',(-0.249999999201602,3.00179959807976,-1.71966832459404));
#4646=CARTESIAN_POINT('',(-1.24999999916068,3.5288541541553,-0.869836873715129));
#4647=CARTESIAN_POINT('Origin',(-1.24999999915215,3.00179959806357,-1.71966832459404));
#4648=CARTESIAN_POINT('Origin',(-1.24999999916921,4.05590871024703,-0.0200054228362197));
#4649=CARTESIAN_POINT('Origin',(-0.24999999921866,4.05590871026321,-0.0200054228362197));
#4650=CARTESIAN_POINT('Origin',(-1.24999999916921,13.055908710247,-0.0200050294337206));
#4651=CARTESIAN_POINT('',(-1.24999999917774,13.5829629491743,-0.869836677013879));
#4652=CARTESIAN_POINT('',(-0.249999999381357,14.1100171881177,-1.71966832459404));
#4653=CARTESIAN_POINT('Origin',(-1.24999999918627,14.1100171881015,-1.71966832459404));
#4654=CARTESIAN_POINT('',(-0.249999999396663,15.0559087102632,-0.0200049420109442));
#4655=CARTESIAN_POINT('Origin',(-0.249999999364299,13.0559087102632,-0.0200050294337206));
#4656=CARTESIAN_POINT('',(-1.24999999918539,14.055908710247,-0.0200049857223324));
#4657=CARTESIAN_POINT('Origin',(-1.24999999920157,15.055908710247,-0.0200049420109442));
#4658=CARTESIAN_POINT('Origin',(-1.24999999916921,13.055908710247,-0.0200050294337206));
#4659=CARTESIAN_POINT('Origin',(-1.24999999939666,15.05590876925,-1.36983632609985));
#4660=CARTESIAN_POINT('',(-0.249999999396663,15.0559082294379,10.979995057989));
#4661=CARTESIAN_POINT('',(-1.24999999939666,14.0559082294217,10.9799950142776));
#4662=CARTESIAN_POINT('Origin',(-1.24999999939666,15.0559082294217,10.979995057989));
#4663=CARTESIAN_POINT('',(-1.24999999939666,14.05590876925,-1.36983636981124));
#4664=CARTESIAN_POINT('',(-0.249999999396663,15.0559087692662,-1.36983632609985));
#4665=CARTESIAN_POINT('Origin',(-1.24999999916921,13.0559082294218,10.9799949705662));
#4666=CARTESIAN_POINT('',(-0.249999999364299,13.0559081420152,12.9799949705662));
#4667=CARTESIAN_POINT('',(-1.24999999916921,13.0559081857104,11.9799949705662));
#4668=CARTESIAN_POINT('Origin',(-1.24999999916921,13.055908141999,12.9799949705662));
#4669=CARTESIAN_POINT('Origin',(-1.24999999916921,13.0559082294218,10.9799949705662));
#4670=CARTESIAN_POINT('Origin',(-0.249999999364299,13.0559082294379,10.9799949705662));
#4671=CARTESIAN_POINT('Origin',(-1.24999999927484,7.52793095949179,12.9799947289307));
#4672=CARTESIAN_POINT('',(-0.249999999274845,7.52793095950798,12.9799947289307));
#4673=CARTESIAN_POINT('',(-1.24999999927484,7.52793100320318,11.9799947289307));
#4674=CARTESIAN_POINT('Origin',(-1.24999999916921,4.05590871024703,-0.0200054228362197));
#4675=CARTESIAN_POINT('',(-0.296166875755807,4.05590878455709,-1.71966832459404));
#4676=CARTESIAN_POINT('Ctrl Pts',(-0.296166875703962,4.05590871026246,-1.71966832459404));
#4677=CARTESIAN_POINT('Ctrl Pts',(-0.296166878826409,3.82877860669341,-1.71966832459404));
#4678=CARTESIAN_POINT('Ctrl Pts',(-0.275292315104623,3.5570230297423,-1.71966832459404));
#4679=CARTESIAN_POINT('Ctrl Pts',(-0.255418820728951,3.22773846524291,-1.71966832459404));
#4680=CARTESIAN_POINT('Ctrl Pts',(-0.249999999153814,3.10455323190352,-1.71966832459404));
#4681=CARTESIAN_POINT('Ctrl Pts',(-0.249999999152151,3.00179959807975,-1.71966832459404));
#4682=CARTESIAN_POINT('',(-1.24999999916921,4.05590875395842,-1.02000542283622));
#4683=CARTESIAN_POINT('Origin',(-1.24999999916921,4.0559087976698,-2.02000542283622));
#4684=CARTESIAN_POINT('Origin',(-1.24999999916921,4.05590871024703,-0.0200054228362197));
#4685=CARTESIAN_POINT('Origin',(-1.24999999916921,13.055908710247,-0.0200050294337206));
#4686=CARTESIAN_POINT('',(-0.296166751831896,13.0559087845571,-1.71966832459404));
#4687=CARTESIAN_POINT('Ctrl Pts',(-0.249999999186269,14.1100171881177,-1.71966832459404));
#4688=CARTESIAN_POINT('Ctrl Pts',(-0.249999999184606,14.0072636272293,-1.71966832459404));
#4689=CARTESIAN_POINT('Ctrl Pts',(-0.25541880638853,13.8840784808647,-1.71966832459404));
#4690=CARTESIAN_POINT('Ctrl Pts',(-0.275292248317358,13.5547941140676,-1.71966832459404));
#4691=CARTESIAN_POINT('Ctrl Pts',(-0.296166751835571,13.2830386862641,-1.71966832459404));
#4692=CARTESIAN_POINT('Ctrl Pts',(-0.296166751831896,13.0559087102625,-1.71966832459404));
#4693=CARTESIAN_POINT('',(-1.24999999916921,13.0559087539584,-1.02000502943372));
#4694=CARTESIAN_POINT('Origin',(-1.24999999916921,13.055908710247,-0.0200050294337206));
#4695=CARTESIAN_POINT('Origin',(-1.24999999916921,13.0559087976698,-2.02000502943372));
#4696=CARTESIAN_POINT('Origin',(-1.24999999918584,2.02793161516262,-2.02000551148192));
#4697=CARTESIAN_POINT('',(-0.2961668138903,8.55590870196888,-1.71966832459404));
#4698=CARTESIAN_POINT('',(-1.24999999918584,2.02793157145124,-1.02000551148192));
#4699=CARTESIAN_POINT('Origin',(-7.4995803296712,4.05590871024703,-0.0200054228362197));
#4700=CARTESIAN_POINT('',(-6.4995803296712,4.05590875395842,-1.02000542283622));
#4701=CARTESIAN_POINT('',(-7.4995803296712,4.05590875395842,-1.02000542283622));
#4702=CARTESIAN_POINT('',(-6.4995803296712,3.05590871024703,-0.0200054665476079));
#4703=CARTESIAN_POINT('Origin',(-6.4995803296712,4.05590871024703,-0.0200054228362197));
#4704=CARTESIAN_POINT('',(-7.4995803296712,3.05590871024703,-0.0200054665476079));
#4705=CARTESIAN_POINT('Origin',(-7.4995803296712,3.05590875395842,-1.02000546654761));
#4706=CARTESIAN_POINT('',(-6.4995803296712,13.0559087539584,-1.02000502943372));
#4707=CARTESIAN_POINT('',(-7.4995803296712,13.0559087539584,-1.02000502943372));
#4708=CARTESIAN_POINT('',(-6.4995803296712,31.9479544379814,-1.02000420363617));
#4709=CARTESIAN_POINT('Origin',(-7.4995803296712,13.055908710247,-0.0200050294337206));
#4710=CARTESIAN_POINT('',(-6.4995803296712,14.055908710247,-0.0200049857223324));
#4711=CARTESIAN_POINT('',(-7.4995803296712,14.055908710247,-0.0200049857223324));
#4712=CARTESIAN_POINT('Origin',(-6.4995803296712,13.055908710247,-0.0200050294337206));
#4713=CARTESIAN_POINT('Origin',(-6.4995803296712,4.05590871024703,-0.0200054228362197));
#4714=CARTESIAN_POINT('Origin',(-6.4995803296712,4.0559087976698,-2.02000542283622));
#4715=CARTESIAN_POINT('Origin',(-6.4995803296712,2.05590871024703,-0.0200055102589962));
#4716=CARTESIAN_POINT('Origin',(-6.4995803296712,2.05590848512607,5.13016179780634));
#4717=CARTESIAN_POINT('',(-6.4995803296712,3.05590822942176,10.9799945334523));
#4718=CARTESIAN_POINT('Origin',(-6.4995803296712,2.05590822942176,10.979994489741));
#4719=CARTESIAN_POINT('',(-6.4995803296712,3.05590848512607,5.13016184151773));
#4720=CARTESIAN_POINT('Origin',(-6.4995803296712,4.05590822942176,10.9799945771637));
#4721=CARTESIAN_POINT('',(-6.4995803296712,4.05590818571037,11.9799945771637));
#4722=CARTESIAN_POINT('Origin',(-6.4995803296712,4.05590814199898,12.9799945771637));
#4723=CARTESIAN_POINT('Origin',(-6.4995803296712,4.05590822942176,10.9799945771637));
#4724=CARTESIAN_POINT('Origin',(-6.4995803296712,37.447953826022,12.9799960367764));
#4725=CARTESIAN_POINT('',(-6.4995803296712,13.0559081857104,11.9799949705662));
#4726=CARTESIAN_POINT('Origin',(-6.4995803296712,13.055908141999,12.9799949705662));
#4727=CARTESIAN_POINT('',(-6.4995803296712,37.4479538697334,11.9799960367764));
#4728=CARTESIAN_POINT('Origin',(-6.4995803296712,13.0559082294218,10.9799949705662));
#4729=CARTESIAN_POINT('',(-6.4995803296712,14.0559082294217,10.9799950142776));
#4730=CARTESIAN_POINT('Origin',(-6.4995803296712,15.0559082294217,10.979995057989));
#4731=CARTESIAN_POINT('Origin',(-6.4995803296712,13.0559082294218,10.9799949705662));
#4732=CARTESIAN_POINT('Origin',(-6.4995803296712,15.0559087692501,-1.36983763394559));
#4733=CARTESIAN_POINT('Origin',(-6.4995803296712,15.055908710247,-0.0200049420109441));
#4734=CARTESIAN_POINT('',(-6.4995803296712,14.0559087692501,-1.36983767765697));
#4735=CARTESIAN_POINT('Origin',(-6.4995803296712,13.055908710247,-0.0200050294337206));
#4736=CARTESIAN_POINT('Origin',(-6.4995803296712,13.0559087976698,-2.02000502943372));
#4737=CARTESIAN_POINT('Origin',(-6.4995803296712,31.9479544816928,-2.02000420363617));
#4738=CARTESIAN_POINT('Origin',(-7.4995803296712,14.0559087539584,-1.02000498572233));
#4739=CARTESIAN_POINT('',(-7.4995803296712,14.0559082294217,10.9799950142776));
#4740=CARTESIAN_POINT('Origin',(-7.4995803296712,3.05590818571037,11.9799945334523));
#4741=CARTESIAN_POINT('',(-7.4995803296712,3.05590822942176,10.9799945334523));
#4742=CARTESIAN_POINT('Origin',(-7.4995803296712,13.0559082294218,10.9799949705662));
#4743=CARTESIAN_POINT('',(-7.4995803296712,13.0559081857104,11.9799949705662));
#4744=CARTESIAN_POINT('Origin',(-7.4995803296712,4.05590822942176,10.9799945771637));
#4745=CARTESIAN_POINT('',(-7.4995803296712,4.05590818571037,11.9799945771637));
#4746=CARTESIAN_POINT('Origin',(-7.4995803296712,14.0559081857104,11.9799950142776));
#4747=CARTESIAN_POINT('Ctrl Pts',(-7.3995803296712,41.0859920580153,-1.24000026876725));
#4748=CARTESIAN_POINT('Ctrl Pts',(-7.3995803296712,41.2959035493543,-1.24000197666355));
#4749=CARTESIAN_POINT('Ctrl Pts',(-7.3995803296712,41.5058015440956,-1.21342702303812));
#4750=CARTESIAN_POINT('Ctrl Pts',(-7.3995803296712,41.7090890996372,-1.16111063964358));
#4751=CARTESIAN_POINT('Ctrl Pts',(-7.42950025970538,41.0859920580153,-1.24000026876725));
#4752=CARTESIAN_POINT('Ctrl Pts',(-7.42950025970538,41.2958767155882,-1.24000197644523));
#4753=CARTESIAN_POINT('Ctrl Pts',(-7.42950025970538,41.5058275310994,-1.2134203352404));
#4754=CARTESIAN_POINT('Ctrl Pts',(-7.42950025970538,41.7090890996372,-1.16111063964358));
#4755=CARTESIAN_POINT('Ctrl Pts',(-7.48129379843717,41.0859918536456,-1.26511862423161));
#4756=CARTESIAN_POINT('Ctrl Pts',(-7.48129379843717,41.2980197360757,-1.26512034934743));
#4757=CARTESIAN_POINT('Ctrl Pts',(-7.48129379843717,41.5100122023058,-1.23828021699657));
#4758=CARTESIAN_POINT('Ctrl Pts',(-7.48129379843717,41.7153493644096,-1.18543636401624));
#4759=CARTESIAN_POINT('Ctrl Pts',(-7.4995803296712,41.0859914269659,-1.31756032123904));
#4760=CARTESIAN_POINT('Ctrl Pts',(-7.4995803296712,41.3024190709634,-1.31756208215251));
#4761=CARTESIAN_POINT('Ctrl Pts',(-7.4995803296712,41.5188213586942,-1.2901636271646));
#4762=CARTESIAN_POINT('Ctrl Pts',(-7.4995803296712,41.7284194441307,-1.23622321862731));
#4763=CARTESIAN_POINT('Ctrl Pts',(-7.4995803296712,41.0859912443884,-1.34000026876394));
#4764=CARTESIAN_POINT('Ctrl Pts',(-7.4995803296712,41.3042991953335,-1.34000204497609));
#4765=CARTESIAN_POINT('Ctrl Pts',(-7.4995803296712,41.5225931097833,-1.31236409321539));
#4766=CARTESIAN_POINT('Ctrl Pts',(-7.4995803296712,41.7340121674754,-1.25795505450336));
#4767=CARTESIAN_POINT('',(-7.3995803296712,41.7090890996372,-1.16111063964358));
#4768=CARTESIAN_POINT('Origin',(-7.3995803296712,41.7340121674754,-1.25795505450336));
#4769=CARTESIAN_POINT('',(-7.3995803296712,41.0859920580153,-1.24000026876725));
#4770=CARTESIAN_POINT('Origin',(-7.3995803296712,41.0859912443884,-1.34000026876394));
#4771=CARTESIAN_POINT('Ctrl Pts',(-7.3995803296712,41.0859920580153,-1.24000026876725));
#4772=CARTESIAN_POINT('Ctrl Pts',(-7.3995803296712,41.2959035493543,-1.24000197666355));
#4773=CARTESIAN_POINT('Ctrl Pts',(-7.3995803296712,41.5058015440956,-1.21342702303812));
#4774=CARTESIAN_POINT('Ctrl Pts',(-7.3995803296712,41.7090890996372,-1.16111063964358));
#4775=CARTESIAN_POINT('Ctrl Pts',(-7.3995803296712,41.7090891572732,-1.16111086360188));
#4776=CARTESIAN_POINT('Ctrl Pts',(-7.3995803296712,41.7871387157413,-1.14102361311109));
#4777=CARTESIAN_POINT('Ctrl Pts',(-7.3995803296712,41.8642125512375,-1.1171615454664));
#4778=CARTESIAN_POINT('Ctrl Pts',(-7.3995803296712,41.9399584986718,-1.08963369160521));
#4779=CARTESIAN_POINT('Ctrl Pts',(-7.42950025970539,41.7090891572732,-1.16111086360188));
#4780=CARTESIAN_POINT('Ctrl Pts',(-7.42950025970539,41.7871287452755,-1.14102617916332));
#4781=CARTESIAN_POINT('Ctrl Pts',(-7.42950025970539,41.8642222274262,-1.11715802891249));
#4782=CARTESIAN_POINT('Ctrl Pts',(-7.42950025970539,41.9399584986718,-1.08963369160521));
#4783=CARTESIAN_POINT('Ctrl Pts',(-7.48129374351178,41.7153497460929,-1.18543655184642));
#4784=CARTESIAN_POINT('Ctrl Pts',(-7.48129374351178,41.7941856796391,-1.16514691567296));
#4785=CARTESIAN_POINT('Ctrl Pts',(-7.48129374351179,41.8720289858624,-1.14104661980614));
#4786=CARTESIAN_POINT('Ctrl Pts',(-7.48129374351179,41.9485380986082,-1.11324141377133));
#4787=CARTESIAN_POINT('Ctrl Pts',(-7.4995803296712,41.7284204671247,-1.23622319414255));
#4788=CARTESIAN_POINT('Ctrl Pts',(-7.4995803296712,41.808891194382,-1.21551281874364));
#4789=CARTESIAN_POINT('Ctrl Pts',(-7.4995803296712,41.8883547448441,-1.19091089508172));
#4790=CARTESIAN_POINT('Ctrl Pts',(-7.4995803296712,41.9664504005595,-1.16252910212055));
#4791=CARTESIAN_POINT('Ctrl Pts',(-7.4995803296712,41.7340134697701,-1.25795495813818));
#4792=CARTESIAN_POINT('Ctrl Pts',(-7.4995803296712,41.815182851699,-1.23706477324809));
#4793=CARTESIAN_POINT('Ctrl Pts',(-7.4995803296712,41.8953414412326,-1.21224766541293));
#4794=CARTESIAN_POINT('Ctrl Pts',(-7.4995803296712,41.9741151309103,-1.18361945900711));
#4795=CARTESIAN_POINT('',(-7.3995803296712,41.9399584986718,-1.08963369160521));
#4796=CARTESIAN_POINT('Origin',(-7.3995803296712,41.9741151309103,-1.18361945900711));
#4797=CARTESIAN_POINT('Ctrl Pts',(-7.3995803296712,41.7090891572732,-1.16111086360188));
#4798=CARTESIAN_POINT('Ctrl Pts',(-7.3995803296712,41.7871387157413,-1.14102361311109));
#4799=CARTESIAN_POINT('Ctrl Pts',(-7.3995803296712,41.8642125512375,-1.1171615454664));
#4800=CARTESIAN_POINT('Ctrl Pts',(-7.3995803296712,41.9399584986718,-1.08963369160521));
#4801=CARTESIAN_POINT('Ctrl Pts',(-7.3995803296712,41.9399584196154,-1.08963347407268));
#4802=CARTESIAN_POINT('Ctrl Pts',(-7.3995803296712,41.9932475655588,-1.07026617298157));
#4803=CARTESIAN_POINT('Ctrl Pts',(-7.3995803296712,42.104757122526,-1.0253892909553));
#4804=CARTESIAN_POINT('Ctrl Pts',(-7.3995803296712,42.2386162988061,-0.959946850539818));
#4805=CARTESIAN_POINT('Ctrl Pts',(-7.3995803296712,42.3299035959584,-0.908889958257611));
#4806=CARTESIAN_POINT('Ctrl Pts',(-7.3995803296712,42.4113601860175,-0.860642514909104));
#4807=CARTESIAN_POINT('Ctrl Pts',(-7.3995803296712,42.503108717596,-0.801279090545141));
#4808=CARTESIAN_POINT('Ctrl Pts',(-7.3995803296712,42.5810516127402,-0.744178179241238));
#4809=CARTESIAN_POINT('Ctrl Pts',(-7.3995803296712,42.6152731545087,-0.71771651633559));
#4810=CARTESIAN_POINT('Ctrl Pts',(-7.42950025970538,41.9399584196154,-1.08963347407268));
#4811=CARTESIAN_POINT('Ctrl Pts',(-7.42950025970538,41.9932475655588,-1.07026617298157));
#4812=CARTESIAN_POINT('Ctrl Pts',(-7.42950025970539,42.104757122526,-1.0253892909553));
#4813=CARTESIAN_POINT('Ctrl Pts',(-7.42950025970539,42.2386162988061,-0.959946850539818));
#4814=CARTESIAN_POINT('Ctrl Pts',(-7.42950025970539,42.3299035959584,-0.908889958257611));
#4815=CARTESIAN_POINT('Ctrl Pts',(-7.42950025970539,42.4113601860175,-0.860642514909104));
#4816=CARTESIAN_POINT('Ctrl Pts',(-7.42950025970539,42.503108717596,-0.801279090545141));
#4817=CARTESIAN_POINT('Ctrl Pts',(-7.42950025970538,42.5810516127402,-0.744178179241238));
#4818=CARTESIAN_POINT('Ctrl Pts',(-7.42950025970539,42.6152731545087,-0.71771651633559));
#4819=CARTESIAN_POINT('Ctrl Pts',(-7.48129363977344,41.9485383525946,-1.11324116719235));
#4820=CARTESIAN_POINT('Ctrl Pts',(-7.48129363977344,42.0023630439956,-1.09367920212811));
#4821=CARTESIAN_POINT('Ctrl Pts',(-7.48129363977345,42.1149928311592,-1.04835151234133));
#4822=CARTESIAN_POINT('Ctrl Pts',(-7.48129363977345,42.2501970381222,-0.982251484168488));
#4823=CARTESIAN_POINT('Ctrl Pts',(-7.48129363977345,42.3424014767718,-0.930681650104616));
#4824=CARTESIAN_POINT('Ctrl Pts',(-7.48129363977345,42.4246763876337,-0.881949486363348));
#4825=CARTESIAN_POINT('Ctrl Pts',(-7.48129363977345,42.5173469069748,-0.821989543961352));
#4826=CARTESIAN_POINT('Ctrl Pts',(-7.48129363977345,42.5960728084375,-0.764314973571707));
#4827=CARTESIAN_POINT('Ctrl Pts',(-7.48129363977345,42.6306382414542,-0.737587412830609));
#4828=CARTESIAN_POINT('Ctrl Pts',(-7.4995803296712,41.966451258676,-1.16252854399057));
#4829=CARTESIAN_POINT('Ctrl Pts',(-7.4995803296712,42.021393744897,-1.14256033631185));
#4830=CARTESIAN_POINT('Ctrl Pts',(-7.4995803296712,42.1363626634126,-1.09629125925556));
#4831=CARTESIAN_POINT('Ctrl Pts',(-7.4995803296712,42.2743747609066,-1.02881848470353));
#4832=CARTESIAN_POINT('Ctrl Pts',(-7.4995803296712,42.3684941133592,-0.976177637720038));
#4833=CARTESIAN_POINT('Ctrl Pts',(-7.4995803296712,42.4524777347185,-0.92643339536078));
#4834=CARTESIAN_POINT('Ctrl Pts',(-7.4995803296712,42.5470727907193,-0.865228225930418));
#4835=CARTESIAN_POINT('Ctrl Pts',(-7.4995803296712,42.6274336999332,-0.806355857187573));
#4836=CARTESIAN_POINT('Ctrl Pts',(-7.4995803296712,42.6627169721453,-0.77907322670934));
#4837=CARTESIAN_POINT('Ctrl Pts',(-7.4995803296712,41.9741162601731,-1.18361880233427));
#4838=CARTESIAN_POINT('Ctrl Pts',(-7.4995803296712,42.0295369719362,-1.16347680920608));
#4839=CARTESIAN_POINT('Ctrl Pts',(-7.4995803296712,42.1455069112008,-1.11680485189187));
#4840=CARTESIAN_POINT('Ctrl Pts',(-7.4995803296712,42.28472045454,-1.04874471385567));
#4841=CARTESIAN_POINT('Ctrl Pts',(-7.4995803296712,42.379659243593,-0.995645545874553));
#4842=CARTESIAN_POINT('Ctrl Pts',(-7.4995803296712,42.464374097267,-0.945468204784745));
#4843=CARTESIAN_POINT('Ctrl Pts',(-7.4995803296712,42.5597925701286,-0.883730243434222));
#4844=CARTESIAN_POINT('Ctrl Pts',(-7.4995803296712,42.6408531810987,-0.824345295663966));
#4845=CARTESIAN_POINT('Ctrl Pts',(-7.4995803296712,42.6764435845471,-0.796825166235014));
#4846=CARTESIAN_POINT('',(-7.3995803296712,42.6152731545087,-0.717716516335578));
#4847=CARTESIAN_POINT('Origin',(-7.3995803296712,42.6764435845471,-0.796825166235014));
#4848=CARTESIAN_POINT('Ctrl Pts',(-7.3995803296712,41.9399584196154,-1.08963347407268));
#4849=CARTESIAN_POINT('Ctrl Pts',(-7.3995803296712,41.9932475655588,-1.07026617298157));
#4850=CARTESIAN_POINT('Ctrl Pts',(-7.3995803296712,42.104757122526,-1.0253892909553));
#4851=CARTESIAN_POINT('Ctrl Pts',(-7.3995803296712,42.2386162988061,-0.959946850539818));
#4852=CARTESIAN_POINT('Ctrl Pts',(-7.3995803296712,42.3299035959584,-0.908889958257611));
#4853=CARTESIAN_POINT('Ctrl Pts',(-7.3995803296712,42.4113601860175,-0.860642514909104));
#4854=CARTESIAN_POINT('Ctrl Pts',(-7.3995803296712,42.503108717596,-0.801279090545141));
#4855=CARTESIAN_POINT('Ctrl Pts',(-7.3995803296712,42.5810516127402,-0.744178179241238));
#4856=CARTESIAN_POINT('Ctrl Pts',(-7.3995803296712,42.6152731545087,-0.71771651633559));
#4857=CARTESIAN_POINT('Origin',(-7.3995803296712,41.0860124035475,1.25999973114999));
#4858=CARTESIAN_POINT('',(-7.3995803296712,43.5860124035474,1.25999973109001));
#4859=CARTESIAN_POINT('Origin',(-7.3995803296712,43.6860124035474,1.25999973108761));
#4860=CARTESIAN_POINT('Origin',(-7.3995803296712,41.0860124035475,1.25999973114999));
#4861=CARTESIAN_POINT('Origin',(-7.3995803296712,43.6860124035479,-0.229834296754538));
#4862=CARTESIAN_POINT('',(-7.3995803296712,43.5860124035472,1.91999973106637));
#4863=CARTESIAN_POINT('Origin',(-7.3995803296712,43.6860124035472,1.9199997310664));
#4864=CARTESIAN_POINT('',(-7.3995803296712,43.5860124035479,-0.229834296754567));
#4865=CARTESIAN_POINT('Origin',(-7.3995803296712,41.0860124035474,1.91999973103598));
#4866=CARTESIAN_POINT('',(-7.3995803296712,42.6152731545085,3.8977159785217));
#4867=CARTESIAN_POINT('Origin',(-7.3995803296712,42.676443584547,3.97682462842113));
#4868=CARTESIAN_POINT('Origin',(-7.3995803296712,41.0860124035474,1.91999973103598));
#4869=CARTESIAN_POINT('Ctrl Pts',(-7.3995803296712,42.6152731545085,3.8977159785217));
#4870=CARTESIAN_POINT('Ctrl Pts',(-7.3995803296712,42.5810516127401,3.92417764142731));
#4871=CARTESIAN_POINT('Ctrl Pts',(-7.39958032967119,42.5031087175633,3.98127855275009));
#4872=CARTESIAN_POINT('Ctrl Pts',(-7.39958032967118,42.411360186031,4.04064197709704));
#4873=CARTESIAN_POINT('Ctrl Pts',(-7.39958032967118,42.3299035960055,4.08888942042961));
#4874=CARTESIAN_POINT('Ctrl Pts',(-7.39958032967118,42.2386162989212,4.13994631267164));
#4875=CARTESIAN_POINT('Ctrl Pts',(-7.39958032967119,42.1047571227917,4.20538875299397));
#4876=CARTESIAN_POINT('Ctrl Pts',(-7.3995803296712,41.9932475655588,4.25026563516757));
#4877=CARTESIAN_POINT('Ctrl Pts',(-7.3995803296712,41.9399584196154,4.26963293625869));
#4878=CARTESIAN_POINT('Ctrl Pts',(-7.42950025970538,42.6152731545085,3.8977159785217));
#4879=CARTESIAN_POINT('Ctrl Pts',(-7.42950025970539,42.5810516127401,3.92417764142731));
#4880=CARTESIAN_POINT('Ctrl Pts',(-7.42950025970538,42.5031087175633,3.98127855275009));
#4881=CARTESIAN_POINT('Ctrl Pts',(-7.42950025970537,42.411360186031,4.04064197709704));
#4882=CARTESIAN_POINT('Ctrl Pts',(-7.42950025970537,42.3299035960055,4.08888942042961));
#4883=CARTESIAN_POINT('Ctrl Pts',(-7.42950025970537,42.2386162989212,4.13994631267164));
#4884=CARTESIAN_POINT('Ctrl Pts',(-7.42950025970538,42.1047571227917,4.20538875299397));
#4885=CARTESIAN_POINT('Ctrl Pts',(-7.42950025970538,41.9932475655588,4.25026563516757));
#4886=CARTESIAN_POINT('Ctrl Pts',(-7.42950025970538,41.9399584196154,4.26963293625869));
#4887=CARTESIAN_POINT('Ctrl Pts',(-7.48129265029903,42.6306387459015,3.91758752739326));
#4888=CARTESIAN_POINT('Ctrl Pts',(-7.48129265029903,42.5960733007068,3.94431509730957));
#4889=CARTESIAN_POINT('Ctrl Pts',(-7.48129265029902,42.5173473754272,4.00198968562422));
#4890=CARTESIAN_POINT('Ctrl Pts',(-7.48129265029901,42.4246768233268,4.06194964875028));
#4891=CARTESIAN_POINT('Ctrl Pts',(-7.48129265029901,42.342401887375,4.110681827718));
#4892=CARTESIAN_POINT('Ctrl Pts',(-7.48129265029902,42.2501974196407,4.16225167780704));
#4893=CARTESIAN_POINT('Ctrl Pts',(-7.48129265029902,42.1149931671141,4.2283517284902));
#4894=CARTESIAN_POINT('Ctrl Pts',(-7.48129265029903,42.002363345378,4.27367943177823));
#4895=CARTESIAN_POINT('Ctrl Pts',(-7.48129265029903,41.9485386342803,4.29324140443676));
#4896=CARTESIAN_POINT('Ctrl Pts',(-7.4995803296712,42.6627169721451,3.95907268889545));
#4897=CARTESIAN_POINT('Ctrl Pts',(-7.4995803296712,42.6274336999331,3.98635531937364));
#4898=CARTESIAN_POINT('Ctrl Pts',(-7.49958032967119,42.5470727906853,4.04522768813613));
#4899=CARTESIAN_POINT('Ctrl Pts',(-7.49958032967118,42.4524777347326,4.1064328575488));
#4900=CARTESIAN_POINT('Ctrl Pts',(-7.49958032967118,42.3684941134082,4.15617709989148));
#4901=CARTESIAN_POINT('Ctrl Pts',(-7.49958032967118,42.2743747610263,4.20881794683319));
#4902=CARTESIAN_POINT('Ctrl Pts',(-7.49958032967119,42.136362663689,4.27629072128836));
#4903=CARTESIAN_POINT('Ctrl Pts',(-7.4995803296712,42.021393744897,4.32255979849785));
#4904=CARTESIAN_POINT('Ctrl Pts',(-7.4995803296712,41.966451258676,4.34252800617657));
#4905=CARTESIAN_POINT('Ctrl Pts',(-7.4995803296712,42.676443584547,3.97682462842112));
#4906=CARTESIAN_POINT('Ctrl Pts',(-7.4995803296712,42.6408531810986,4.00434475785004));
#4907=CARTESIAN_POINT('Ctrl Pts',(-7.49958032967119,42.5597925700946,4.06372970563993));
#4908=CARTESIAN_POINT('Ctrl Pts',(-7.49958032967118,42.464374097281,4.12546766697276));
#4909=CARTESIAN_POINT('Ctrl Pts',(-7.49958032967118,42.379659243642,4.17564500804599));
#4910=CARTESIAN_POINT('Ctrl Pts',(-7.49958032967118,42.2847204546598,4.22874417598533));
#4911=CARTESIAN_POINT('Ctrl Pts',(-7.49958032967119,42.1455069114772,4.29680431392466));
#4912=CARTESIAN_POINT('Ctrl Pts',(-7.4995803296712,42.0295369719361,4.34347627139208));
#4913=CARTESIAN_POINT('Ctrl Pts',(-7.4995803296712,41.974116260173,4.36361826452028));
#4914=CARTESIAN_POINT('',(-7.3995803296712,41.939958419614,4.2696329362592));
#4915=CARTESIAN_POINT('Origin',(-7.3995803296712,41.974116260173,4.36361826452028));
#4916=CARTESIAN_POINT('Ctrl Pts',(-7.3995803296712,42.6152731545085,3.8977159785217));
#4917=CARTESIAN_POINT('Ctrl Pts',(-7.3995803296712,42.5810516127401,3.92417764142731));
#4918=CARTESIAN_POINT('Ctrl Pts',(-7.39958032967119,42.5031087175633,3.98127855275009));
#4919=CARTESIAN_POINT('Ctrl Pts',(-7.39958032967118,42.411360186031,4.04064197709704));
#4920=CARTESIAN_POINT('Ctrl Pts',(-7.39958032967118,42.3299035960055,4.08888942042961));
#4921=CARTESIAN_POINT('Ctrl Pts',(-7.39958032967118,42.2386162989212,4.13994631267164));
#4922=CARTESIAN_POINT('Ctrl Pts',(-7.39958032967119,42.1047571227917,4.20538875299397));
#4923=CARTESIAN_POINT('Ctrl Pts',(-7.3995803296712,41.9932475655588,4.25026563516757));
#4924=CARTESIAN_POINT('Ctrl Pts',(-7.3995803296712,41.9399584196154,4.26963293625869));
#4925=CARTESIAN_POINT('Ctrl Pts',(-7.3995803296712,41.9399584986718,4.26963315379121));
#4926=CARTESIAN_POINT('Ctrl Pts',(-7.3995803296712,41.8642125493702,4.29716100833102));
#4927=CARTESIAN_POINT('Ctrl Pts',(-7.3995803296712,41.7871387119411,4.32102307647339));
#4928=CARTESIAN_POINT('Ctrl Pts',(-7.3995803296712,41.7090891515009,4.34111032727347));
#4929=CARTESIAN_POINT('Ctrl Pts',(-7.42950025970539,41.9399584986718,4.26963315379121));
#4930=CARTESIAN_POINT('Ctrl Pts',(-7.42950025970539,41.8642222255591,4.29715749177703));
#4931=CARTESIAN_POINT('Ctrl Pts',(-7.42950025970539,41.7871287414751,4.32102564252566));
#4932=CARTESIAN_POINT('Ctrl Pts',(-7.42950025970539,41.7090891515009,4.34111032727347));
#4933=CARTESIAN_POINT('Ctrl Pts',(-7.48129274414761,41.9485383830992,4.29324165876607));
#4934=CARTESIAN_POINT('Ctrl Pts',(-7.48129274414761,41.8720292684674,4.32104686548634));
#4935=CARTESIAN_POINT('Ctrl Pts',(-7.48129274414761,41.7941858833957,4.34514718566286));
#4936=CARTESIAN_POINT('Ctrl Pts',(-7.48129274414761,41.7153499478576,4.36543682214871));
#4937=CARTESIAN_POINT('Ctrl Pts',(-7.4995803296712,41.9664504005595,4.34252856430655));
#4938=CARTESIAN_POINT('Ctrl Pts',(-7.4995803296712,41.8883547429188,4.37091035796739));
#4939=CARTESIAN_POINT('Ctrl Pts',(-7.4995803296712,41.8088911904639,4.39551228214245));
#4940=CARTESIAN_POINT('Ctrl Pts',(-7.4995803296712,41.7284204611734,4.4162226578602));
#4941=CARTESIAN_POINT('Ctrl Pts',(-7.4995803296712,41.9741151309103,4.36361892119311));
#4942=CARTESIAN_POINT('Ctrl Pts',(-7.4995803296712,41.8953414392907,4.39224712830469));
#4943=CARTESIAN_POINT('Ctrl Pts',(-7.4995803296712,41.8151828477467,4.41706423665747));
#4944=CARTESIAN_POINT('Ctrl Pts',(-7.4995803296712,41.7340134637671,4.43795442186916));
#4945=CARTESIAN_POINT('',(-7.3995803296712,41.7090891515024,4.3411103272731));
#4946=CARTESIAN_POINT('Origin',(-7.3995803296712,41.7340134637671,4.43795442186916));
#4947=CARTESIAN_POINT('Ctrl Pts',(-7.3995803296712,41.9399584986718,4.26963315379121));
#4948=CARTESIAN_POINT('Ctrl Pts',(-7.3995803296712,41.8642125493702,4.29716100833102));
#4949=CARTESIAN_POINT('Ctrl Pts',(-7.3995803296712,41.7871387119411,4.32102307647339));
#4950=CARTESIAN_POINT('Ctrl Pts',(-7.3995803296712,41.7090891515009,4.34111032727347));
#4951=CARTESIAN_POINT('Ctrl Pts',(-7.3995803296712,41.7090890938649,4.34111010331509));
#4952=CARTESIAN_POINT('Ctrl Pts',(-7.3995803296712,41.5058015401227,4.39342648572979));
#4953=CARTESIAN_POINT('Ctrl Pts',(-7.3995803296712,41.2959035473675,4.42000143884954));
#4954=CARTESIAN_POINT('Ctrl Pts',(-7.3995803296712,41.0859920580153,4.41999973095325));
#4955=CARTESIAN_POINT('Ctrl Pts',(-7.42950025970538,41.7090890938649,4.34111010331509));
#4956=CARTESIAN_POINT('Ctrl Pts',(-7.42950025970538,41.5058275271262,4.3934197979322));
#4957=CARTESIAN_POINT('Ctrl Pts',(-7.42950025970539,41.2958767136016,4.42000143863121));
#4958=CARTESIAN_POINT('Ctrl Pts',(-7.42950025970539,41.0859920580153,4.41999973095325));
#4959=CARTESIAN_POINT('Ctrl Pts',(-7.48129279381784,41.7153495672555,4.36543663856273));
#4960=CARTESIAN_POINT('Ctrl Pts',(-7.48129279381784,41.5100124069692,4.41828049055335));
#4961=CARTESIAN_POINT('Ctrl Pts',(-7.48129279381784,41.298019734062,4.44512064881459));
#4962=CARTESIAN_POINT('Ctrl Pts',(-7.48129279381784,41.0859918536388,4.44511892369878));
#4963=CARTESIAN_POINT('Ctrl Pts',(-7.4995803296712,41.7284194381793,4.4162226823449));
#4964=CARTESIAN_POINT('Ctrl Pts',(-7.4995803296712,41.518821354598,4.47016308987194));
#4965=CARTESIAN_POINT('Ctrl Pts',(-7.4995803296712,41.3024190689149,4.4975615443385));
#4966=CARTESIAN_POINT('Ctrl Pts',(-7.4995803296712,41.0859914269659,4.49755978342504));
#4967=CARTESIAN_POINT('Ctrl Pts',(-7.4995803296712,41.7340121614722,4.43795451823429));
#4968=CARTESIAN_POINT('Ctrl Pts',(-7.4995803296712,41.5225931056514,4.49236355592728));
#4969=CARTESIAN_POINT('Ctrl Pts',(-7.4995803296712,41.3042991932672,4.52000150716208));
#4970=CARTESIAN_POINT('Ctrl Pts',(-7.4995803296712,41.0859912443884,4.51999973094994));
#4971=CARTESIAN_POINT('',(-7.3995803296712,41.0859920580153,4.41999973095325));
#4972=CARTESIAN_POINT('Origin',(-7.3995803296712,41.0859912443884,4.51999973094994));
#4973=CARTESIAN_POINT('Ctrl Pts',(-7.3995803296712,41.7090890938649,4.34111010331509));
#4974=CARTESIAN_POINT('Ctrl Pts',(-7.3995803296712,41.5058015401227,4.39342648572979));
#4975=CARTESIAN_POINT('Ctrl Pts',(-7.3995803296712,41.2959035473675,4.42000143884954));
#4976=CARTESIAN_POINT('Ctrl Pts',(-7.3995803296712,41.0859920580153,4.41999973095325));
#4977=CARTESIAN_POINT('Origin',(-7.3995803296712,50.9629961177652,4.5199996921172));
#4978=CARTESIAN_POINT('',(-7.3995803296712,41.0360124022286,4.41999973114977));
#4979=CARTESIAN_POINT('Origin',(-7.3995803296712,41.0360124026218,4.51999973114977));
#4980=CARTESIAN_POINT('',(-7.3995803296712,50.962996117372,4.4199996921172));
#4981=CARTESIAN_POINT('Origin',(-7.3995803296712,50.9380062774082,4.51999973114977));
#4982=CARTESIAN_POINT('',(-7.3995803296712,34.6960123946421,4.41999973114977));
#4983=CARTESIAN_POINT('Origin',(-7.3995803296712,34.6960123946421,4.51999973114977));
#4984=CARTESIAN_POINT('',(-7.3995803296712,50.9380062774082,4.41999973114977));
#4985=CARTESIAN_POINT('Origin',(-7.3995803296712,47.7680062611512,4.51999978254841));
#4986=CARTESIAN_POINT('',(-7.3995803296712,34.646032734976,4.41999973095325));
#4987=CARTESIAN_POINT('',(-7.3995803296712,47.7680062615444,4.41999978254841));
#4988=CARTESIAN_POINT('Origin',(-7.3995803296712,34.6460327345828,4.51999973095325));
#4989=CARTESIAN_POINT('Ctrl Pts',(-7.3995803296712,34.646032734976,4.41999973095325));
#4990=CARTESIAN_POINT('Ctrl Pts',(-7.3995803296712,34.4361212436369,4.42000143884955));
#4991=CARTESIAN_POINT('Ctrl Pts',(-7.3995803296712,34.2262232488956,4.39342648522411));
#4992=CARTESIAN_POINT('Ctrl Pts',(-7.3995803296712,34.0229356933541,4.34111010182958));
#4993=CARTESIAN_POINT('Ctrl Pts',(-7.42950025970538,34.646032734976,4.41999973095325));
#4994=CARTESIAN_POINT('Ctrl Pts',(-7.42950025970538,34.4361480774031,4.42000143863123));
#4995=CARTESIAN_POINT('Ctrl Pts',(-7.42950025970539,34.2261972618919,4.39341979742639));
#4996=CARTESIAN_POINT('Ctrl Pts',(-7.42950025970539,34.0229356933541,4.34111010182958));
#4997=CARTESIAN_POINT('Ctrl Pts',(-7.48129515373942,34.6460329393365,4.44511695686631));
#4998=CARTESIAN_POINT('Ctrl Pts',(-7.48129515373942,34.4340050569064,4.44511868198214));
#4999=CARTESIAN_POINT('Ctrl Pts',(-7.48129515373943,34.2220128722043,4.41827858527523));
#5000=CARTESIAN_POINT('Ctrl Pts',(-7.48129515373943,34.0166757101005,4.3654347322949));
#5001=CARTESIAN_POINT('Ctrl Pts',(-7.4995803296712,34.6460333660254,4.49755978342504));
#5002=CARTESIAN_POINT('Ctrl Pts',(-7.4995803296712,34.4296057220279,4.49756154433851));
#5003=CARTESIAN_POINT('Ctrl Pts',(-7.4995803296712,34.213203434297,4.47016308935059));
#5004=CARTESIAN_POINT('Ctrl Pts',(-7.4995803296712,34.0036053488606,4.41622268081331));
#5005=CARTESIAN_POINT('Ctrl Pts',(-7.4995803296712,34.6460335486029,4.51999973094994));
#5006=CARTESIAN_POINT('Ctrl Pts',(-7.4995803296712,34.4277255976578,4.52000150716209));
#5007=CARTESIAN_POINT('Ctrl Pts',(-7.4995803296712,34.209431683208,4.49236355540138));
#5008=CARTESIAN_POINT('Ctrl Pts',(-7.4995803296712,33.9980126255159,4.43795451668936));
#5009=CARTESIAN_POINT('',(-7.3995803296712,34.0229356933541,4.34111010182958));
#5010=CARTESIAN_POINT('Origin',(-7.3995803296712,33.9980126255159,4.43795451668936));
#5011=CARTESIAN_POINT('Ctrl Pts',(-7.3995803296712,34.646032734976,4.41999973095325));
#5012=CARTESIAN_POINT('Ctrl Pts',(-7.3995803296712,34.4361212436369,4.42000143884955));
#5013=CARTESIAN_POINT('Ctrl Pts',(-7.3995803296712,34.2262232488956,4.39342648522411));
#5014=CARTESIAN_POINT('Ctrl Pts',(-7.3995803296712,34.0229356933541,4.34111010182958));
#5015=CARTESIAN_POINT('Ctrl Pts',(-7.3995803296712,34.0229356357181,4.34111032578788));
#5016=CARTESIAN_POINT('Ctrl Pts',(-7.3995803296712,33.94488607725,4.32102307529709));
#5017=CARTESIAN_POINT('Ctrl Pts',(-7.3995803296712,33.8678122417538,4.2971610076524));
#5018=CARTESIAN_POINT('Ctrl Pts',(-7.3995803296712,33.7920662943195,4.26963315379121));
#5019=CARTESIAN_POINT('Ctrl Pts',(-7.42950025970538,34.0229356357181,4.34111032578788));
#5020=CARTESIAN_POINT('Ctrl Pts',(-7.42950025970538,33.9448960477158,4.32102564134932));
#5021=CARTESIAN_POINT('Ctrl Pts',(-7.42950025970539,33.8678025655651,4.29715749109849));
#5022=CARTESIAN_POINT('Ctrl Pts',(-7.42950025970539,33.7920662943195,4.26963315379121));
#5023=CARTESIAN_POINT('Ctrl Pts',(-7.48129543302191,34.0166753978553,4.36543465037984));
#5024=CARTESIAN_POINT('Ctrl Pts',(-7.48129543302191,33.9378394643091,4.34514501420638));
#5025=CARTESIAN_POINT('Ctrl Pts',(-7.48129543302191,33.8599962880852,4.3210447585874));
#5026=CARTESIAN_POINT('Ctrl Pts',(-7.48129543302191,33.7834871753395,4.29323955255258));
#5027=CARTESIAN_POINT('Ctrl Pts',(-7.4995803296712,34.0036043258666,4.41622265632856));
#5028=CARTESIAN_POINT('Ctrl Pts',(-7.4995803296712,33.9231335986093,4.39551228092964));
#5029=CARTESIAN_POINT('Ctrl Pts',(-7.4995803296712,33.8436700481472,4.37091035726772));
#5030=CARTESIAN_POINT('Ctrl Pts',(-7.4995803296712,33.7655743924318,4.34252856430655));
#5031=CARTESIAN_POINT('Ctrl Pts',(-7.4995803296712,33.9980113232212,4.43795442032418));
#5032=CARTESIAN_POINT('Ctrl Pts',(-7.4995803296712,33.9168419412923,4.41706423543409));
#5033=CARTESIAN_POINT('Ctrl Pts',(-7.4995803296712,33.8366833517587,4.39224712759894));
#5034=CARTESIAN_POINT('Ctrl Pts',(-7.4995803296712,33.757909662081,4.36361892119311));
#5035=CARTESIAN_POINT('',(-7.3995803296712,33.7920662943195,4.26963315379121));
#5036=CARTESIAN_POINT('Origin',(-7.3995803296712,33.757909662081,4.36361892119311));
#5037=CARTESIAN_POINT('Ctrl Pts',(-7.3995803296712,34.0229356357181,4.34111032578788));
#5038=CARTESIAN_POINT('Ctrl Pts',(-7.3995803296712,33.94488607725,4.32102307529709));
#5039=CARTESIAN_POINT('Ctrl Pts',(-7.3995803296712,33.8678122417538,4.2971610076524));
#5040=CARTESIAN_POINT('Ctrl Pts',(-7.3995803296712,33.7920662943195,4.26963315379121));
#5041=CARTESIAN_POINT('Ctrl Pts',(-7.3995803296712,33.7920663733759,4.26963293625868));
#5042=CARTESIAN_POINT('Ctrl Pts',(-7.3995803296712,33.7387772274324,4.25026563516756));
#5043=CARTESIAN_POINT('Ctrl Pts',(-7.39958032967119,33.6272676709962,4.20538875343552));
#5044=CARTESIAN_POINT('Ctrl Pts',(-7.3995803296712,33.4934084944154,4.13994631283398));
#5045=CARTESIAN_POINT('Ctrl Pts',(-7.3995803296712,33.4021211971273,4.08888942047152));
#5046=CARTESIAN_POINT('Ctrl Pts',(-7.3995803296712,33.3206646070008,4.04064197709115));
#5047=CARTESIAN_POINT('Ctrl Pts',(-7.39958032967119,33.2289160753301,3.98127855269329));
#5048=CARTESIAN_POINT('Ctrl Pts',(-7.3995803296712,33.1509731802511,3.92417764142721));
#5049=CARTESIAN_POINT('Ctrl Pts',(-7.3995803296712,33.1167516384826,3.89771597852155));
#5050=CARTESIAN_POINT('Ctrl Pts',(-7.42950025970539,33.7920663733759,4.26963293625868));
#5051=CARTESIAN_POINT('Ctrl Pts',(-7.42950025970538,33.7387772274324,4.25026563516756));
#5052=CARTESIAN_POINT('Ctrl Pts',(-7.42950025970538,33.6272676709962,4.20538875343552));
#5053=CARTESIAN_POINT('Ctrl Pts',(-7.42950025970539,33.4934084944154,4.13994631283398));
#5054=CARTESIAN_POINT('Ctrl Pts',(-7.42950025970539,33.4021211971273,4.08888942047152));
#5055=CARTESIAN_POINT('Ctrl Pts',(-7.42950025970538,33.3206646070008,4.04064197709115));
#5056=CARTESIAN_POINT('Ctrl Pts',(-7.42950025970539,33.2289160753301,3.98127855269329));
#5057=CARTESIAN_POINT('Ctrl Pts',(-7.42950025970538,33.1509731802511,3.92417764142721));
#5058=CARTESIAN_POINT('Ctrl Pts',(-7.42950025970539,33.1167516384826,3.89771597852155));
#5059=CARTESIAN_POINT('Ctrl Pts',(-7.48129555552394,33.7834869857766,4.29323912876499));
#5060=CARTESIAN_POINT('Ctrl Pts',(-7.48129555552394,33.7296623325112,4.27367717840426));
#5061=CARTESIAN_POINT('Ctrl Pts',(-7.48129555552394,33.6170326123007,4.22834951476671));
#5062=CARTESIAN_POINT('Ctrl Pts',(-7.48129555552394,33.4818284935455,4.16224953017097));
#5063=CARTESIAN_POINT('Ctrl Pts',(-7.48129555552394,33.3896241112036,4.11067972713144));
#5064=CARTESIAN_POINT('Ctrl Pts',(-7.48129555552394,33.3073492489167,4.06194759286953));
#5065=CARTESIAN_POINT('Ctrl Pts',(-7.48129555552394,33.2146787929991,4.00198769059105));
#5066=CARTESIAN_POINT('Ctrl Pts',(-7.48129555552394,33.135952937651,3.94431315490781));
#5067=CARTESIAN_POINT('Ctrl Pts',(-7.48129555552394,33.1013875282125,3.91758561193117));
#5068=CARTESIAN_POINT('Ctrl Pts',(-7.4995803296712,33.7655735343152,4.34252800617656));
#5069=CARTESIAN_POINT('Ctrl Pts',(-7.4995803296712,33.7106310480942,4.32255979849784));
#5070=CARTESIAN_POINT('Ctrl Pts',(-7.4995803296712,33.5956621301308,4.27629072174756));
#5071=CARTESIAN_POINT('Ctrl Pts',(-7.4995803296712,33.4576500323241,4.20881794700202));
#5072=CARTESIAN_POINT('Ctrl Pts',(-7.4995803296712,33.3635306797302,4.15617709993507));
#5073=CARTESIAN_POINT('Ctrl Pts',(-7.4995803296712,33.2795470583009,4.10643285754267));
#5074=CARTESIAN_POINT('Ctrl Pts',(-7.4995803296712,33.1849520022042,4.04522768807705));
#5075=CARTESIAN_POINT('Ctrl Pts',(-7.4995803296712,33.104591093058,3.98635531937354));
#5076=CARTESIAN_POINT('Ctrl Pts',(-7.4995803296712,33.0693078208459,3.9590726888953));
#5077=CARTESIAN_POINT('Ctrl Pts',(-7.4995803296712,33.7579085328182,4.36361826452026));
#5078=CARTESIAN_POINT('Ctrl Pts',(-7.4995803296712,33.7024878210551,4.34347627139207));
#5079=CARTESIAN_POINT('Ctrl Pts',(-7.4995803296712,33.5865178823426,4.29680431438386));
#5080=CARTESIAN_POINT('Ctrl Pts',(-7.4995803296712,33.4473043386907,4.22874417615416));
#5081=CARTESIAN_POINT('Ctrl Pts',(-7.4995803296712,33.3523655494964,4.17564500808958));
#5082=CARTESIAN_POINT('Ctrl Pts',(-7.4995803296712,33.2676506957525,4.12546766696663));
#5083=CARTESIAN_POINT('Ctrl Pts',(-7.4995803296712,33.1722322227949,4.06372970558085));
#5084=CARTESIAN_POINT('Ctrl Pts',(-7.4995803296712,33.0911716118925,4.00434475784994));
#5085=CARTESIAN_POINT('Ctrl Pts',(-7.4995803296712,33.0555812084441,3.97682462842098));
#5086=CARTESIAN_POINT('',(-7.3995803296712,33.1167516384826,3.89771597852156));
#5087=CARTESIAN_POINT('Origin',(-7.3995803296712,33.0555812084441,3.97682462842098));
#5088=CARTESIAN_POINT('Ctrl Pts',(-7.3995803296712,33.7920663733759,4.26963293625868));
#5089=CARTESIAN_POINT('Ctrl Pts',(-7.3995803296712,33.7387772274324,4.25026563516756));
#5090=CARTESIAN_POINT('Ctrl Pts',(-7.39958032967119,33.6272676709962,4.20538875343552));
#5091=CARTESIAN_POINT('Ctrl Pts',(-7.3995803296712,33.4934084944154,4.13994631283398));
#5092=CARTESIAN_POINT('Ctrl Pts',(-7.3995803296712,33.4021211971273,4.08888942047152));
#5093=CARTESIAN_POINT('Ctrl Pts',(-7.3995803296712,33.3206646070008,4.04064197709115));
#5094=CARTESIAN_POINT('Ctrl Pts',(-7.39958032967119,33.2289160753301,3.98127855269329));
#5095=CARTESIAN_POINT('Ctrl Pts',(-7.3995803296712,33.1509731802511,3.92417764142721));
#5096=CARTESIAN_POINT('Ctrl Pts',(-7.3995803296712,33.1167516384826,3.89771597852155));
#5097=CARTESIAN_POINT('Origin',(-7.3995803296712,34.6460123894439,1.919999731036));
#5098=CARTESIAN_POINT('',(-7.3995803296712,32.1460123894439,1.919999731096));
#5099=CARTESIAN_POINT('Origin',(-7.3995803296712,32.0460123894439,1.9199997310984));
#5100=CARTESIAN_POINT('Origin',(-7.3995803296712,34.6460123894439,1.919999731036));
#5101=CARTESIAN_POINT('Origin',(-7.3995803296712,32.0460123894444,0.100165703246607));
#5102=CARTESIAN_POINT('',(-7.3995803296712,32.146012389444,1.25999973111962));
#5103=CARTESIAN_POINT('Origin',(-7.3995803296712,32.0460123894441,1.25999973111959));
#5104=CARTESIAN_POINT('',(-7.3995803296712,32.1460123894444,0.100165703246637));
#5105=CARTESIAN_POINT('Origin',(-7.3995803296712,34.6460123894439,1.25999973115001));
#5106=CARTESIAN_POINT('',(-7.3995803296712,33.1167516384828,-0.717716516335716));
#5107=CARTESIAN_POINT('Origin',(-7.3995803296712,33.0555812084443,-0.79682516623515));
#5108=CARTESIAN_POINT('Origin',(-7.3995803296712,34.6460123894439,1.25999973115001));
#5109=CARTESIAN_POINT('Ctrl Pts',(-7.3995803296712,33.1167516384828,-0.71771651633572));
#5110=CARTESIAN_POINT('Ctrl Pts',(-7.3995803296712,33.1509731802512,-0.744178179241322));
#5111=CARTESIAN_POINT('Ctrl Pts',(-7.39958032967119,33.2289160752836,-0.801279090480343));
#5112=CARTESIAN_POINT('Ctrl Pts',(-7.3995803296712,33.3206646070201,-0.860642514902322));
#5113=CARTESIAN_POINT('Ctrl Pts',(-7.39958032967119,33.4021211971945,-0.908889958305419));
#5114=CARTESIAN_POINT('Ctrl Pts',(-7.3995803296712,33.4934084945795,-0.959946850725142));
#5115=CARTESIAN_POINT('Ctrl Pts',(-7.39958032967119,33.627267671375,-1.02538929145946));
#5116=CARTESIAN_POINT('Ctrl Pts',(-7.3995803296712,33.7387772274324,-1.07026617298155));
#5117=CARTESIAN_POINT('Ctrl Pts',(-7.3995803296712,33.7920663733759,-1.08963347407268));
#5118=CARTESIAN_POINT('Ctrl Pts',(-7.42950025970538,33.1167516384828,-0.71771651633572));
#5119=CARTESIAN_POINT('Ctrl Pts',(-7.42950025970538,33.1509731802512,-0.744178179241322));
#5120=CARTESIAN_POINT('Ctrl Pts',(-7.42950025970539,33.2289160752836,-0.801279090480343));
#5121=CARTESIAN_POINT('Ctrl Pts',(-7.42950025970538,33.3206646070201,-0.860642514902322));
#5122=CARTESIAN_POINT('Ctrl Pts',(-7.42950025970538,33.4021211971945,-0.908889958305419));
#5123=CARTESIAN_POINT('Ctrl Pts',(-7.42950025970538,33.4934084945795,-0.959946850725142));
#5124=CARTESIAN_POINT('Ctrl Pts',(-7.42950025970538,33.627267671375,-1.02538929145946));
#5125=CARTESIAN_POINT('Ctrl Pts',(-7.42950025970538,33.7387772274324,-1.07026617298155));
#5126=CARTESIAN_POINT('Ctrl Pts',(-7.42950025970539,33.7920663733759,-1.08963347407268));
#5127=CARTESIAN_POINT('Ctrl Pts',(-7.48129687529301,33.1013882010488,-0.737585279600163));
#5128=CARTESIAN_POINT('Ctrl Pts',(-7.48129687529301,33.1359535942441,-0.764312810338731));
#5129=CARTESIAN_POINT('Ctrl Pts',(-7.48129687529301,33.214679417822,-0.821987322111588));
#5130=CARTESIAN_POINT('Ctrl Pts',(-7.48129687529301,33.307349830049,-0.881947196749543));
#5131=CARTESIAN_POINT('Ctrl Pts',(-7.48129687529301,33.389624658874,-0.930679310703775));
#5132=CARTESIAN_POINT('Ctrl Pts',(-7.48129687529301,33.4818290024287,-0.982249092372494));
#5133=CARTESIAN_POINT('Ctrl Pts',(-7.48129687529301,33.6170330604245,-1.04834904695238));
#5134=CARTESIAN_POINT('Ctrl Pts',(-7.48129687529301,33.7296627344975,-1.09367669256833));
#5135=CARTESIAN_POINT('Ctrl Pts',(-7.48129687529301,33.7834873614912,-1.11323863279975));
#5136=CARTESIAN_POINT('Ctrl Pts',(-7.4995803296712,33.0693078208462,-0.779073226709473));
#5137=CARTESIAN_POINT('Ctrl Pts',(-7.4995803296712,33.1045910930582,-0.806355857187658));
#5138=CARTESIAN_POINT('Ctrl Pts',(-7.4995803296712,33.1849520021559,-0.865228225863032));
#5139=CARTESIAN_POINT('Ctrl Pts',(-7.4995803296712,33.2795470583209,-0.926433395353725));
#5140=CARTESIAN_POINT('Ctrl Pts',(-7.4995803296712,33.3635306798001,-0.976177637769764));
#5141=CARTESIAN_POINT('Ctrl Pts',(-7.4995803296712,33.4576500324948,-1.02881848489627));
#5142=CARTESIAN_POINT('Ctrl Pts',(-7.4995803296712,33.5956621305247,-1.0962912597799));
#5143=CARTESIAN_POINT('Ctrl Pts',(-7.4995803296712,33.7106310480942,-1.14256033631184));
#5144=CARTESIAN_POINT('Ctrl Pts',(-7.4995803296712,33.7655735343152,-1.16252854399056));
#5145=CARTESIAN_POINT('Ctrl Pts',(-7.4995803296712,33.0555812084443,-0.796825166235148));
#5146=CARTESIAN_POINT('Ctrl Pts',(-7.4995803296712,33.0911716118927,-0.824345295664053));
#5147=CARTESIAN_POINT('Ctrl Pts',(-7.4995803296712,33.1722322227466,-0.883730243366833));
#5148=CARTESIAN_POINT('Ctrl Pts',(-7.4995803296712,33.2676506957725,-0.945468204777692));
#5149=CARTESIAN_POINT('Ctrl Pts',(-7.4995803296712,33.3523655495663,-0.995645545924275));
#5150=CARTESIAN_POINT('Ctrl Pts',(-7.4995803296712,33.4473043388614,-1.04874471404841));
#5151=CARTESIAN_POINT('Ctrl Pts',(-7.4995803296712,33.5865178827365,-1.1168048524162));
#5152=CARTESIAN_POINT('Ctrl Pts',(-7.4995803296712,33.7024878210551,-1.16347680920607));
#5153=CARTESIAN_POINT('Ctrl Pts',(-7.4995803296712,33.7579085328182,-1.18361880233426));
#5154=CARTESIAN_POINT('',(-7.3995803296712,33.7920663733773,-1.08963347407319));
#5155=CARTESIAN_POINT('Origin',(-7.3995803296712,33.7579085328182,-1.18361880233426));
#5156=CARTESIAN_POINT('Ctrl Pts',(-7.3995803296712,33.1167516384828,-0.71771651633572));
#5157=CARTESIAN_POINT('Ctrl Pts',(-7.3995803296712,33.1509731802512,-0.744178179241322));
#5158=CARTESIAN_POINT('Ctrl Pts',(-7.39958032967119,33.2289160752836,-0.801279090480343));
#5159=CARTESIAN_POINT('Ctrl Pts',(-7.3995803296712,33.3206646070201,-0.860642514902322));
#5160=CARTESIAN_POINT('Ctrl Pts',(-7.39958032967119,33.4021211971945,-0.908889958305419));
#5161=CARTESIAN_POINT('Ctrl Pts',(-7.3995803296712,33.4934084945795,-0.959946850725142));
#5162=CARTESIAN_POINT('Ctrl Pts',(-7.39958032967119,33.627267671375,-1.02538929145946));
#5163=CARTESIAN_POINT('Ctrl Pts',(-7.3995803296712,33.7387772274324,-1.07026617298155));
#5164=CARTESIAN_POINT('Ctrl Pts',(-7.3995803296712,33.7920663733759,-1.08963347407268));
#5165=CARTESIAN_POINT('Ctrl Pts',(-7.3995803296712,33.7920662943195,-1.08963369160521));
#5166=CARTESIAN_POINT('Ctrl Pts',(-7.3995803296712,33.8678122417538,-1.1171615454664));
#5167=CARTESIAN_POINT('Ctrl Pts',(-7.3995803296712,33.94488607725,-1.14102361311109));
#5168=CARTESIAN_POINT('Ctrl Pts',(-7.3995803296712,34.0229356357181,-1.16111086360189));
#5169=CARTESIAN_POINT('Ctrl Pts',(-7.42950025970539,33.7920662943195,-1.08963369160521));
#5170=CARTESIAN_POINT('Ctrl Pts',(-7.42950025970539,33.8678025655651,-1.11715802891249));
#5171=CARTESIAN_POINT('Ctrl Pts',(-7.42950025970538,33.9448960477158,-1.14102617916332));
#5172=CARTESIAN_POINT('Ctrl Pts',(-7.42950025970538,34.0229356357181,-1.16111086360189));
#5173=CARTESIAN_POINT('Ctrl Pts',(-7.48129673784889,33.7834875467872,-1.11323906828676));
#5174=CARTESIAN_POINT('Ctrl Pts',(-7.48129673784889,33.8599966595329,-1.14104427432157));
#5175=CARTESIAN_POINT('Ctrl Pts',(-7.48129673784889,33.937839735357,-1.16514449885672));
#5176=CARTESIAN_POINT('Ctrl Pts',(-7.48129673784889,34.0166756689031,-1.18543413503018));
#5177=CARTESIAN_POINT('Ctrl Pts',(-7.4995803296712,33.7655743924318,-1.16252910212055));
#5178=CARTESIAN_POINT('Ctrl Pts',(-7.4995803296712,33.8436700481472,-1.19091089508172));
#5179=CARTESIAN_POINT('Ctrl Pts',(-7.4995803296712,33.9231335986093,-1.21551281874365));
#5180=CARTESIAN_POINT('Ctrl Pts',(-7.4995803296712,34.0036043258666,-1.23622319414256));
#5181=CARTESIAN_POINT('Ctrl Pts',(-7.4995803296712,33.757909662081,-1.18361945900711));
#5182=CARTESIAN_POINT('Ctrl Pts',(-7.4995803296712,33.8366833517587,-1.21224766541294));
#5183=CARTESIAN_POINT('Ctrl Pts',(-7.4995803296712,33.9168419412923,-1.2370647732481));
#5184=CARTESIAN_POINT('Ctrl Pts',(-7.4995803296712,33.9980113232212,-1.25795495813819));
#5185=CARTESIAN_POINT('',(-7.3995803296712,34.0229356357166,-1.16111086360151));
#5186=CARTESIAN_POINT('Origin',(-7.3995803296712,33.9980113232212,-1.25795495813819));
#5187=CARTESIAN_POINT('Ctrl Pts',(-7.3995803296712,33.7920662943195,-1.08963369160521));
#5188=CARTESIAN_POINT('Ctrl Pts',(-7.3995803296712,33.8678122417538,-1.1171615454664));
#5189=CARTESIAN_POINT('Ctrl Pts',(-7.3995803296712,33.94488607725,-1.14102361311109));
#5190=CARTESIAN_POINT('Ctrl Pts',(-7.3995803296712,34.0229356357181,-1.16111086360189));
#5191=CARTESIAN_POINT('Ctrl Pts',(-7.3995803296712,34.0229356933541,-1.16111063964358));
#5192=CARTESIAN_POINT('Ctrl Pts',(-7.3995803296712,34.2262232488956,-1.21342702303811));
#5193=CARTESIAN_POINT('Ctrl Pts',(-7.3995803296712,34.4361212436369,-1.24000197666355));
#5194=CARTESIAN_POINT('Ctrl Pts',(-7.3995803296712,34.646032734976,-1.24000026876725));
#5195=CARTESIAN_POINT('Ctrl Pts',(-7.42950025970538,34.0229356933541,-1.16111063964358));
#5196=CARTESIAN_POINT('Ctrl Pts',(-7.42950025970538,34.2261972618919,-1.21342033524039));
#5197=CARTESIAN_POINT('Ctrl Pts',(-7.42950025970539,34.4361480774031,-1.24000197644523));
#5198=CARTESIAN_POINT('Ctrl Pts',(-7.42950025970539,34.646032734976,-1.24000026876725));
#5199=CARTESIAN_POINT('Ctrl Pts',(-7.48129642483743,34.0166759741287,-1.18543424416548));
#5200=CARTESIAN_POINT('Ctrl Pts',(-7.48129642483743,34.2220131362325,-1.2382780971458));
#5201=CARTESIAN_POINT('Ctrl Pts',(-7.48129642483743,34.4340050568978,-1.2651181604233));
#5202=CARTESIAN_POINT('Ctrl Pts',(-7.48129642483743,34.6460329393279,-1.26511643530748));
#5203=CARTESIAN_POINT('Ctrl Pts',(-7.4995803296712,34.0036053488606,-1.23622321862731));
#5204=CARTESIAN_POINT('Ctrl Pts',(-7.4995803296712,34.2132034342971,-1.29016362716459));
#5205=CARTESIAN_POINT('Ctrl Pts',(-7.4995803296712,34.4296057220279,-1.31756208215251));
#5206=CARTESIAN_POINT('Ctrl Pts',(-7.4995803296712,34.6460333660254,-1.31756032123904));
#5207=CARTESIAN_POINT('Ctrl Pts',(-7.4995803296712,33.9980126255159,-1.25795505450336));
#5208=CARTESIAN_POINT('Ctrl Pts',(-7.4995803296712,34.209431683208,-1.31236409321538));
#5209=CARTESIAN_POINT('Ctrl Pts',(-7.4995803296712,34.4277255976578,-1.34000204497609));
#5210=CARTESIAN_POINT('Ctrl Pts',(-7.4995803296712,34.6460335486029,-1.34000026876394));
#5211=CARTESIAN_POINT('',(-7.3995803296712,34.646032734976,-1.24000026876725));
#5212=CARTESIAN_POINT('Origin',(-7.3995803296712,34.6460335486029,-1.34000026876394));
#5213=CARTESIAN_POINT('Ctrl Pts',(-7.3995803296712,34.0229356933541,-1.16111063964358));
#5214=CARTESIAN_POINT('Ctrl Pts',(-7.3995803296712,34.2262232488956,-1.21342702303811));
#5215=CARTESIAN_POINT('Ctrl Pts',(-7.3995803296712,34.4361212436369,-1.24000197666355));
#5216=CARTESIAN_POINT('Ctrl Pts',(-7.3995803296712,34.646032734976,-1.24000026876725));
#5217=CARTESIAN_POINT('Origin',(-7.3995803296712,47.7430164443317,-1.34000032026423));
#5218=CARTESIAN_POINT('',(-7.3995803296712,34.6960123907627,-1.24000026896377));
#5219=CARTESIAN_POINT('Origin',(-7.3995803296712,34.6960123903695,-1.34000026896377));
#5220=CARTESIAN_POINT('',(-7.3995803296712,47.7430164447249,-1.24000032026423));
#5221=CARTESIAN_POINT('Origin',(-7.3995803296712,47.7680062716752,-1.34000026896377));
#5222=CARTESIAN_POINT('',(-7.3995803296712,41.0360123983492,-1.24000026896377));
#5223=CARTESIAN_POINT('Origin',(-7.3995803296712,41.0360123983492,-1.34000026896377));
#5224=CARTESIAN_POINT('',(-7.3995803296712,47.7680062716752,-1.24000026896377));
#5225=CARTESIAN_POINT('Origin',(-7.3995803296712,50.9380062749187,-1.34000023002941));
#5226=CARTESIAN_POINT('',(-7.3995803296712,50.9380062745255,-1.24000023002941));
#5227=CARTESIAN_POINT('Origin',(-7.4995803296712,34.6960123946421,4.41999973114977));
#5228=CARTESIAN_POINT('',(-0.349999999714482,34.6960123946421,4.41999973114977));
#5229=CARTESIAN_POINT('',(-7.4995803296712,34.6960123946421,4.41999973114977));
#5230=CARTESIAN_POINT('',(-0.349999999713674,34.646032734976,4.41999973095325));
#5231=CARTESIAN_POINT('',(-0.349999999441846,17.8479833950288,4.41999966490388));
#5232=CARTESIAN_POINT('',(-7.4995803296712,34.646032734976,4.41999973095325));
#5233=CARTESIAN_POINT('Origin',(-7.4995803296712,41.0360124022286,4.41999973114977));
#5234=CARTESIAN_POINT('',(-0.349999999817078,41.0360124022286,4.41999973114977));
#5235=CARTESIAN_POINT('',(-7.4995803296712,41.0360124022286,4.41999973114977));
#5236=CARTESIAN_POINT('',(-0.349999999493143,21.0179834108925,4.41999973114977));
#5237=CARTESIAN_POINT('Origin',(-7.4995803296712,41.0859920580153,4.41999973095325));
#5238=CARTESIAN_POINT('',(-0.349999999817887,41.0859920580153,4.41999973095325));
#5239=CARTESIAN_POINT('',(-7.4995803296712,41.0859920580153,4.41999973095325));
#5240=CARTESIAN_POINT('',(-0.349999999493548,21.0429732508563,4.41999980976174));
#5241=CARTESIAN_POINT('Ctrl Pts',(-7.4995803296712,41.7090890938649,4.34111010331509));
#5242=CARTESIAN_POINT('Ctrl Pts',(-0.249580329671195,41.7090890938649,4.34111010331509));
#5243=CARTESIAN_POINT('Ctrl Pts',(-7.4995803296712,41.7090787181601,4.34111277351957));
#5244=CARTESIAN_POINT('Ctrl Pts',(-0.249580329671195,41.7090787181601,4.34111277351957));
#5245=CARTESIAN_POINT('Ctrl Pts',(-7.4995803296712,41.7090683453314,4.34111544291279));
#5246=CARTESIAN_POINT('Ctrl Pts',(-0.249580329671195,41.7090683453314,4.34111544291279));
#5247=CARTESIAN_POINT('Ctrl Pts',(-7.4995803296712,41.7090579751653,4.34111811154979));
#5248=CARTESIAN_POINT('Ctrl Pts',(-0.249580329671195,41.7090579751653,4.34111811154979));
#5249=CARTESIAN_POINT('Ctrl Pts',(-7.4995803296712,41.5192076976042,4.38997378733877));
#5250=CARTESIAN_POINT('Ctrl Pts',(-0.249580329671195,41.5192076976042,4.38997378733877));
#5251=CARTESIAN_POINT('Ctrl Pts',(-7.4995803296712,41.3081644175333,4.42000153860727));
#5252=CARTESIAN_POINT('Ctrl Pts',(-0.249580329671195,41.3081644175333,4.42000153860727));
#5253=CARTESIAN_POINT('Ctrl Pts',(-7.4995803296712,41.0859920580153,4.41999973095325));
#5254=CARTESIAN_POINT('Ctrl Pts',(-0.249580329671195,41.0859920580153,4.41999973095325));
#5255=CARTESIAN_POINT('',(-0.349999999828372,41.7090890938649,4.34111010331509));
#5256=CARTESIAN_POINT('',(-7.4995803296712,41.7090890938649,4.34111010331509));
#5257=CARTESIAN_POINT('Ctrl Pts',(-0.349999999817887,41.0859920580153,4.41999973095325));
#5258=CARTESIAN_POINT('Ctrl Pts',(-0.34999999982142,41.2959035473676,4.42000143884954));
#5259=CARTESIAN_POINT('Ctrl Pts',(-0.349999999824951,41.5058015401227,4.39342648572979));
#5260=CARTESIAN_POINT('Ctrl Pts',(-0.349999999828372,41.7090890938649,4.34111010331509));
#5261=CARTESIAN_POINT('Ctrl Pts',(-7.4995803296712,41.9399584986718,4.26963315379121));
#5262=CARTESIAN_POINT('Ctrl Pts',(-0.249580329671195,41.9399584986718,4.26963315379121));
#5263=CARTESIAN_POINT('Ctrl Pts',(-7.4995803296712,41.8642245266694,4.29715665549958));
#5264=CARTESIAN_POINT('Ctrl Pts',(-0.249580329671195,41.8642245266694,4.29715665549958));
#5265=CARTESIAN_POINT('Ctrl Pts',(-7.4995803296712,41.7871263751111,4.3210262515457));
#5266=CARTESIAN_POINT('Ctrl Pts',(-0.249580329671195,41.7871263751111,4.3210262515457));
#5267=CARTESIAN_POINT('Ctrl Pts',(-7.4995803296712,41.7090891515009,4.34111032727347));
#5268=CARTESIAN_POINT('Ctrl Pts',(-0.249580329671195,41.7090891515009,4.34111032727347));
#5269=CARTESIAN_POINT('',(-0.349999999832258,41.9399584986718,4.26963315379121));
#5270=CARTESIAN_POINT('',(-7.4995803296712,41.9399584986718,4.26963315379121));
#5271=CARTESIAN_POINT('Ctrl Pts',(-0.349999999828373,41.7090891515009,4.34111032727347));
#5272=CARTESIAN_POINT('Ctrl Pts',(-0.349999999829687,41.7871387119412,4.32102307647338));
#5273=CARTESIAN_POINT('Ctrl Pts',(-0.349999999830983,41.8642125493702,4.29716100833102));
#5274=CARTESIAN_POINT('Ctrl Pts',(-0.349999999832258,41.9399584986718,4.26963315379121));
#5275=CARTESIAN_POINT('Ctrl Pts',(-7.4995803296712,42.6152731545085,3.8977159785217));
#5276=CARTESIAN_POINT('Ctrl Pts',(-0.249580329671195,42.6152731545085,3.8977159785217));
#5277=CARTESIAN_POINT('Ctrl Pts',(-7.4995803296712,42.5809456450692,3.92425958048209));
#5278=CARTESIAN_POINT('Ctrl Pts',(-0.249580329671195,42.5809456450692,3.92425958048209));
#5279=CARTESIAN_POINT('Ctrl Pts',(-7.4995803296712,42.5459359231366,3.9498968425479));
#5280=CARTESIAN_POINT('Ctrl Pts',(-0.249580329671195,42.5459359231366,3.9498968425479));
#5281=CARTESIAN_POINT('Ctrl Pts',(-7.4995803296712,42.5105040294276,3.9744640426489));
#5282=CARTESIAN_POINT('Ctrl Pts',(-0.249580329671195,42.5105040294276,3.9744640426489));
#5283=CARTESIAN_POINT('Ctrl Pts',(-7.4995803296712,42.4662105345186,4.00517555814228));
#5284=CARTESIAN_POINT('Ctrl Pts',(-0.249580329671195,42.4662105345186,4.00517555814228));
#5285=CARTESIAN_POINT('Ctrl Pts',(-7.4995803296712,42.4212549277101,4.03421054364372));
#5286=CARTESIAN_POINT('Ctrl Pts',(-0.249580329671195,42.4212549277101,4.03421054364372));
#5287=CARTESIAN_POINT('Ctrl Pts',(-7.4995803296712,42.3762568760265,4.06132390097281));
#5288=CARTESIAN_POINT('Ctrl Pts',(-0.249580329671195,42.3762568760265,4.06132390097281));
#5289=CARTESIAN_POINT('Ctrl Pts',(-7.4995803296712,42.3654578325484,4.06783081213178));
#5290=CARTESIAN_POINT('Ctrl Pts',(-0.249580329671195,42.3654578325484,4.06783081213178));
#5291=CARTESIAN_POINT('Ctrl Pts',(-7.4995803296712,42.3546566556199,4.07422763090059));
#5292=CARTESIAN_POINT('Ctrl Pts',(-0.249580329671195,42.3546566556199,4.07422763090059));
#5293=CARTESIAN_POINT('Ctrl Pts',(-7.4995803296712,42.3438598461858,4.08051351494156));
#5294=CARTESIAN_POINT('Ctrl Pts',(-0.249580329671195,42.3438598461858,4.08051351494156));
#5295=CARTESIAN_POINT('Ctrl Pts',(-7.4995803296712,42.3186656665446,4.09518152336554));
#5296=CARTESIAN_POINT('Ctrl Pts',(-0.249580329671195,42.3186656665446,4.09518152336554));
#5297=CARTESIAN_POINT('Ctrl Pts',(-7.4995803296712,42.2934949580552,4.10924449150065));
#5298=CARTESIAN_POINT('Ctrl Pts',(-0.249580329671195,42.2934949580552,4.10924449150065));
#5299=CARTESIAN_POINT('Ctrl Pts',(-7.4995803296712,42.2684697100259,4.12267871750689));
#5300=CARTESIAN_POINT('Ctrl Pts',(-0.249580329671195,42.2684697100259,4.12267871750689));
#5301=CARTESIAN_POINT('Ctrl Pts',(-7.4995803296712,42.2428891371199,4.13641105683823));
#5302=CARTESIAN_POINT('Ctrl Pts',(-0.249580329671195,42.2428891371199,4.13641105683823));
#5303=CARTESIAN_POINT('Ctrl Pts',(-7.4995803296712,42.217460473621,4.14948685001179));
#5304=CARTESIAN_POINT('Ctrl Pts',(-0.249580329671195,42.217460473621,4.14948685001179));
#5305=CARTESIAN_POINT('Ctrl Pts',(-7.4995803296712,42.1922943463439,4.1619052289941));
#5306=CARTESIAN_POINT('Ctrl Pts',(-0.249580329671195,42.1922943463439,4.1619052289941));
#5307=CARTESIAN_POINT('Ctrl Pts',(-7.4995803296712,42.1603078902191,4.17768914084061));
#5308=CARTESIAN_POINT('Ctrl Pts',(-0.249580329671195,42.1603078902191,4.17768914084061));
#5309=CARTESIAN_POINT('Ctrl Pts',(-7.4995803296712,42.12874541827,4.19241008901426));
#5310=CARTESIAN_POINT('Ctrl Pts',(-0.249580329671195,42.12874541827,4.19241008901426));
#5311=CARTESIAN_POINT('Ctrl Pts',(-7.4995803296712,42.0978573948173,4.20608146883644));
#5312=CARTESIAN_POINT('Ctrl Pts',(-0.249580329671195,42.0978573948173,4.20608146883644));
#5313=CARTESIAN_POINT('Ctrl Pts',(-7.4995803296712,42.0426659156222,4.23050982619576));
#5314=CARTESIAN_POINT('Ctrl Pts',(-0.249580329671195,42.0426659156222,4.23050982619576));
#5315=CARTESIAN_POINT('Ctrl Pts',(-7.4995803296712,41.9896247166163,4.251581593333));
#5316=CARTESIAN_POINT('Ctrl Pts',(-0.249580329671195,41.9896247166163,4.251581593333));
#5317=CARTESIAN_POINT('Ctrl Pts',(-7.4995803296712,41.9399886351227,4.26962195457492));
#5318=CARTESIAN_POINT('Ctrl Pts',(-0.249580329671195,41.9399886351227,4.26962195457492));
#5319=CARTESIAN_POINT('Ctrl Pts',(-7.4995803296712,41.9399785633105,4.26962561520093));
#5320=CARTESIAN_POINT('Ctrl Pts',(-0.249580329671195,41.9399785633105,4.26962561520093));
#5321=CARTESIAN_POINT('Ctrl Pts',(-7.4995803296712,41.9399684914747,4.2696292757622));
#5322=CARTESIAN_POINT('Ctrl Pts',(-0.249580329671195,41.9399684914747,4.2696292757622));
#5323=CARTESIAN_POINT('Ctrl Pts',(-7.4995803296712,41.9399584196154,4.2696329362587));
#5324=CARTESIAN_POINT('Ctrl Pts',(-0.249580329671195,41.9399584196154,4.2696329362587));
#5325=CARTESIAN_POINT('',(-0.349999999843623,42.6152731545085,3.89771597852171));
#5326=CARTESIAN_POINT('',(-7.4995803296712,42.6152731545085,3.8977159785217));
#5327=CARTESIAN_POINT('Ctrl Pts',(-0.349999999832258,41.9399584196154,4.26963293625869));
#5328=CARTESIAN_POINT('Ctrl Pts',(-0.349999999833155,41.9932475655588,4.25026563516757));
#5329=CARTESIAN_POINT('Ctrl Pts',(-0.349999999835031,42.1047571221332,4.20538875335894));
#5330=CARTESIAN_POINT('Ctrl Pts',(-0.349999999837284,42.2386162986358,4.13994631280583));
#5331=CARTESIAN_POINT('Ctrl Pts',(-0.34999999983882,42.3299035958885,4.08888942046426));
#5332=CARTESIAN_POINT('Ctrl Pts',(-0.349999999840191,42.4113601859974,4.04064197709219));
#5333=CARTESIAN_POINT('Ctrl Pts',(-0.349999999841735,42.5031087176441,3.9812785527032));
#5334=CARTESIAN_POINT('Ctrl Pts',(-0.349999999843047,42.58105161274,3.92417764142733));
#5335=CARTESIAN_POINT('Ctrl Pts',(-0.349999999843623,42.6152731545085,3.89771597852172));
#5336=CARTESIAN_POINT('Origin',(-7.4995803296712,41.0860124035474,1.91999973103598));
#5337=CARTESIAN_POINT('',(-0.349999999209664,43.5860124035472,1.91999973106637));
#5338=CARTESIAN_POINT('',(-7.4995803296712,43.5860124035472,1.91999973106637));
#5339=CARTESIAN_POINT('Origin',(-0.349999999169208,41.0860124035474,1.91999973103598));
#5340=CARTESIAN_POINT('Origin',(-7.4995803296712,43.5860124035474,1.25999973109001));
#5341=CARTESIAN_POINT('',(-0.34999999985996,43.5860124035474,1.25999973109001));
#5342=CARTESIAN_POINT('',(-7.4995803296712,43.5860124035474,1.25999973109001));
#5343=CARTESIAN_POINT('',(-0.34999999985996,43.5860124035479,-0.229834296745709));
#5344=CARTESIAN_POINT('Origin',(-7.4995803296712,41.0860124035475,1.25999973114999));
#5345=CARTESIAN_POINT('',(-0.349999999193955,42.6152731545088,-0.717716516335721));
#5346=CARTESIAN_POINT('',(-7.4995803296712,42.6152731545088,-0.717716516335721));
#5347=CARTESIAN_POINT('Origin',(-0.349999999169208,41.0860124035475,1.25999973114999));
#5348=CARTESIAN_POINT('Ctrl Pts',(-7.4995803296712,41.9399584196154,-1.08963347407268));
#5349=CARTESIAN_POINT('Ctrl Pts',(-0.249580329671195,41.9399584196154,-1.08963347407268));
#5350=CARTESIAN_POINT('Ctrl Pts',(-7.4995803296712,41.9399684914747,-1.08962981357619));
#5351=CARTESIAN_POINT('Ctrl Pts',(-0.249580329671195,41.9399684914747,-1.08962981357619));
#5352=CARTESIAN_POINT('Ctrl Pts',(-7.4995803296712,41.9399785633105,-1.08962615301493));
#5353=CARTESIAN_POINT('Ctrl Pts',(-0.249580329671195,41.9399785633105,-1.08962615301493));
#5354=CARTESIAN_POINT('Ctrl Pts',(-7.4995803296712,41.9399886351227,-1.08962249238892));
#5355=CARTESIAN_POINT('Ctrl Pts',(-0.249580329671195,41.9399886351227,-1.08962249238892));
#5356=CARTESIAN_POINT('Ctrl Pts',(-7.4995803296712,41.9896247166163,-1.071582131147));
#5357=CARTESIAN_POINT('Ctrl Pts',(-0.249580329671195,41.9896247166163,-1.071582131147));
#5358=CARTESIAN_POINT('Ctrl Pts',(-7.4995803296712,42.0426659156222,-1.05051036400976));
#5359=CARTESIAN_POINT('Ctrl Pts',(-0.249580329671195,42.0426659156222,-1.05051036400976));
#5360=CARTESIAN_POINT('Ctrl Pts',(-7.4995803296712,42.0978573948173,-1.02608200665045));
#5361=CARTESIAN_POINT('Ctrl Pts',(-0.249580329671195,42.0978573948173,-1.02608200665045));
#5362=CARTESIAN_POINT('Ctrl Pts',(-7.4995803296712,42.12874541827,-1.01241062682826));
#5363=CARTESIAN_POINT('Ctrl Pts',(-0.249580329671195,42.12874541827,-1.01241062682826));
#5364=CARTESIAN_POINT('Ctrl Pts',(-7.4995803296712,42.1603078902191,-0.997689678654608));
#5365=CARTESIAN_POINT('Ctrl Pts',(-0.249580329671195,42.1603078902191,-0.997689678654608));
#5366=CARTESIAN_POINT('Ctrl Pts',(-7.4995803296712,42.1922943463439,-0.981905766808097));
#5367=CARTESIAN_POINT('Ctrl Pts',(-0.249580329671195,42.1922943463439,-0.981905766808097));
#5368=CARTESIAN_POINT('Ctrl Pts',(-7.4995803296712,42.217460473621,-0.969487387825796));
#5369=CARTESIAN_POINT('Ctrl Pts',(-0.249580329671195,42.217460473621,-0.969487387825796));
#5370=CARTESIAN_POINT('Ctrl Pts',(-7.4995803296712,42.2428891371199,-0.956411594652225));
#5371=CARTESIAN_POINT('Ctrl Pts',(-0.249580329671195,42.2428891371199,-0.956411594652225));
#5372=CARTESIAN_POINT('Ctrl Pts',(-7.4995803296712,42.2684697100259,-0.942679255320889));
#5373=CARTESIAN_POINT('Ctrl Pts',(-0.249580329671195,42.2684697100259,-0.942679255320889));
#5374=CARTESIAN_POINT('Ctrl Pts',(-7.4995803296712,42.2934949580552,-0.929245029314649));
#5375=CARTESIAN_POINT('Ctrl Pts',(-0.249580329671195,42.2934949580552,-0.929245029314649));
#5376=CARTESIAN_POINT('Ctrl Pts',(-7.4995803296712,42.3186656665446,-0.915182061179537));
#5377=CARTESIAN_POINT('Ctrl Pts',(-0.249580329671195,42.3186656665446,-0.915182061179537));
#5378=CARTESIAN_POINT('Ctrl Pts',(-7.4995803296712,42.3438598461858,-0.900514052755557));
#5379=CARTESIAN_POINT('Ctrl Pts',(-0.249580329671195,42.3438598461858,-0.900514052755557));
#5380=CARTESIAN_POINT('Ctrl Pts',(-7.4995803296712,42.3546566556199,-0.894228168714591));
#5381=CARTESIAN_POINT('Ctrl Pts',(-0.249580329671195,42.3546566556199,-0.894228168714591));
#5382=CARTESIAN_POINT('Ctrl Pts',(-7.4995803296712,42.3654578325484,-0.887831349945786));
#5383=CARTESIAN_POINT('Ctrl Pts',(-0.249580329671195,42.3654578325484,-0.887831349945786));
#5384=CARTESIAN_POINT('Ctrl Pts',(-7.4995803296712,42.3762568760265,-0.881324438786807));
#5385=CARTESIAN_POINT('Ctrl Pts',(-0.249580329671195,42.3762568760265,-0.881324438786807));
#5386=CARTESIAN_POINT('Ctrl Pts',(-7.4995803296712,42.4212549277101,-0.854211081457723));
#5387=CARTESIAN_POINT('Ctrl Pts',(-0.249580329671195,42.4212549277101,-0.854211081457723));
#5388=CARTESIAN_POINT('Ctrl Pts',(-7.4995803296712,42.4662105345186,-0.825176095956277));
#5389=CARTESIAN_POINT('Ctrl Pts',(-0.249580329671195,42.4662105345186,-0.825176095956277));
#5390=CARTESIAN_POINT('Ctrl Pts',(-7.4995803296712,42.5105040294276,-0.794464580462903));
#5391=CARTESIAN_POINT('Ctrl Pts',(-0.249580329671195,42.5105040294276,-0.794464580462903));
#5392=CARTESIAN_POINT('Ctrl Pts',(-7.4995803296712,42.5459359231366,-0.769897380361902));
#5393=CARTESIAN_POINT('Ctrl Pts',(-0.249580329671195,42.5459359231366,-0.769897380361902));
#5394=CARTESIAN_POINT('Ctrl Pts',(-7.4995803296712,42.5809456450693,-0.744260118295962));
#5395=CARTESIAN_POINT('Ctrl Pts',(-0.249580329671195,42.5809456450693,-0.744260118295962));
#5396=CARTESIAN_POINT('Ctrl Pts',(-7.4995803296712,42.6152731545087,-0.717716516335564));
#5397=CARTESIAN_POINT('Ctrl Pts',(-0.249580329671195,42.6152731545087,-0.717716516335564));
#5398=CARTESIAN_POINT('',(-0.349999999832258,41.9399584196154,-1.08963347407268));
#5399=CARTESIAN_POINT('',(-7.4995803296712,41.9399584196154,-1.08963347407268));
#5400=CARTESIAN_POINT('Ctrl Pts',(-0.349999999843623,42.6152731545087,-0.71771651633559));
#5401=CARTESIAN_POINT('Ctrl Pts',(-0.349999999843047,42.5810516127402,-0.744178179241233));
#5402=CARTESIAN_POINT('Ctrl Pts',(-0.349999999841736,42.5031087176881,-0.801279090491661));
#5403=CARTESIAN_POINT('Ctrl Pts',(-0.349999999840192,42.4113601859793,-0.860642514903511));
#5404=CARTESIAN_POINT('Ctrl Pts',(-0.349999999838821,42.3299035958251,-0.90888995829705));
#5405=CARTESIAN_POINT('Ctrl Pts',(-0.349999999837284,42.2386162984808,-0.959946850692689));
#5406=CARTESIAN_POINT('Ctrl Pts',(-0.349999999835031,42.1047571217756,-1.02538929137115));
#5407=CARTESIAN_POINT('Ctrl Pts',(-0.349999999833155,41.9932475655589,-1.07026617298156));
#5408=CARTESIAN_POINT('Ctrl Pts',(-0.349999999832258,41.9399584196154,-1.08963347407268));
#5409=CARTESIAN_POINT('Ctrl Pts',(-7.4995803296712,41.7090891572732,-1.16111086360188));
#5410=CARTESIAN_POINT('Ctrl Pts',(-0.249580329671195,41.7090891572732,-1.16111086360188));
#5411=CARTESIAN_POINT('Ctrl Pts',(-7.4995803296712,41.7871263789131,-1.14102678818296));
#5412=CARTESIAN_POINT('Ctrl Pts',(-0.249580329671195,41.7871263789131,-1.14102678818296));
#5413=CARTESIAN_POINT('Ctrl Pts',(-7.4995803296712,41.8642245285367,-1.11715719263495));
#5414=CARTESIAN_POINT('Ctrl Pts',(-0.249580329671195,41.8642245285367,-1.11715719263495));
#5415=CARTESIAN_POINT('Ctrl Pts',(-7.4995803296712,41.9399584986718,-1.08963369160521));
#5416=CARTESIAN_POINT('Ctrl Pts',(-0.249580329671195,41.9399584986718,-1.08963369160521));
#5417=CARTESIAN_POINT('',(-0.349999999828373,41.7090891572732,-1.16111086360188));
#5418=CARTESIAN_POINT('',(-7.4995803296712,41.7090891572732,-1.16111086360188));
#5419=CARTESIAN_POINT('Ctrl Pts',(-0.349999999832258,41.9399584986718,-1.08963369160521));
#5420=CARTESIAN_POINT('Ctrl Pts',(-0.349999999830983,41.8642125512375,-1.11716154546641));
#5421=CARTESIAN_POINT('Ctrl Pts',(-0.349999999829687,41.7871387157413,-1.14102361311109));
#5422=CARTESIAN_POINT('Ctrl Pts',(-0.349999999828373,41.7090891572732,-1.16111086360188));
#5423=CARTESIAN_POINT('Ctrl Pts',(-7.4995803296712,41.0859920580153,-1.24000026876725));
#5424=CARTESIAN_POINT('Ctrl Pts',(-0.249580329671195,41.0859920580153,-1.24000026876725));
#5425=CARTESIAN_POINT('Ctrl Pts',(-7.4995803296712,41.3081644175333,-1.24000207642127));
#5426=CARTESIAN_POINT('Ctrl Pts',(-0.249580329671195,41.3081644175333,-1.24000207642127));
#5427=CARTESIAN_POINT('Ctrl Pts',(-7.4995803296712,41.5192076976042,-1.20997432515277));
#5428=CARTESIAN_POINT('Ctrl Pts',(-0.249580329671195,41.5192076976042,-1.20997432515277));
#5429=CARTESIAN_POINT('Ctrl Pts',(-7.4995803296712,41.7090579751653,-1.16111864936379));
#5430=CARTESIAN_POINT('Ctrl Pts',(-0.249580329671195,41.7090579751653,-1.16111864936379));
#5431=CARTESIAN_POINT('Ctrl Pts',(-7.4995803296712,41.7090683472543,-1.16111598023197));
#5432=CARTESIAN_POINT('Ctrl Pts',(-0.249580329671195,41.7090683472543,-1.16111598023197));
#5433=CARTESIAN_POINT('Ctrl Pts',(-7.4995803296712,41.709078722007,-1.1611133103436));
#5434=CARTESIAN_POINT('Ctrl Pts',(-0.249580329671195,41.709078722007,-1.1611133103436));
#5435=CARTESIAN_POINT('Ctrl Pts',(-7.4995803296712,41.7090890996372,-1.16111063964358));
#5436=CARTESIAN_POINT('Ctrl Pts',(-0.249580329671195,41.7090890996372,-1.16111063964358));
#5437=CARTESIAN_POINT('',(-0.349999999817886,41.0859920580153,-1.24000026876725));
#5438=CARTESIAN_POINT('',(-7.4995803296712,41.0859920580153,-1.24000026876725));
#5439=CARTESIAN_POINT('Ctrl Pts',(-0.349999999828372,41.7090890996372,-1.16111063964358));
#5440=CARTESIAN_POINT('Ctrl Pts',(-0.349999999824951,41.5058015440956,-1.21342702303812));
#5441=CARTESIAN_POINT('Ctrl Pts',(-0.349999999821419,41.2959035493543,-1.24000197666355));
#5442=CARTESIAN_POINT('Ctrl Pts',(-0.349999999817886,41.0859920580153,-1.24000026876725));
#5443=CARTESIAN_POINT('Origin',(-0.349999999441846,17.8479834051595,-1.34000026896377));
#5444=CARTESIAN_POINT('',(-0.249999999714483,34.6960123903711,-1.34000026896377));
#5445=CARTESIAN_POINT('',(-0.349999999714483,34.6960123907627,-1.24000026896377));
#5446=CARTESIAN_POINT('Origin',(-0.349999999714483,34.6960123903695,-1.34000026896377));
#5447=CARTESIAN_POINT('',(-0.249999999817077,41.0360123983508,-1.34000026896377));
#5448=CARTESIAN_POINT('',(-0.249999999441845,17.8479834051612,-1.34000026896377));
#5449=CARTESIAN_POINT('',(-0.349999999817078,41.0360123983492,-1.24000026896377));
#5450=CARTESIAN_POINT('Origin',(-0.349999999817078,41.0360123983492,-1.34000026896377));
#5451=CARTESIAN_POINT('',(-0.349999999441846,17.8479834051595,-1.24000026896377));
#5452=CARTESIAN_POINT('Origin',(-0.349999999493548,21.0429732512495,4.51999980976174));
#5453=CARTESIAN_POINT('',(-0.249999999817077,41.0360124026234,4.51999973114977));
#5454=CARTESIAN_POINT('Origin',(-0.349999999817078,41.0360124026218,4.51999973114977));
#5455=CARTESIAN_POINT('',(-0.249999999817886,41.0859920584101,4.51999973095325));
#5456=CARTESIAN_POINT('Origin',(-0.349999999817887,41.0859920584085,4.51999973095325));
#5457=CARTESIAN_POINT('',(-0.249999999493547,21.0429732512512,4.51999980976174));
#5458=CARTESIAN_POINT('Origin',(-0.349999999493143,21.0179834108925,4.51999973114977));
#5459=CARTESIAN_POINT('',(-0.249999999714483,34.6960123946437,4.51999973114977));
#5460=CARTESIAN_POINT('',(-0.249999999493143,21.0179834108941,4.51999973114977));
#5461=CARTESIAN_POINT('Origin',(-0.349999999714483,34.6960123946421,4.51999973114977));
#5462=CARTESIAN_POINT('Ctrl Pts',(-0.349999999713674,34.646032734976,-1.24000026876725));
#5463=CARTESIAN_POINT('Ctrl Pts',(-0.349999999710141,34.4361212436369,-1.24000197666355));
#5464=CARTESIAN_POINT('Ctrl Pts',(-0.349999999706609,34.2262232488956,-1.21342702303811));
#5465=CARTESIAN_POINT('Ctrl Pts',(-0.349999999703188,34.0229356933541,-1.16111063964358));
#5466=CARTESIAN_POINT('Ctrl Pts',(-0.320080069679485,34.6460327349765,-1.24000026876725));
#5467=CARTESIAN_POINT('Ctrl Pts',(-0.320080069675979,34.4361480774036,-1.24000197644527));
#5468=CARTESIAN_POINT('Ctrl Pts',(-0.320080069672472,34.2261972618924,-1.21342033524047));
#5469=CARTESIAN_POINT('Ctrl Pts',(-0.320080069669076,34.0229356933546,-1.1611106396437));
#5470=CARTESIAN_POINT('Ctrl Pts',(-0.268280368147431,34.6460329393052,-1.26511348796109));
#5471=CARTESIAN_POINT('Ctrl Pts',(-0.268280368143967,34.4340050568751,-1.26511521307698));
#5472=CARTESIAN_POINT('Ctrl Pts',(-0.268280368140504,34.222013870803,-1.23827524280557));
#5473=CARTESIAN_POINT('Ctrl Pts',(-0.268280368137149,34.0166767086992,-1.1854313898253));
#5474=CARTESIAN_POINT('Ctrl Pts',(-0.249999999713674,34.646033366027,-1.31756032123904));
#5475=CARTESIAN_POINT('Ctrl Pts',(-0.249999999710172,34.4296057220295,-1.31756208215253));
#5476=CARTESIAN_POINT('Ctrl Pts',(-0.24999999970667,34.2132034342987,-1.29016362716463));
#5477=CARTESIAN_POINT('Ctrl Pts',(-0.249999999703279,34.0036053488622,-1.23622321862737));
#5478=CARTESIAN_POINT('Ctrl Pts',(-0.249999999713674,34.6460335486045,-1.34000026876394));
#5479=CARTESIAN_POINT('Ctrl Pts',(-0.249999999710141,34.4277255976594,-1.34000204497609));
#5480=CARTESIAN_POINT('Ctrl Pts',(-0.249999999706609,34.2094316832096,-1.31236409321538));
#5481=CARTESIAN_POINT('Ctrl Pts',(-0.249999999703188,33.9980126255175,-1.25795505450336));
#5482=CARTESIAN_POINT('',(-0.349999999703188,34.0229356933541,-1.16111063964358));
#5483=CARTESIAN_POINT('',(-0.249999999703187,33.9980126255175,-1.25795505450336));
#5484=CARTESIAN_POINT('Origin',(-0.349999999703188,33.9980126255159,-1.25795505450336));
#5485=CARTESIAN_POINT('',(-0.249999999713674,34.6460335486045,-1.34000026876394));
#5486=CARTESIAN_POINT('Ctrl Pts',(-0.249999999703188,33.9980126255175,-1.25795505450336));
#5487=CARTESIAN_POINT('Ctrl Pts',(-0.249999999706609,34.2094316832096,-1.31236409321538));
#5488=CARTESIAN_POINT('Ctrl Pts',(-0.249999999710141,34.4277255976594,-1.34000204497609));
#5489=CARTESIAN_POINT('Ctrl Pts',(-0.249999999713674,34.6460335486045,-1.34000026876394));
#5490=CARTESIAN_POINT('',(-0.349999999713674,34.646032734976,-1.24000026876725));
#5491=CARTESIAN_POINT('Origin',(-0.349999999713674,34.6460335486029,-1.34000026876394));
#5492=CARTESIAN_POINT('Ctrl Pts',(-0.349999999713674,34.646032734976,-1.24000026876725));
#5493=CARTESIAN_POINT('Ctrl Pts',(-0.349999999710141,34.4361212436369,-1.24000197666355));
#5494=CARTESIAN_POINT('Ctrl Pts',(-0.349999999706609,34.2262232488956,-1.21342702303811));
#5495=CARTESIAN_POINT('Ctrl Pts',(-0.349999999703188,34.0229356933541,-1.16111063964358));
#5496=CARTESIAN_POINT('Ctrl Pts',(-0.349999999703188,34.0229356357181,-1.16111086360189));
#5497=CARTESIAN_POINT('Ctrl Pts',(-0.349999999701874,33.94488607725,-1.14102361311109));
#5498=CARTESIAN_POINT('Ctrl Pts',(-0.349999999700577,33.8678122417538,-1.1171615454664));
#5499=CARTESIAN_POINT('Ctrl Pts',(-0.349999999699302,33.7920662943195,-1.08963369160521));
#5500=CARTESIAN_POINT('Ctrl Pts',(-0.320080069669076,34.0229356357185,-1.161110863602));
#5501=CARTESIAN_POINT('Ctrl Pts',(-0.320080069667772,33.9448960477162,-1.14102617916345));
#5502=CARTESIAN_POINT('Ctrl Pts',(-0.320080069666484,33.8678025655655,-1.11715802891263));
#5503=CARTESIAN_POINT('Ctrl Pts',(-0.320080069665219,33.7920662943199,-1.08963369160537));
#5504=CARTESIAN_POINT('Ctrl Pts',(-0.268279967299557,34.016676421754,-1.18543120981243));
#5505=CARTESIAN_POINT('Ctrl Pts',(-0.268279967298269,33.9378404882079,-1.16514157363899));
#5506=CARTESIAN_POINT('Ctrl Pts',(-0.268279967296996,33.8599976912501,-1.14104143544088));
#5507=CARTESIAN_POINT('Ctrl Pts',(-0.268279967295746,33.7834885785044,-1.11323622940608));
#5508=CARTESIAN_POINT('Ctrl Pts',(-0.249999999703278,34.0036043258682,-1.23622319414261));
#5509=CARTESIAN_POINT('Ctrl Pts',(-0.249999999701976,33.9231335986109,-1.21551281874371));
#5510=CARTESIAN_POINT('Ctrl Pts',(-0.24999999970069,33.8436700481488,-1.19091089508179));
#5511=CARTESIAN_POINT('Ctrl Pts',(-0.249999999699426,33.7655743924334,-1.16252910212063));
#5512=CARTESIAN_POINT('Ctrl Pts',(-0.249999999703188,33.9980113232228,-1.25795495813819));
#5513=CARTESIAN_POINT('Ctrl Pts',(-0.249999999701875,33.9168419412939,-1.2370647732481));
#5514=CARTESIAN_POINT('Ctrl Pts',(-0.249999999700577,33.8366833517603,-1.21224766541294));
#5515=CARTESIAN_POINT('Ctrl Pts',(-0.249999999699302,33.7579096620826,-1.18361945900711));
#5516=CARTESIAN_POINT('',(-0.349999999699302,33.7920662943195,-1.08963369160521));
#5517=CARTESIAN_POINT('',(-0.249999999699302,33.7579096620826,-1.18361945900711));
#5518=CARTESIAN_POINT('Origin',(-0.349999999699302,33.757909662081,-1.18361945900711));
#5519=CARTESIAN_POINT('Ctrl Pts',(-0.249999999699302,33.7579096620826,-1.18361945900711));
#5520=CARTESIAN_POINT('Ctrl Pts',(-0.249999999700577,33.8366833517603,-1.21224766541294));
#5521=CARTESIAN_POINT('Ctrl Pts',(-0.249999999701875,33.9168419412939,-1.2370647732481));
#5522=CARTESIAN_POINT('Ctrl Pts',(-0.249999999703188,33.9980113232228,-1.25795495813819));
#5523=CARTESIAN_POINT('Ctrl Pts',(-0.349999999703188,34.0229356357181,-1.16111086360189));
#5524=CARTESIAN_POINT('Ctrl Pts',(-0.349999999701874,33.94488607725,-1.14102361311109));
#5525=CARTESIAN_POINT('Ctrl Pts',(-0.349999999700577,33.8678122417538,-1.1171615454664));
#5526=CARTESIAN_POINT('Ctrl Pts',(-0.349999999699302,33.7920662943195,-1.08963369160521));
#5527=CARTESIAN_POINT('Ctrl Pts',(-0.349999999699302,33.7920663733759,-1.08963347407268));
#5528=CARTESIAN_POINT('Ctrl Pts',(-0.349999999698405,33.7387772274324,-1.07026617298156));
#5529=CARTESIAN_POINT('Ctrl Pts',(-0.349999999696528,33.6272676724867,-1.02538929207563));
#5530=CARTESIAN_POINT('Ctrl Pts',(-0.349999999694276,33.4934084950613,-0.959946850951561));
#5531=CARTESIAN_POINT('Ctrl Pts',(-0.34999999969274,33.4021211973916,-0.90888995836372));
#5532=CARTESIAN_POINT('Ctrl Pts',(-0.349999999691369,33.3206646070764,-0.860642514893894));
#5533=CARTESIAN_POINT('Ctrl Pts',(-0.349999999689824,33.2289160751469,-0.801279090401034));
#5534=CARTESIAN_POINT('Ctrl Pts',(-0.349999999688513,33.1509731802512,-0.744178179241314));
#5535=CARTESIAN_POINT('Ctrl Pts',(-0.349999999687937,33.1167516384828,-0.717716516335715));
#5536=CARTESIAN_POINT('Ctrl Pts',(-0.320080069665219,33.7920663733763,-1.08963347407283));
#5537=CARTESIAN_POINT('Ctrl Pts',(-0.320080069664328,33.7387772274329,-1.07026617298172));
#5538=CARTESIAN_POINT('Ctrl Pts',(-0.320080069662466,33.6272676724871,-1.02538929207581));
#5539=CARTESIAN_POINT('Ctrl Pts',(-0.320080069660229,33.4934084950616,-0.959946850951759));
#5540=CARTESIAN_POINT('Ctrl Pts',(-0.320080069658705,33.4021211973919,-0.908889958363929));
#5541=CARTESIAN_POINT('Ctrl Pts',(-0.320080069657342,33.3206646070767,-0.860642514894112));
#5542=CARTESIAN_POINT('Ctrl Pts',(-0.320080069655811,33.2289160751473,-0.801279090401261));
#5543=CARTESIAN_POINT('Ctrl Pts',(-0.320080069654507,33.1509731802515,-0.744178179241546));
#5544=CARTESIAN_POINT('Ctrl Pts',(-0.320080069653937,33.1167516384831,-0.717716516335949));
#5545=CARTESIAN_POINT('Ctrl Pts',(-0.268279790911312,33.7834884043305,-1.11323576343027));
#5546=CARTESIAN_POINT('Ctrl Pts',(-0.268279790910432,33.7296638502569,-1.09367385131391));
#5547=CARTESIAN_POINT('Ctrl Pts',(-0.268279790908592,33.6170343043039,-1.04834625575246));
#5548=CARTESIAN_POINT('Ctrl Pts',(-0.268279790906383,33.4818304149179,-0.982246384463681));
#5549=CARTESIAN_POINT('Ctrl Pts',(-0.268279790904877,33.3896261790059,-0.93067666210286));
#5550=CARTESIAN_POINT('Ctrl Pts',(-0.268279790903532,33.3073514430505,-0.881944604511234));
#5551=CARTESIAN_POINT('Ctrl Pts',(-0.268279790902019,33.2146811520809,-0.821984806588647));
#5552=CARTESIAN_POINT('Ctrl Pts',(-0.268279790900732,33.1359554166922,-0.764310361185999));
#5553=CARTESIAN_POINT('Ctrl Pts',(-0.268279790900168,33.1013900685815,-0.737582864415422));
#5554=CARTESIAN_POINT('Ctrl Pts',(-0.249999999699426,33.7655735343168,-1.16252854399063));
#5555=CARTESIAN_POINT('Ctrl Pts',(-0.249999999698537,33.7106310480958,-1.14256033631192));
#5556=CARTESIAN_POINT('Ctrl Pts',(-0.249999999696676,33.5956621316825,-1.0962912604208));
#5557=CARTESIAN_POINT('Ctrl Pts',(-0.249999999694443,33.4576500329974,-1.02881848513184));
#5558=CARTESIAN_POINT('Ctrl Pts',(-0.24999999969292,33.3635306800066,-0.976177637830494));
#5559=CARTESIAN_POINT('Ctrl Pts',(-0.24999999969156,33.279547058381,-0.926433395345065));
#5560=CARTESIAN_POINT('Ctrl Pts',(-0.24999999969003,33.1849520020152,-0.86522822578065));
#5561=CARTESIAN_POINT('Ctrl Pts',(-0.24999999968873,33.1045910930597,-0.806355857187764));
#5562=CARTESIAN_POINT('Ctrl Pts',(-0.249999999688159,33.0693078208477,-0.779073226709581));
#5563=CARTESIAN_POINT('Ctrl Pts',(-0.249999999699302,33.7579085328198,-1.18361880233426));
#5564=CARTESIAN_POINT('Ctrl Pts',(-0.249999999698405,33.7024878210567,-1.16347680920607));
#5565=CARTESIAN_POINT('Ctrl Pts',(-0.249999999696529,33.5865178838943,-1.11680485305701));
#5566=CARTESIAN_POINT('Ctrl Pts',(-0.249999999694276,33.447304339364,-1.04874471428388));
#5567=CARTESIAN_POINT('Ctrl Pts',(-0.24999999969274,33.3523655497729,-0.995645545984905));
#5568=CARTESIAN_POINT('Ctrl Pts',(-0.249999999691368,33.2676506958326,-0.945468204768925));
#5569=CARTESIAN_POINT('Ctrl Pts',(-0.249999999689824,33.172232222606,-0.883730243284351));
#5570=CARTESIAN_POINT('Ctrl Pts',(-0.249999999688513,33.0911716118943,-0.824345295664045));
#5571=CARTESIAN_POINT('Ctrl Pts',(-0.249999999687937,33.0555812084459,-0.796825166235145));
#5572=CARTESIAN_POINT('',(-0.349999999687937,33.1167516384828,-0.717716516335714));
#5573=CARTESIAN_POINT('',(-0.249999999687937,33.0555812084459,-0.796825166235144));
#5574=CARTESIAN_POINT('Origin',(-0.349999999687937,33.0555812084443,-0.796825166235144));
#5575=CARTESIAN_POINT('Ctrl Pts',(-0.249999999687937,33.0555812084459,-0.796825166235145));
#5576=CARTESIAN_POINT('Ctrl Pts',(-0.249999999688513,33.0911716118943,-0.824345295664045));
#5577=CARTESIAN_POINT('Ctrl Pts',(-0.249999999689824,33.172232222606,-0.883730243284351));
#5578=CARTESIAN_POINT('Ctrl Pts',(-0.249999999691368,33.2676506958326,-0.945468204768925));
#5579=CARTESIAN_POINT('Ctrl Pts',(-0.24999999969274,33.3523655497729,-0.995645545984905));
#5580=CARTESIAN_POINT('Ctrl Pts',(-0.249999999694276,33.447304339364,-1.04874471428388));
#5581=CARTESIAN_POINT('Ctrl Pts',(-0.249999999696529,33.5865178838943,-1.11680485305701));
#5582=CARTESIAN_POINT('Ctrl Pts',(-0.249999999698405,33.7024878210567,-1.16347680920607));
#5583=CARTESIAN_POINT('Ctrl Pts',(-0.249999999699302,33.7579085328198,-1.18361880233426));
#5584=CARTESIAN_POINT('Ctrl Pts',(-0.349999999699302,33.7920663733759,-1.08963347407268));
#5585=CARTESIAN_POINT('Ctrl Pts',(-0.349999999698405,33.7387772274324,-1.07026617298156));
#5586=CARTESIAN_POINT('Ctrl Pts',(-0.349999999696528,33.6272676724867,-1.02538929207563));
#5587=CARTESIAN_POINT('Ctrl Pts',(-0.349999999694276,33.4934084950613,-0.959946850951561));
#5588=CARTESIAN_POINT('Ctrl Pts',(-0.34999999969274,33.4021211973916,-0.90888995836372));
#5589=CARTESIAN_POINT('Ctrl Pts',(-0.349999999691369,33.3206646070764,-0.860642514893894));
#5590=CARTESIAN_POINT('Ctrl Pts',(-0.349999999689824,33.2289160751469,-0.801279090401034));
#5591=CARTESIAN_POINT('Ctrl Pts',(-0.349999999688513,33.1509731802512,-0.744178179241314));
#5592=CARTESIAN_POINT('Ctrl Pts',(-0.349999999687937,33.1167516384828,-0.717716516335715));
#5593=CARTESIAN_POINT('Origin',(-0.349999999169208,34.6460123894439,1.25999973115001));
#5594=CARTESIAN_POINT('',(-0.349999999128753,32.146012389444,1.25999973111962));
#5595=CARTESIAN_POINT('',(-0.2499999996716,32.0460123894457,1.25999973111841));
#5596=CARTESIAN_POINT('Origin',(-0.349999999127135,32.046012389444,1.25999973111841));
#5597=CARTESIAN_POINT('Origin',(-0.249999999713673,34.6460123894455,1.25999973115001));
#5598=CARTESIAN_POINT('Origin',(-0.349999999169208,34.6460123894439,1.25999973115001));
#5599=CARTESIAN_POINT('Origin',(-0.349999999671601,32.0460123894444,0.100165703255667));
#5600=CARTESIAN_POINT('',(-0.349999999671601,32.1460123894439,1.919999731096));
#5601=CARTESIAN_POINT('',(-0.2499999996716,32.0460123894455,1.91999973109597));
#5602=CARTESIAN_POINT('Origin',(-0.349999999671601,32.0460123894439,1.91999973109597));
#5603=CARTESIAN_POINT('',(-0.2499999996716,32.046012389446,0.100165703255667));
#5604=CARTESIAN_POINT('',(-0.349999999671601,32.1460123894444,0.100165703255697));
#5605=CARTESIAN_POINT('Origin',(-0.349999999169208,34.6460123894439,1.919999731036));
#5606=CARTESIAN_POINT('',(-0.349999999144461,33.1167516384824,3.89771597852171));
#5607=CARTESIAN_POINT('',(-0.249999999687937,33.0555812084456,3.97682462842114));
#5608=CARTESIAN_POINT('Origin',(-0.349999999143472,33.055581208444,3.97682462842114));
#5609=CARTESIAN_POINT('Origin',(-0.249999999713673,34.6460123894455,1.919999731036));
#5610=CARTESIAN_POINT('Origin',(-0.349999999169208,34.6460123894439,1.919999731036));
#5611=CARTESIAN_POINT('Ctrl Pts',(-0.349999999687937,33.1167516384826,3.89771597852156));
#5612=CARTESIAN_POINT('Ctrl Pts',(-0.349999999688513,33.1509731802511,3.92417764142722));
#5613=CARTESIAN_POINT('Ctrl Pts',(-0.349999999689824,33.2289160752135,3.98127855262564));
#5614=CARTESIAN_POINT('Ctrl Pts',(-0.349999999691368,33.3206646070489,4.04064197708401));
#5615=CARTESIAN_POINT('Ctrl Pts',(-0.349999999692739,33.4021211972955,4.08888942052131));
#5616=CARTESIAN_POINT('Ctrl Pts',(-0.349999999694275,33.4934084948265,4.13994631302723));
#5617=CARTESIAN_POINT('Ctrl Pts',(-0.349999999696528,33.6272676719449,4.20538875396136));
#5618=CARTESIAN_POINT('Ctrl Pts',(-0.349999999698405,33.7387772274324,4.25026563516756));
#5619=CARTESIAN_POINT('Ctrl Pts',(-0.349999999699302,33.7920663733759,4.26963293625868));
#5620=CARTESIAN_POINT('Ctrl Pts',(-0.320080069653936,33.1167516384829,3.89771597852179));
#5621=CARTESIAN_POINT('Ctrl Pts',(-0.320080069654509,33.1509731802514,3.92417764142745));
#5622=CARTESIAN_POINT('Ctrl Pts',(-0.32008006965581,33.2289160752138,3.98127855262586));
#5623=CARTESIAN_POINT('Ctrl Pts',(-0.320080069657342,33.3206646070493,4.04064197708423));
#5624=CARTESIAN_POINT('Ctrl Pts',(-0.320080069658704,33.4021211972958,4.08888942052152));
#5625=CARTESIAN_POINT('Ctrl Pts',(-0.320080069660229,33.4934084948269,4.13994631302742));
#5626=CARTESIAN_POINT('Ctrl Pts',(-0.320080069662465,33.6272676719454,4.20538875396154));
#5627=CARTESIAN_POINT('Ctrl Pts',(-0.320080069664328,33.7387772274329,4.25026563516772));
#5628=CARTESIAN_POINT('Ctrl Pts',(-0.320080069665219,33.7920663733763,4.26963293625883));
#5629=CARTESIAN_POINT('Ctrl Pts',(-0.268281538215143,33.1013891777765,3.91758347863439));
#5630=CARTESIAN_POINT('Ctrl Pts',(-0.268281538215707,33.1359545473925,3.94431099160761));
#5631=CARTESIAN_POINT('Ctrl Pts',(-0.268281538216994,33.2146803248485,4.00198546866945));
#5632=CARTESIAN_POINT('Ctrl Pts',(-0.268281538218507,33.3073506736555,4.06194530318425));
#5633=CARTESIAN_POINT('Ctrl Pts',(-0.268281538219852,33.3896254539078,4.1106773876599));
#5634=CARTESIAN_POINT('Ctrl Pts',(-0.268281538221358,33.481829741162,4.1622471383086));
#5635=CARTESIAN_POINT('Ctrl Pts',(-0.268281538223568,33.6170337109677,4.22834704932283));
#5636=CARTESIAN_POINT('Ctrl Pts',(-0.268281538225408,33.729663318045,4.27367466876643));
#5637=CARTESIAN_POINT('Ctrl Pts',(-0.268281538226287,33.7834879069011,4.29323659429355));
#5638=CARTESIAN_POINT('Ctrl Pts',(-0.249999999688158,33.0693078208475,3.95907268889542));
#5639=CARTESIAN_POINT('Ctrl Pts',(-0.249999999688729,33.1045910930596,3.98635531937366));
#5640=CARTESIAN_POINT('Ctrl Pts',(-0.24999999969003,33.1849520020844,4.0452276880068));
#5641=CARTESIAN_POINT('Ctrl Pts',(-0.24999999969156,33.2795470583525,4.10643285753534));
#5642=CARTESIAN_POINT('Ctrl Pts',(-0.249999999692919,33.3635306799067,4.15617709998695));
#5643=CARTESIAN_POINT('Ctrl Pts',(-0.249999999694442,33.4576500327532,4.20881794720309));
#5644=CARTESIAN_POINT('Ctrl Pts',(-0.249999999696676,33.595662131119,4.27629072229452));
#5645=CARTESIAN_POINT('Ctrl Pts',(-0.249999999698537,33.7106310480958,4.32255979849792));
#5646=CARTESIAN_POINT('Ctrl Pts',(-0.249999999699426,33.7655735343168,4.34252800617663));
#5647=CARTESIAN_POINT('Ctrl Pts',(-0.249999999687936,33.0555812084457,3.97682462842098));
#5648=CARTESIAN_POINT('Ctrl Pts',(-0.249999999688512,33.0911716118941,4.00434475784994));
#5649=CARTESIAN_POINT('Ctrl Pts',(-0.249999999689824,33.1722322226752,4.0637297055105));
#5650=CARTESIAN_POINT('Ctrl Pts',(-0.249999999691368,33.2676506958041,4.12546766695921));
#5651=CARTESIAN_POINT('Ctrl Pts',(-0.249999999692739,33.352365549673,4.17564500814136));
#5652=CARTESIAN_POINT('Ctrl Pts',(-0.249999999694275,33.4473043391198,4.22874417635513));
#5653=CARTESIAN_POINT('Ctrl Pts',(-0.249999999696528,33.5865178833309,4.29680431493074));
#5654=CARTESIAN_POINT('Ctrl Pts',(-0.249999999698405,33.7024878210567,4.34347627139207));
#5655=CARTESIAN_POINT('Ctrl Pts',(-0.249999999699302,33.7579085328198,4.36361826452026));
#5656=CARTESIAN_POINT('',(-0.349999999699302,33.7920663733759,4.26963293625868));
#5657=CARTESIAN_POINT('',(-0.249999999699302,33.7579085328198,4.36361826452026));
#5658=CARTESIAN_POINT('Origin',(-0.349999999699302,33.7579085328182,4.36361826452026));
#5659=CARTESIAN_POINT('Ctrl Pts',(-0.249999999699302,33.7579085328198,4.36361826452026));
#5660=CARTESIAN_POINT('Ctrl Pts',(-0.249999999698405,33.7024878210567,4.34347627139207));
#5661=CARTESIAN_POINT('Ctrl Pts',(-0.249999999696528,33.5865178833309,4.29680431493074));
#5662=CARTESIAN_POINT('Ctrl Pts',(-0.249999999694275,33.4473043391198,4.22874417635513));
#5663=CARTESIAN_POINT('Ctrl Pts',(-0.249999999692739,33.352365549673,4.17564500814136));
#5664=CARTESIAN_POINT('Ctrl Pts',(-0.249999999691368,33.2676506958041,4.12546766695921));
#5665=CARTESIAN_POINT('Ctrl Pts',(-0.249999999689824,33.1722322226752,4.0637297055105));
#5666=CARTESIAN_POINT('Ctrl Pts',(-0.249999999688512,33.0911716118941,4.00434475784994));
#5667=CARTESIAN_POINT('Ctrl Pts',(-0.249999999687936,33.0555812084457,3.97682462842098));
#5668=CARTESIAN_POINT('Ctrl Pts',(-0.349999999687937,33.1167516384826,3.89771597852156));
#5669=CARTESIAN_POINT('Ctrl Pts',(-0.349999999688513,33.1509731802511,3.92417764142722));
#5670=CARTESIAN_POINT('Ctrl Pts',(-0.349999999689824,33.2289160752135,3.98127855262564));
#5671=CARTESIAN_POINT('Ctrl Pts',(-0.349999999691368,33.3206646070489,4.04064197708401));
#5672=CARTESIAN_POINT('Ctrl Pts',(-0.349999999692739,33.4021211972955,4.08888942052131));
#5673=CARTESIAN_POINT('Ctrl Pts',(-0.349999999694275,33.4934084948265,4.13994631302723));
#5674=CARTESIAN_POINT('Ctrl Pts',(-0.349999999696528,33.6272676719449,4.20538875396136));
#5675=CARTESIAN_POINT('Ctrl Pts',(-0.349999999698405,33.7387772274324,4.25026563516756));
#5676=CARTESIAN_POINT('Ctrl Pts',(-0.349999999699302,33.7920663733759,4.26963293625868));
#5677=CARTESIAN_POINT('Ctrl Pts',(-0.349999999699302,33.7920662943195,4.26963315379121));
#5678=CARTESIAN_POINT('Ctrl Pts',(-0.349999999700577,33.8678122417538,4.2971610076524));
#5679=CARTESIAN_POINT('Ctrl Pts',(-0.349999999701874,33.94488607725,4.32102307529709));
#5680=CARTESIAN_POINT('Ctrl Pts',(-0.349999999703188,34.0229356357181,4.34111032578788));
#5681=CARTESIAN_POINT('Ctrl Pts',(-0.320080069665219,33.7920662943199,4.26963315379137));
#5682=CARTESIAN_POINT('Ctrl Pts',(-0.320080069666484,33.8678025655655,4.29715749109863));
#5683=CARTESIAN_POINT('Ctrl Pts',(-0.320080069667772,33.9448960477162,4.32102564134945));
#5684=CARTESIAN_POINT('Ctrl Pts',(-0.320080069669076,34.0229356357185,4.341110325788));
#5685=CARTESIAN_POINT('Ctrl Pts',(-0.268281692740423,33.7834880873185,4.29323704314461));
#5686=CARTESIAN_POINT('Ctrl Pts',(-0.268281692741673,33.8599972000642,4.3210422491794));
#5687=CARTESIAN_POINT('Ctrl Pts',(-0.268281692742945,33.9378401297865,4.34514242848139));
#5688=CARTESIAN_POINT('Ctrl Pts',(-0.268281692744234,34.0166760633326,4.36543206465483));
#5689=CARTESIAN_POINT('Ctrl Pts',(-0.249999999699426,33.7655743924334,4.34252856430663));
#5690=CARTESIAN_POINT('Ctrl Pts',(-0.24999999970069,33.8436700481488,4.37091035726779));
#5691=CARTESIAN_POINT('Ctrl Pts',(-0.249999999701977,33.9231335986109,4.39551228092971));
#5692=CARTESIAN_POINT('Ctrl Pts',(-0.249999999703279,34.0036043258682,4.41622265632861));
#5693=CARTESIAN_POINT('Ctrl Pts',(-0.249999999699302,33.7579096620826,4.36361892119311));
#5694=CARTESIAN_POINT('Ctrl Pts',(-0.249999999700577,33.8366833517603,4.39224712759893));
#5695=CARTESIAN_POINT('Ctrl Pts',(-0.249999999701875,33.9168419412939,4.4170642354341));
#5696=CARTESIAN_POINT('Ctrl Pts',(-0.249999999703188,33.9980113232228,4.43795442032419));
#5697=CARTESIAN_POINT('',(-0.349999999703188,34.0229356357181,4.34111032578788));
#5698=CARTESIAN_POINT('',(-0.249999999703187,33.9980113232228,4.43795442032418));
#5699=CARTESIAN_POINT('Origin',(-0.349999999703188,33.9980113232212,4.43795442032419));
#5700=CARTESIAN_POINT('Ctrl Pts',(-0.249999999703188,33.9980113232228,4.43795442032419));
#5701=CARTESIAN_POINT('Ctrl Pts',(-0.249999999701875,33.9168419412939,4.4170642354341));
#5702=CARTESIAN_POINT('Ctrl Pts',(-0.249999999700577,33.8366833517603,4.39224712759893));
#5703=CARTESIAN_POINT('Ctrl Pts',(-0.249999999699302,33.7579096620826,4.36361892119311));
#5704=CARTESIAN_POINT('Ctrl Pts',(-0.349999999699302,33.7920662943195,4.26963315379121));
#5705=CARTESIAN_POINT('Ctrl Pts',(-0.349999999700577,33.8678122417538,4.2971610076524));
#5706=CARTESIAN_POINT('Ctrl Pts',(-0.349999999701874,33.94488607725,4.32102307529709));
#5707=CARTESIAN_POINT('Ctrl Pts',(-0.349999999703188,34.0229356357181,4.34111032578788));
#5708=CARTESIAN_POINT('Ctrl Pts',(-0.349999999703188,34.0229356933541,4.34111010182958));
#5709=CARTESIAN_POINT('Ctrl Pts',(-0.349999999706609,34.2262232488956,4.39342648522412));
#5710=CARTESIAN_POINT('Ctrl Pts',(-0.349999999710141,34.4361212436369,4.42000143884955));
#5711=CARTESIAN_POINT('Ctrl Pts',(-0.349999999713674,34.646032734976,4.41999973095325));
#5712=CARTESIAN_POINT('Ctrl Pts',(-0.320080069669076,34.0229356933546,4.3411101018297));
#5713=CARTESIAN_POINT('Ctrl Pts',(-0.320080069672472,34.2261972618924,4.39341979742648));
#5714=CARTESIAN_POINT('Ctrl Pts',(-0.320080069675979,34.4361480774036,4.42000143863127));
#5715=CARTESIAN_POINT('Ctrl Pts',(-0.320080069679485,34.6460327349765,4.41999973095325));
#5716=CARTESIAN_POINT('Ctrl Pts',(-0.268282044360461,34.0166763605197,4.36543220494418));
#5717=CARTESIAN_POINT('Ctrl Pts',(-0.268282044363815,34.2220135226235,4.41827605792446));
#5718=CARTESIAN_POINT('Ctrl Pts',(-0.268282044367278,34.4340050568865,4.44511607227992));
#5719=CARTESIAN_POINT('Ctrl Pts',(-0.268282044370742,34.6460329393166,4.44511434716403));
#5720=CARTESIAN_POINT('Ctrl Pts',(-0.249999999703279,34.0036053488622,4.41622268081337));
#5721=CARTESIAN_POINT('Ctrl Pts',(-0.24999999970667,34.2132034342987,4.47016308935064));
#5722=CARTESIAN_POINT('Ctrl Pts',(-0.249999999710172,34.4296057220295,4.49756154433853));
#5723=CARTESIAN_POINT('Ctrl Pts',(-0.249999999713674,34.646033366027,4.49755978342504));
#5724=CARTESIAN_POINT('Ctrl Pts',(-0.249999999703188,33.9980126255175,4.43795451668936));
#5725=CARTESIAN_POINT('Ctrl Pts',(-0.249999999706609,34.2094316832097,4.49236355540138));
#5726=CARTESIAN_POINT('Ctrl Pts',(-0.249999999710141,34.4277255976594,4.52000150716209));
#5727=CARTESIAN_POINT('Ctrl Pts',(-0.249999999713674,34.6460335486045,4.51999973094994));
#5728=CARTESIAN_POINT('',(-0.249999999713674,34.6460335486045,4.51999973094994));
#5729=CARTESIAN_POINT('Origin',(-0.349999999713674,34.6460335486029,4.51999973094994));
#5730=CARTESIAN_POINT('Ctrl Pts',(-0.249999999713674,34.6460335486045,4.51999973094994));
#5731=CARTESIAN_POINT('Ctrl Pts',(-0.249999999710141,34.4277255976594,4.52000150716209));
#5732=CARTESIAN_POINT('Ctrl Pts',(-0.249999999706609,34.2094316832097,4.49236355540138));
#5733=CARTESIAN_POINT('Ctrl Pts',(-0.249999999703188,33.9980126255175,4.43795451668936));
#5734=CARTESIAN_POINT('Ctrl Pts',(-0.349999999703188,34.0229356933541,4.34111010182958));
#5735=CARTESIAN_POINT('Ctrl Pts',(-0.349999999706609,34.2262232488956,4.39342648522412));
#5736=CARTESIAN_POINT('Ctrl Pts',(-0.349999999710141,34.4361212436369,4.42000143884955));
#5737=CARTESIAN_POINT('Ctrl Pts',(-0.349999999713674,34.646032734976,4.41999973095325));
#5738=CARTESIAN_POINT('Origin',(-0.349999999441846,17.8479833946356,4.51999966490388));
#5739=CARTESIAN_POINT('',(-0.249999999441845,17.8479833946372,4.51999966490388));
#5740=CARTESIAN_POINT('Ctrl Pts',(-0.349999999817887,41.0859920580153,4.41999973095325));
#5741=CARTESIAN_POINT('Ctrl Pts',(-0.34999999982142,41.2959035473676,4.42000143884954));
#5742=CARTESIAN_POINT('Ctrl Pts',(-0.349999999824951,41.5058015401227,4.39342648572979));
#5743=CARTESIAN_POINT('Ctrl Pts',(-0.349999999828372,41.7090890938649,4.34111010331509));
#5744=CARTESIAN_POINT('Ctrl Pts',(-0.320080069783699,41.0859920580158,4.41999973095325));
#5745=CARTESIAN_POINT('Ctrl Pts',(-0.320080069787205,41.2958767136021,4.42000143863117));
#5746=CARTESIAN_POINT('Ctrl Pts',(-0.320080069790711,41.5058275271267,4.39341979793212));
#5747=CARTESIAN_POINT('Ctrl Pts',(-0.320080069794107,41.7090890938653,4.34111010331497));
#5748=CARTESIAN_POINT('Ctrl Pts',(-0.268285083332469,41.0859918536568,4.44511687984294));
#5749=CARTESIAN_POINT('Ctrl Pts',(-0.268285083335933,41.29801973408,4.44511860495869));
#5750=CARTESIAN_POINT('Ctrl Pts',(-0.268285083339396,41.5100118975789,4.41827851119299));
#5751=CARTESIAN_POINT('Ctrl Pts',(-0.268285083342751,41.7153490578652,4.36543465920231));
#5752=CARTESIAN_POINT('Ctrl Pts',(-0.249999999817887,41.0859914269675,4.49755978342504));
#5753=CARTESIAN_POINT('Ctrl Pts',(-0.249999999821389,41.3024190689165,4.49756154433848));
#5754=CARTESIAN_POINT('Ctrl Pts',(-0.249999999824891,41.5188213545997,4.4701630898719));
#5755=CARTESIAN_POINT('Ctrl Pts',(-0.249999999828282,41.7284194381809,4.41622268234485));
#5756=CARTESIAN_POINT('Ctrl Pts',(-0.249999999817887,41.08599124439,4.51999973094994));
#5757=CARTESIAN_POINT('Ctrl Pts',(-0.24999999982142,41.3042991932688,4.52000150716208));
#5758=CARTESIAN_POINT('Ctrl Pts',(-0.249999999824951,41.522593105653,4.49236355592728));
#5759=CARTESIAN_POINT('Ctrl Pts',(-0.249999999828372,41.7340121614738,4.43795451823428));
#5760=CARTESIAN_POINT('',(-0.249999999828373,41.7340121614738,4.43795451823429));
#5761=CARTESIAN_POINT('Origin',(-0.349999999828372,41.7340121614722,4.43795451823429));
#5762=CARTESIAN_POINT('Ctrl Pts',(-0.249999999828372,41.7340121614738,4.43795451823428));
#5763=CARTESIAN_POINT('Ctrl Pts',(-0.249999999824951,41.5225933684307,4.49236348830103));
#5764=CARTESIAN_POINT('Ctrl Pts',(-0.24999999982142,41.304299735914,4.52000143845833));
#5765=CARTESIAN_POINT('Ctrl Pts',(-0.249999999817887,41.0859920584101,4.51999973095644));
#5766=CARTESIAN_POINT('Ctrl Pts',(-0.349999999828373,41.7090891515009,4.34111032727347));
#5767=CARTESIAN_POINT('Ctrl Pts',(-0.349999999829687,41.7871387119412,4.32102307647338));
#5768=CARTESIAN_POINT('Ctrl Pts',(-0.349999999830983,41.8642125493702,4.29716100833102));
#5769=CARTESIAN_POINT('Ctrl Pts',(-0.349999999832258,41.9399584986718,4.26963315379121));
#5770=CARTESIAN_POINT('Ctrl Pts',(-0.320080069794108,41.7090891515014,4.34111032727336));
#5771=CARTESIAN_POINT('Ctrl Pts',(-0.320080069795411,41.7871287414756,4.32102564252552));
#5772=CARTESIAN_POINT('Ctrl Pts',(-0.320080069796699,41.8642222255596,4.29715749177688));
#5773=CARTESIAN_POINT('Ctrl Pts',(-0.320080069797964,41.9399584986722,4.26963315379106));
#5774=CARTESIAN_POINT('Ctrl Pts',(-0.268285146304514,41.7153494412029,4.36543485352282));
#5775=CARTESIAN_POINT('Ctrl Pts',(-0.268285146305802,41.794185376741,4.34514521703694));
#5776=CARTESIAN_POINT('Ctrl Pts',(-0.268285146307074,41.87202857414,4.32104495496386));
#5777=CARTESIAN_POINT('Ctrl Pts',(-0.268285146308324,41.9485376887719,4.29323974824357));
#5778=CARTESIAN_POINT('Ctrl Pts',(-0.249999999828282,41.728420461175,4.41622265786015));
#5779=CARTESIAN_POINT('Ctrl Pts',(-0.249999999829584,41.8088911904655,4.39551228214237));
#5780=CARTESIAN_POINT('Ctrl Pts',(-0.24999999983087,41.8883547429204,4.37091035796732));
#5781=CARTESIAN_POINT('Ctrl Pts',(-0.249999999832134,41.9664504005611,4.34252856430648));
#5782=CARTESIAN_POINT('Ctrl Pts',(-0.249999999828372,41.7340134637687,4.43795442186916));
#5783=CARTESIAN_POINT('Ctrl Pts',(-0.249999999829685,41.8151828477484,4.41706423665746));
#5784=CARTESIAN_POINT('Ctrl Pts',(-0.249999999830983,41.8953414392923,4.39224712830468));
#5785=CARTESIAN_POINT('Ctrl Pts',(-0.249999999832258,41.9741151309119,4.36361892119311));
#5786=CARTESIAN_POINT('',(-0.249999999832258,41.9741151309119,4.36361892119311));
#5787=CARTESIAN_POINT('Origin',(-0.349999999832258,41.9741151309103,4.36361892119311));
#5788=CARTESIAN_POINT('Ctrl Pts',(-0.249999999832258,41.9741151309119,4.36361892119311));
#5789=CARTESIAN_POINT('Ctrl Pts',(-0.249999999830983,41.8953414392923,4.39224712830468));
#5790=CARTESIAN_POINT('Ctrl Pts',(-0.249999999829685,41.8151828477484,4.41706423665746));
#5791=CARTESIAN_POINT('Ctrl Pts',(-0.249999999828372,41.7340134637687,4.43795442186916));
#5792=CARTESIAN_POINT('Ctrl Pts',(-0.349999999832258,41.9399584196154,4.26963293625869));
#5793=CARTESIAN_POINT('Ctrl Pts',(-0.349999999833155,41.9932475655588,4.25026563516757));
#5794=CARTESIAN_POINT('Ctrl Pts',(-0.349999999835031,42.1047571221332,4.20538875335894));
#5795=CARTESIAN_POINT('Ctrl Pts',(-0.349999999837284,42.2386162986358,4.13994631280583));
#5796=CARTESIAN_POINT('Ctrl Pts',(-0.34999999983882,42.3299035958885,4.08888942046426));
#5797=CARTESIAN_POINT('Ctrl Pts',(-0.349999999840191,42.4113601859974,4.04064197709219));
#5798=CARTESIAN_POINT('Ctrl Pts',(-0.349999999841735,42.5031087176441,3.9812785527032));
#5799=CARTESIAN_POINT('Ctrl Pts',(-0.349999999843047,42.58105161274,3.92417764142733));
#5800=CARTESIAN_POINT('Ctrl Pts',(-0.349999999843623,42.6152731545085,3.89771597852172));
#5801=CARTESIAN_POINT('Ctrl Pts',(-0.320080069797964,41.9399584196158,4.26963293625854));
#5802=CARTESIAN_POINT('Ctrl Pts',(-0.320080069798855,41.9932475655592,4.25026563516741));
#5803=CARTESIAN_POINT('Ctrl Pts',(-0.320080069800717,42.1047571221336,4.20538875335876));
#5804=CARTESIAN_POINT('Ctrl Pts',(-0.320080069802952,42.2386162986361,4.13994631280563));
#5805=CARTESIAN_POINT('Ctrl Pts',(-0.320080069804481,42.3299035958889,4.08888942046405));
#5806=CARTESIAN_POINT('Ctrl Pts',(-0.320080069805837,42.4113601859978,4.04064197709197));
#5807=CARTESIAN_POINT('Ctrl Pts',(-0.320080069807379,42.5031087176445,3.98127855270297));
#5808=CARTESIAN_POINT('Ctrl Pts',(-0.320080069808671,42.5810516127403,3.9241776414271));
#5809=CARTESIAN_POINT('Ctrl Pts',(-0.320080069809246,42.6152731545088,3.89771597852149));
#5810=CARTESIAN_POINT('Ctrl Pts',(-0.26828526515985,41.9485379470463,4.29323951350807));
#5811=CARTESIAN_POINT('Ctrl Pts',(-0.26828526516073,42.0023626100893,4.27367755937748));
#5812=CARTESIAN_POINT('Ctrl Pts',(-0.26828526516257,42.1149923474679,4.22834988903433));
#5813=CARTESIAN_POINT('Ctrl Pts',(-0.268285265164778,42.2501964888376,4.16224989326652));
#5814=CARTESIAN_POINT('Ctrl Pts',(-0.268285265166285,42.3424008856156,4.11068008227295));
#5815=CARTESIAN_POINT('Ctrl Pts',(-0.268285265167628,42.4246757603565,4.06194794045289));
#5816=CARTESIAN_POINT('Ctrl Pts',(-0.268285265169146,42.5173462325348,4.00198802788732));
#5817=CARTESIAN_POINT('Ctrl Pts',(-0.268285265170428,42.5960720997064,3.94431348330555));
#5818=CARTESIAN_POINT('Ctrl Pts',(-0.268285265170994,42.6306375151901,3.91758593577432));
#5819=CARTESIAN_POINT('Ctrl Pts',(-0.249999999832135,41.9664512586776,4.3425280061765));
#5820=CARTESIAN_POINT('Ctrl Pts',(-0.249999999833024,42.0213937448986,4.32255979849777));
#5821=CARTESIAN_POINT('Ctrl Pts',(-0.249999999834884,42.1363626630057,4.27629072166783));
#5822=CARTESIAN_POINT('Ctrl Pts',(-0.249999999837117,42.274374760731,4.20881794697264));
#5823=CARTESIAN_POINT('Ctrl Pts',(-0.24999999983864,42.3684941132881,4.15617709992742));
#5824=CARTESIAN_POINT('Ctrl Pts',(-0.249999999839999,42.4524777346992,4.10643285754363));
#5825=CARTESIAN_POINT('Ctrl Pts',(-0.249999999841531,42.5470727907709,4.04522768808726));
#5826=CARTESIAN_POINT('Ctrl Pts',(-0.249999999842831,42.6274336999346,3.98635531937355));
#5827=CARTESIAN_POINT('Ctrl Pts',(-0.249999999843402,42.6627169721466,3.95907268889536));
#5828=CARTESIAN_POINT('Ctrl Pts',(-0.249999999832259,41.9741162601747,4.36361826452028));
#5829=CARTESIAN_POINT('Ctrl Pts',(-0.249999999833156,42.0295369719377,4.34347627139208));
#5830=CARTESIAN_POINT('Ctrl Pts',(-0.249999999835032,42.145506910794,4.29680431430421));
#5831=CARTESIAN_POINT('Ctrl Pts',(-0.249999999837285,42.2847204543645,4.22874417612488));
#5832=CARTESIAN_POINT('Ctrl Pts',(-0.249999999838821,42.379659243522,4.17564500808203));
#5833=CARTESIAN_POINT('Ctrl Pts',(-0.249999999840192,42.4643740972477,4.12546766696771));
#5834=CARTESIAN_POINT('Ctrl Pts',(-0.249999999841737,42.5597925701803,4.06372970559116));
#5835=CARTESIAN_POINT('Ctrl Pts',(-0.249999999843048,42.6408531811002,4.00434475785006));
#5836=CARTESIAN_POINT('Ctrl Pts',(-0.249999999843624,42.6764435845486,3.97682462842115));
#5837=CARTESIAN_POINT('',(-0.249999999843623,42.6764435845486,3.97682462842115));
#5838=CARTESIAN_POINT('Origin',(-0.349999999843623,42.676443584547,3.97682462842115));
#5839=CARTESIAN_POINT('Ctrl Pts',(-0.249999999843624,42.6764435845486,3.97682462842115));
#5840=CARTESIAN_POINT('Ctrl Pts',(-0.249999999843048,42.6408531811002,4.00434475785006));
#5841=CARTESIAN_POINT('Ctrl Pts',(-0.249999999841737,42.5597925701803,4.06372970559116));
#5842=CARTESIAN_POINT('Ctrl Pts',(-0.249999999840192,42.4643740972477,4.12546766696771));
#5843=CARTESIAN_POINT('Ctrl Pts',(-0.249999999838821,42.379659243522,4.17564500808203));
#5844=CARTESIAN_POINT('Ctrl Pts',(-0.249999999837285,42.2847204543645,4.22874417612488));
#5845=CARTESIAN_POINT('Ctrl Pts',(-0.249999999835032,42.145506910794,4.29680431430421));
#5846=CARTESIAN_POINT('Ctrl Pts',(-0.249999999833156,42.0295369719377,4.34347627139208));
#5847=CARTESIAN_POINT('Ctrl Pts',(-0.249999999832259,41.9741162601747,4.36361826452028));
#5848=CARTESIAN_POINT('Origin',(-0.349999999169208,41.0860124035474,1.91999973103598));
#5849=CARTESIAN_POINT('',(-0.24999999985996,43.6860124035489,1.91999973106758));
#5850=CARTESIAN_POINT('Origin',(-0.349999999211282,43.6860124035472,1.91999973106758));
#5851=CARTESIAN_POINT('Origin',(-0.249999999817887,41.086012403549,1.91999973103598));
#5852=CARTESIAN_POINT('Origin',(-0.34999999985996,43.6860124035479,-0.229834296745679));
#5853=CARTESIAN_POINT('',(-0.24999999985996,43.686012403549,1.25999973109004));
#5854=CARTESIAN_POINT('Origin',(-0.34999999985996,43.6860124035474,1.25999973109004));
#5855=CARTESIAN_POINT('',(-0.24999999985996,43.6860124035495,-0.229834296745679));
#5856=CARTESIAN_POINT('Origin',(-0.349999999169208,41.0860124035475,1.25999973114999));
#5857=CARTESIAN_POINT('',(-0.249999999843623,42.6764435845489,-0.796825166235151));
#5858=CARTESIAN_POINT('Origin',(-0.349999999194945,42.6764435845473,-0.796825166235151));
#5859=CARTESIAN_POINT('Origin',(-0.249999999817887,41.0860124035491,1.25999973114999));
#5860=CARTESIAN_POINT('Ctrl Pts',(-0.349999999843623,42.6152731545087,-0.71771651633559));
#5861=CARTESIAN_POINT('Ctrl Pts',(-0.349999999843047,42.5810516127402,-0.744178179241233));
#5862=CARTESIAN_POINT('Ctrl Pts',(-0.349999999841736,42.5031087176881,-0.801279090491661));
#5863=CARTESIAN_POINT('Ctrl Pts',(-0.349999999840192,42.4113601859793,-0.860642514903511));
#5864=CARTESIAN_POINT('Ctrl Pts',(-0.349999999838821,42.3299035958251,-0.90888995829705));
#5865=CARTESIAN_POINT('Ctrl Pts',(-0.349999999837284,42.2386162984808,-0.959946850692689));
#5866=CARTESIAN_POINT('Ctrl Pts',(-0.349999999835031,42.1047571217756,-1.02538929137115));
#5867=CARTESIAN_POINT('Ctrl Pts',(-0.349999999833155,41.9932475655589,-1.07026617298156));
#5868=CARTESIAN_POINT('Ctrl Pts',(-0.349999999832258,41.9399584196154,-1.08963347407268));
#5869=CARTESIAN_POINT('Ctrl Pts',(-0.320080069809246,42.615273154509,-0.717716516335356));
#5870=CARTESIAN_POINT('Ctrl Pts',(-0.320080069808675,42.5810516127405,-0.744178179241001));
#5871=CARTESIAN_POINT('Ctrl Pts',(-0.320080069807373,42.5031087176885,-0.801279090491435));
#5872=CARTESIAN_POINT('Ctrl Pts',(-0.320080069805841,42.4113601859796,-0.860642514903293));
#5873=CARTESIAN_POINT('Ctrl Pts',(-0.320080069804479,42.3299035958255,-0.908889958296841));
#5874=CARTESIAN_POINT('Ctrl Pts',(-0.320080069802954,42.2386162984812,-0.959946850692491));
#5875=CARTESIAN_POINT('Ctrl Pts',(-0.320080069800717,42.104757121776,-1.02538929137097));
#5876=CARTESIAN_POINT('Ctrl Pts',(-0.320080069798855,41.9932475655593,-1.0702661729814));
#5877=CARTESIAN_POINT('Ctrl Pts',(-0.320080069797964,41.9399584196158,-1.08963347407253));
#5878=CARTESIAN_POINT('Ctrl Pts',(-0.268284004770721,42.6306368726212,-0.737585642585824));
#5879=CARTESIAN_POINT('Ctrl Pts',(-0.268284004770156,42.5960714726499,-0.764313178429598));
#5880=CARTESIAN_POINT('Ctrl Pts',(-0.26828400476887,42.5173456358188,-0.821987700176945));
#5881=CARTESIAN_POINT('Ctrl Pts',(-0.268284004767357,42.4246752053663,-0.881947586345248));
#5882=CARTESIAN_POINT('Ctrl Pts',(-0.268284004766012,42.3424003625826,-0.930679708770885));
#5883=CARTESIAN_POINT('Ctrl Pts',(-0.268284004764506,42.250196002848,-0.982249499354384));
#5884=CARTESIAN_POINT('Ctrl Pts',(-0.268284004762297,42.1149919195068,-1.04834946645511));
#5885=CARTESIAN_POINT('Ctrl Pts',(-0.268284004760458,42.002362226186,-1.09367711958965));
#5886=CARTESIAN_POINT('Ctrl Pts',(-0.268284004759578,41.9485375882329,-1.11323906404658));
#5887=CARTESIAN_POINT('Ctrl Pts',(-0.2499999998434,42.6627169721468,-0.779073226709227));
#5888=CARTESIAN_POINT('Ctrl Pts',(-0.249999999842829,42.6274336999347,-0.806355857187456));
#5889=CARTESIAN_POINT('Ctrl Pts',(-0.249999999841529,42.5470727908167,-0.865228225874693));
#5890=CARTESIAN_POINT('Ctrl Pts',(-0.249999999839999,42.4524777346803,-0.926433395354857));
#5891=CARTESIAN_POINT('Ctrl Pts',(-0.24999999983864,42.3684941132222,-0.97617763776096));
#5892=CARTESIAN_POINT('Ctrl Pts',(-0.249999999837117,42.2743747605698,-1.02881848486242));
#5893=CARTESIAN_POINT('Ctrl Pts',(-0.249999999834884,42.1363626626339,-1.09629125968797));
#5894=CARTESIAN_POINT('Ctrl Pts',(-0.249999999833024,42.0213937448986,-1.14256033631177));
#5895=CARTESIAN_POINT('Ctrl Pts',(-0.249999999832135,41.9664512586776,-1.16252854399049));
#5896=CARTESIAN_POINT('Ctrl Pts',(-0.249999999843622,42.6764435845487,-0.796825166235013));
#5897=CARTESIAN_POINT('Ctrl Pts',(-0.249999999843046,42.6408531811003,-0.82434529566396));
#5898=CARTESIAN_POINT('Ctrl Pts',(-0.249999999841735,42.559792570226,-0.883730243378603));
#5899=CARTESIAN_POINT('Ctrl Pts',(-0.249999999840191,42.4643740972289,-0.945468204778928));
#5900=CARTESIAN_POINT('Ctrl Pts',(-0.24999999983882,42.379659243456,-0.995645545915571));
#5901=CARTESIAN_POINT('Ctrl Pts',(-0.249999999837284,42.2847204542033,-1.04874471401466));
#5902=CARTESIAN_POINT('Ctrl Pts',(-0.249999999835032,42.1455069104221,-1.11680485232436));
#5903=CARTESIAN_POINT('Ctrl Pts',(-0.249999999833156,42.0295369719378,-1.16347680920608));
#5904=CARTESIAN_POINT('Ctrl Pts',(-0.249999999832259,41.9741162601747,-1.18361880233427));
#5905=CARTESIAN_POINT('',(-0.249999999832258,41.9741162601747,-1.18361880233427));
#5906=CARTESIAN_POINT('Origin',(-0.349999999832258,41.9741162601731,-1.18361880233427));
#5907=CARTESIAN_POINT('Ctrl Pts',(-0.249999999832259,41.9741162601747,-1.18361880233427));
#5908=CARTESIAN_POINT('Ctrl Pts',(-0.249999999833156,42.0295369719378,-1.16347680920608));
#5909=CARTESIAN_POINT('Ctrl Pts',(-0.249999999835032,42.1455069104221,-1.11680485232436));
#5910=CARTESIAN_POINT('Ctrl Pts',(-0.249999999837284,42.2847204542033,-1.04874471401466));
#5911=CARTESIAN_POINT('Ctrl Pts',(-0.24999999983882,42.379659243456,-0.995645545915571));
#5912=CARTESIAN_POINT('Ctrl Pts',(-0.249999999840191,42.4643740972289,-0.945468204778928));
#5913=CARTESIAN_POINT('Ctrl Pts',(-0.249999999841735,42.559792570226,-0.883730243378603));
#5914=CARTESIAN_POINT('Ctrl Pts',(-0.249999999843046,42.6408531811003,-0.82434529566396));
#5915=CARTESIAN_POINT('Ctrl Pts',(-0.249999999843622,42.6764435845487,-0.796825166235013));
#5916=CARTESIAN_POINT('Ctrl Pts',(-0.349999999832258,41.9399584986718,-1.08963369160521));
#5917=CARTESIAN_POINT('Ctrl Pts',(-0.349999999830983,41.8642125512375,-1.11716154546641));
#5918=CARTESIAN_POINT('Ctrl Pts',(-0.349999999829687,41.7871387157413,-1.14102361311109));
#5919=CARTESIAN_POINT('Ctrl Pts',(-0.349999999828373,41.7090891572732,-1.16111086360188));
#5920=CARTESIAN_POINT('Ctrl Pts',(-0.320080069797964,41.9399584986722,-1.08963369160506));
#5921=CARTESIAN_POINT('Ctrl Pts',(-0.320080069796699,41.8642222274266,-1.11715802891235));
#5922=CARTESIAN_POINT('Ctrl Pts',(-0.320080069795411,41.787128745276,-1.14102617916319));
#5923=CARTESIAN_POINT('Ctrl Pts',(-0.320080069794108,41.7090891572737,-1.16111086360177));
#5924=CARTESIAN_POINT('Ctrl Pts',(-0.268283871675019,41.9485373259194,-1.11323928762866));
#5925=CARTESIAN_POINT('Ctrl Pts',(-0.268283871673769,41.8720282131736,-1.14104449366349));
#5926=CARTESIAN_POINT('Ctrl Pts',(-0.268283871672498,41.7941851158035,-1.16514472486936));
#5927=CARTESIAN_POINT('Ctrl Pts',(-0.268283871671209,41.7153491822574,-1.18543436104284));
#5928=CARTESIAN_POINT('Ctrl Pts',(-0.249999999832134,41.9664504005611,-1.16252910212048));
#5929=CARTESIAN_POINT('Ctrl Pts',(-0.24999999983087,41.8883547448456,-1.19091089508166));
#5930=CARTESIAN_POINT('Ctrl Pts',(-0.249999999829584,41.8088911943836,-1.21551281874358));
#5931=CARTESIAN_POINT('Ctrl Pts',(-0.249999999828282,41.7284204671263,-1.2362231941425));
#5932=CARTESIAN_POINT('Ctrl Pts',(-0.249999999832258,41.9741151309119,-1.18361945900711));
#5933=CARTESIAN_POINT('Ctrl Pts',(-0.249999999830983,41.8953414412342,-1.21224766541294));
#5934=CARTESIAN_POINT('Ctrl Pts',(-0.249999999829686,41.8151828517006,-1.23706477324809));
#5935=CARTESIAN_POINT('Ctrl Pts',(-0.249999999828373,41.7340134697718,-1.25795495813818));
#5936=CARTESIAN_POINT('',(-0.249999999828373,41.7340134697718,-1.25795495813818));
#5937=CARTESIAN_POINT('Origin',(-0.349999999828373,41.7340134697701,-1.25795495813818));
#5938=CARTESIAN_POINT('Ctrl Pts',(-0.249999999828373,41.7340134697718,-1.25795495813818));
#5939=CARTESIAN_POINT('Ctrl Pts',(-0.249999999829686,41.8151828517006,-1.23706477324809));
#5940=CARTESIAN_POINT('Ctrl Pts',(-0.249999999830983,41.8953414412342,-1.21224766541294));
#5941=CARTESIAN_POINT('Ctrl Pts',(-0.249999999832258,41.9741151309119,-1.18361945900711));
#5942=CARTESIAN_POINT('Ctrl Pts',(-0.349999999828372,41.7090890996372,-1.16111063964358));
#5943=CARTESIAN_POINT('Ctrl Pts',(-0.349999999824951,41.5058015440956,-1.21342702303812));
#5944=CARTESIAN_POINT('Ctrl Pts',(-0.349999999821419,41.2959035493543,-1.24000197666355));
#5945=CARTESIAN_POINT('Ctrl Pts',(-0.349999999817886,41.0859920580153,-1.24000026876725));
#5946=CARTESIAN_POINT('Ctrl Pts',(-0.320080069794107,41.7090890996376,-1.16111063964346));
#5947=CARTESIAN_POINT('Ctrl Pts',(-0.320080069790711,41.5058275310999,-1.21342033524032));
#5948=CARTESIAN_POINT('Ctrl Pts',(-0.320080069787204,41.2958767155887,-1.24000197644519));
#5949=CARTESIAN_POINT('Ctrl Pts',(-0.320080069783698,41.0859920580158,-1.24000026876725));
#5950=CARTESIAN_POINT('Ctrl Pts',(-0.26828380113523,41.7153487973596,-1.18543416060561));
#5951=CARTESIAN_POINT('Ctrl Pts',(-0.268283801131875,41.5100116352558,-1.238278013586));
#5952=CARTESIAN_POINT('Ctrl Pts',(-0.268283801128412,41.2980197360955,-1.26511807414085));
#5953=CARTESIAN_POINT('Ctrl Pts',(-0.268283801124947,41.0859918536654,-1.26511634902508));
#5954=CARTESIAN_POINT('Ctrl Pts',(-0.249999999828282,41.7284194441323,-1.23622321862725));
#5955=CARTESIAN_POINT('Ctrl Pts',(-0.249999999824891,41.5188213586958,-1.29016362716456));
#5956=CARTESIAN_POINT('Ctrl Pts',(-0.249999999821388,41.302419070965,-1.3175620821525));
#5957=CARTESIAN_POINT('Ctrl Pts',(-0.249999999817886,41.0859914269675,-1.31756032123904));
#5958=CARTESIAN_POINT('Ctrl Pts',(-0.249999999828373,41.734012167477,-1.25795505450336));
#5959=CARTESIAN_POINT('Ctrl Pts',(-0.249999999824951,41.5225931097849,-1.31236409321538));
#5960=CARTESIAN_POINT('Ctrl Pts',(-0.249999999821419,41.3042991953351,-1.3400020449761));
#5961=CARTESIAN_POINT('Ctrl Pts',(-0.249999999817886,41.08599124439,-1.34000026876394));
#5962=CARTESIAN_POINT('',(-0.249999999817886,41.08599124439,-1.34000026876394));
#5963=CARTESIAN_POINT('Origin',(-0.349999999817886,41.0859912443884,-1.34000026876394));
#5964=CARTESIAN_POINT('Ctrl Pts',(-0.249999999817886,41.08599124439,-1.34000026876394));
#5965=CARTESIAN_POINT('Ctrl Pts',(-0.249999999821419,41.3042991953351,-1.3400020449761));
#5966=CARTESIAN_POINT('Ctrl Pts',(-0.249999999824951,41.5225931097849,-1.31236409321538));
#5967=CARTESIAN_POINT('Ctrl Pts',(-0.249999999828373,41.734012167477,-1.25795505450336));
#5968=CARTESIAN_POINT('Origin',(-0.349999999493143,21.017983408403,-1.34000034767411));
#5969=CARTESIAN_POINT('',(-0.249999999493143,21.0179834084046,-1.34000034767411));
#5970=CARTESIAN_POINT('',(-0.349999999493143,21.0179834080098,-1.24000034767411));
#5971=CARTESIAN_POINT('Origin',(-0.349999999441441,17.822993577816,-1.34000020261952));
#5972=CARTESIAN_POINT('',(-0.349999999441441,17.8229935782092,-1.24000020261952));
#5973=CARTESIAN_POINT('',(-0.249999999441441,17.8229935778176,-1.34000020261952));
#5974=CARTESIAN_POINT('Ctrl Pts',(-7.4995803296712,34.646032734976,4.41999973095325));
#5975=CARTESIAN_POINT('Ctrl Pts',(-0.249580329671195,34.646032734976,4.41999973095325));
#5976=CARTESIAN_POINT('Ctrl Pts',(-7.4995803296712,34.423860375458,4.42000153860727));
#5977=CARTESIAN_POINT('Ctrl Pts',(-0.249580329671195,34.423860375458,4.42000153860727));
#5978=CARTESIAN_POINT('Ctrl Pts',(-7.4995803296712,34.2128170953871,4.38997378733877));
#5979=CARTESIAN_POINT('Ctrl Pts',(-0.249580329671195,34.2128170953871,4.38997378733877));
#5980=CARTESIAN_POINT('Ctrl Pts',(-7.4995803296712,34.022966817826,4.34111811154979));
#5981=CARTESIAN_POINT('Ctrl Pts',(-0.249580329671195,34.022966817826,4.34111811154979));
#5982=CARTESIAN_POINT('Ctrl Pts',(-7.4995803296712,34.022956445737,4.34111544241797));
#5983=CARTESIAN_POINT('Ctrl Pts',(-0.249580329671195,34.022956445737,4.34111544241797));
#5984=CARTESIAN_POINT('Ctrl Pts',(-7.4995803296712,34.0229460709843,4.3411127725296));
#5985=CARTESIAN_POINT('Ctrl Pts',(-0.249580329671195,34.0229460709843,4.3411127725296));
#5986=CARTESIAN_POINT('Ctrl Pts',(-7.4995803296712,34.0229356933541,4.34111010182958));
#5987=CARTESIAN_POINT('Ctrl Pts',(-0.249580329671195,34.0229356933541,4.34111010182958));
#5988=CARTESIAN_POINT('',(-7.4995803296712,34.0229356357181,4.34111032578788));
#5989=CARTESIAN_POINT('Ctrl Pts',(-7.4995803296712,34.0229356357181,4.34111032578788));
#5990=CARTESIAN_POINT('Ctrl Pts',(-0.249580329671195,34.0229356357181,4.34111032578788));
#5991=CARTESIAN_POINT('Ctrl Pts',(-7.4995803296712,33.9448984140782,4.32102625036896));
#5992=CARTESIAN_POINT('Ctrl Pts',(-0.249580329671195,33.9448984140782,4.32102625036896));
#5993=CARTESIAN_POINT('Ctrl Pts',(-7.4995803296712,33.8678002644546,4.29715665482095));
#5994=CARTESIAN_POINT('Ctrl Pts',(-0.249580329671195,33.8678002644546,4.29715665482095));
#5995=CARTESIAN_POINT('Ctrl Pts',(-7.4995803296712,33.7920662943195,4.26963315379121));
#5996=CARTESIAN_POINT('Ctrl Pts',(-0.249580329671195,33.7920662943195,4.26963315379121));
#5997=CARTESIAN_POINT('',(-7.4995803296712,33.7920663733759,4.26963293625868));
#5998=CARTESIAN_POINT('Ctrl Pts',(-7.4995803296712,33.7920663733759,4.26963293625868));
#5999=CARTESIAN_POINT('Ctrl Pts',(-0.249580329671195,33.7920663733759,4.26963293625868));
#6000=CARTESIAN_POINT('Ctrl Pts',(-7.4995803296712,33.7920563015166,4.26962927576219));
#6001=CARTESIAN_POINT('Ctrl Pts',(-0.249580329671195,33.7920563015166,4.26962927576219));
#6002=CARTESIAN_POINT('Ctrl Pts',(-7.4995803296712,33.7920462296808,4.26962561520093));
#6003=CARTESIAN_POINT('Ctrl Pts',(-0.249580329671195,33.7920462296808,4.26962561520093));
#6004=CARTESIAN_POINT('Ctrl Pts',(-7.4995803296712,33.7920361578686,4.26962195457492));
#6005=CARTESIAN_POINT('Ctrl Pts',(-0.249580329671195,33.7920361578686,4.26962195457492));
#6006=CARTESIAN_POINT('Ctrl Pts',(-7.4995803296712,33.742400076375,4.251581593333));
#6007=CARTESIAN_POINT('Ctrl Pts',(-0.249580329671195,33.742400076375,4.251581593333));
#6008=CARTESIAN_POINT('Ctrl Pts',(-7.4995803296712,33.6893588773691,4.23050982619576));
#6009=CARTESIAN_POINT('Ctrl Pts',(-0.249580329671195,33.6893588773691,4.23050982619576));
#6010=CARTESIAN_POINT('Ctrl Pts',(-7.4995803296712,33.6341673981739,4.20608146883644));
#6011=CARTESIAN_POINT('Ctrl Pts',(-0.249580329671195,33.6341673981739,4.20608146883644));
#6012=CARTESIAN_POINT('Ctrl Pts',(-7.4995803296712,33.6032793747213,4.19241008901426));
#6013=CARTESIAN_POINT('Ctrl Pts',(-0.249580329671195,33.6032793747213,4.19241008901426));
#6014=CARTESIAN_POINT('Ctrl Pts',(-7.4995803296712,33.5717169027721,4.1776891408406));
#6015=CARTESIAN_POINT('Ctrl Pts',(-0.249580329671195,33.5717169027721,4.1776891408406));
#6016=CARTESIAN_POINT('Ctrl Pts',(-7.4995803296712,33.5397304466473,4.16190522899409));
#6017=CARTESIAN_POINT('Ctrl Pts',(-0.249580329671195,33.5397304466473,4.16190522899409));
#6018=CARTESIAN_POINT('Ctrl Pts',(-7.4995803296712,33.5145643193703,4.14948685001179));
#6019=CARTESIAN_POINT('Ctrl Pts',(-0.249580329671195,33.5145643193703,4.14948685001179));
#6020=CARTESIAN_POINT('Ctrl Pts',(-7.4995803296712,33.4891356558714,4.13641105683822));
#6021=CARTESIAN_POINT('Ctrl Pts',(-0.249580329671195,33.4891356558714,4.13641105683822));
#6022=CARTESIAN_POINT('Ctrl Pts',(-7.4995803296712,33.4635550829653,4.12267871750688));
#6023=CARTESIAN_POINT('Ctrl Pts',(-0.249580329671195,33.4635550829653,4.12267871750688));
#6024=CARTESIAN_POINT('Ctrl Pts',(-7.4995803296712,33.438529834936,4.10924449150064));
#6025=CARTESIAN_POINT('Ctrl Pts',(-0.249580329671195,33.438529834936,4.10924449150064));
#6026=CARTESIAN_POINT('Ctrl Pts',(-7.4995803296712,33.4133591264467,4.09518152336553));
#6027=CARTESIAN_POINT('Ctrl Pts',(-0.249580329671195,33.4133591264467,4.09518152336553));
#6028=CARTESIAN_POINT('Ctrl Pts',(-7.4995803296712,33.3881649468055,4.08051351494155));
#6029=CARTESIAN_POINT('Ctrl Pts',(-0.249580329671195,33.3881649468055,4.08051351494155));
#6030=CARTESIAN_POINT('Ctrl Pts',(-7.4995803296712,33.3773681373713,4.07422763090059));
#6031=CARTESIAN_POINT('Ctrl Pts',(-0.249580329671195,33.3773681373713,4.07422763090059));
#6032=CARTESIAN_POINT('Ctrl Pts',(-7.4995803296712,33.3665669604429,4.06783081213177));
#6033=CARTESIAN_POINT('Ctrl Pts',(-0.249580329671195,33.3665669604429,4.06783081213177));
#6034=CARTESIAN_POINT('Ctrl Pts',(-7.4995803296712,33.3557679169648,4.06132390097279));
#6035=CARTESIAN_POINT('Ctrl Pts',(-0.249580329671195,33.3557679169648,4.06132390097279));
#6036=CARTESIAN_POINT('Ctrl Pts',(-7.4995803296712,33.3107698652812,4.03421054364371));
#6037=CARTESIAN_POINT('Ctrl Pts',(-0.249580329671195,33.3107698652812,4.03421054364371));
#6038=CARTESIAN_POINT('Ctrl Pts',(-7.4995803296712,33.2658142584727,4.00517555814227));
#6039=CARTESIAN_POINT('Ctrl Pts',(-0.249580329671195,33.2658142584727,4.00517555814227));
#6040=CARTESIAN_POINT('Ctrl Pts',(-7.4995803296712,33.2215207635637,3.97446404264889));
#6041=CARTESIAN_POINT('Ctrl Pts',(-0.249580329671195,33.2215207635637,3.97446404264889));
#6042=CARTESIAN_POINT('Ctrl Pts',(-7.4995803296712,33.1860888698547,3.9498968425479));
#6043=CARTESIAN_POINT('Ctrl Pts',(-0.249580329671195,33.1860888698547,3.9498968425479));
#6044=CARTESIAN_POINT('Ctrl Pts',(-7.4995803296712,33.1510791479219,3.92425958048196));
#6045=CARTESIAN_POINT('Ctrl Pts',(-0.249580329671195,33.1510791479219,3.92425958048196));
#6046=CARTESIAN_POINT('Ctrl Pts',(-7.4995803296712,33.1167516384826,3.89771597852155));
#6047=CARTESIAN_POINT('Ctrl Pts',(-0.249580329671195,33.1167516384826,3.89771597852155));
#6048=CARTESIAN_POINT('',(-7.4995803296712,33.1167516384824,3.89771597852171));
#6049=CARTESIAN_POINT('Origin',(-7.4995803296712,34.6460123894439,1.919999731036));
#6050=CARTESIAN_POINT('',(-7.4995803296712,32.1460123894439,1.919999731096));
#6051=CARTESIAN_POINT('Origin',(-7.4995803296712,32.1460123894439,1.919999731096));
#6052=CARTESIAN_POINT('',(-7.4995803296712,32.146012389444,1.25999973111962));
#6053=CARTESIAN_POINT('Origin',(-7.4995803296712,34.6460123894439,1.25999973115001));
#6054=CARTESIAN_POINT('',(-7.4995803296712,33.1167516384828,-0.717716516335716));
#6055=CARTESIAN_POINT('Ctrl Pts',(-7.4995803296712,33.1167516384828,-0.717716516335707));
#6056=CARTESIAN_POINT('Ctrl Pts',(-0.249580329671195,33.1167516384828,-0.717716516335707));
#6057=CARTESIAN_POINT('Ctrl Pts',(-7.4995803296712,33.1510791479221,-0.744260118296109));
#6058=CARTESIAN_POINT('Ctrl Pts',(-0.249580329671195,33.1510791479221,-0.744260118296109));
#6059=CARTESIAN_POINT('Ctrl Pts',(-7.4995803296712,33.1860888698547,-0.769897380361897));
#6060=CARTESIAN_POINT('Ctrl Pts',(-0.249580329671195,33.1860888698547,-0.769897380361897));
#6061=CARTESIAN_POINT('Ctrl Pts',(-7.4995803296712,33.2215207635637,-0.79446458046289));
#6062=CARTESIAN_POINT('Ctrl Pts',(-0.249580329671195,33.2215207635637,-0.79446458046289));
#6063=CARTESIAN_POINT('Ctrl Pts',(-7.4995803296712,33.2658142584727,-0.825176095956269));
#6064=CARTESIAN_POINT('Ctrl Pts',(-0.249580329671195,33.2658142584727,-0.825176095956269));
#6065=CARTESIAN_POINT('Ctrl Pts',(-7.4995803296712,33.3107698652812,-0.85421108145771));
#6066=CARTESIAN_POINT('Ctrl Pts',(-0.249580329671195,33.3107698652812,-0.85421108145771));
#6067=CARTESIAN_POINT('Ctrl Pts',(-7.4995803296712,33.3557679169648,-0.881324438786791));
#6068=CARTESIAN_POINT('Ctrl Pts',(-0.249580329671195,33.3557679169648,-0.881324438786791));
#6069=CARTESIAN_POINT('Ctrl Pts',(-7.4995803296712,33.3665669604429,-0.887831349945774));
#6070=CARTESIAN_POINT('Ctrl Pts',(-0.249580329671195,33.3665669604429,-0.887831349945774));
#6071=CARTESIAN_POINT('Ctrl Pts',(-7.4995803296712,33.3773681373713,-0.894228168714587));
#6072=CARTESIAN_POINT('Ctrl Pts',(-0.249580329671195,33.3773681373713,-0.894228168714587));
#6073=CARTESIAN_POINT('Ctrl Pts',(-7.4995803296712,33.3881649468055,-0.900514052755548));
#6074=CARTESIAN_POINT('Ctrl Pts',(-0.249580329671195,33.3881649468055,-0.900514052755548));
#6075=CARTESIAN_POINT('Ctrl Pts',(-7.4995803296712,33.4133591264467,-0.915182061179533));
#6076=CARTESIAN_POINT('Ctrl Pts',(-0.249580329671195,33.4133591264467,-0.915182061179533));
#6077=CARTESIAN_POINT('Ctrl Pts',(-7.4995803296712,33.438529834936,-0.929245029314642));
#6078=CARTESIAN_POINT('Ctrl Pts',(-0.249580329671195,33.438529834936,-0.929245029314642));
#6079=CARTESIAN_POINT('Ctrl Pts',(-7.4995803296712,33.4635550829653,-0.942679255320878));
#6080=CARTESIAN_POINT('Ctrl Pts',(-0.249580329671195,33.4635550829653,-0.942679255320878));
#6081=CARTESIAN_POINT('Ctrl Pts',(-7.4995803296712,33.4891356558714,-0.956411594652218));
#6082=CARTESIAN_POINT('Ctrl Pts',(-0.249580329671195,33.4891356558714,-0.956411594652218));
#6083=CARTESIAN_POINT('Ctrl Pts',(-7.4995803296712,33.5145643193703,-0.969487387825792));
#6084=CARTESIAN_POINT('Ctrl Pts',(-0.249580329671195,33.5145643193703,-0.969487387825792));
#6085=CARTESIAN_POINT('Ctrl Pts',(-7.4995803296712,33.5397304466473,-0.98190576680809));
#6086=CARTESIAN_POINT('Ctrl Pts',(-0.249580329671195,33.5397304466473,-0.98190576680809));
#6087=CARTESIAN_POINT('Ctrl Pts',(-7.4995803296712,33.5717169027721,-0.997689678654604));
#6088=CARTESIAN_POINT('Ctrl Pts',(-0.249580329671195,33.5717169027721,-0.997689678654604));
#6089=CARTESIAN_POINT('Ctrl Pts',(-7.4995803296712,33.6032793747213,-1.01241062682826));
#6090=CARTESIAN_POINT('Ctrl Pts',(-0.249580329671195,33.6032793747213,-1.01241062682826));
#6091=CARTESIAN_POINT('Ctrl Pts',(-7.4995803296712,33.6341673981739,-1.02608200665044));
#6092=CARTESIAN_POINT('Ctrl Pts',(-0.249580329671195,33.6341673981739,-1.02608200665044));
#6093=CARTESIAN_POINT('Ctrl Pts',(-7.4995803296712,33.6893588773691,-1.05051036400976));
#6094=CARTESIAN_POINT('Ctrl Pts',(-0.249580329671195,33.6893588773691,-1.05051036400976));
#6095=CARTESIAN_POINT('Ctrl Pts',(-7.4995803296712,33.742400076375,-1.07158213114699));
#6096=CARTESIAN_POINT('Ctrl Pts',(-0.249580329671195,33.742400076375,-1.07158213114699));
#6097=CARTESIAN_POINT('Ctrl Pts',(-7.4995803296712,33.7920361578685,-1.08962249238891));
#6098=CARTESIAN_POINT('Ctrl Pts',(-0.249580329671195,33.7920361578685,-1.08962249238891));
#6099=CARTESIAN_POINT('Ctrl Pts',(-7.4995803296712,33.7920462296808,-1.08962615301493));
#6100=CARTESIAN_POINT('Ctrl Pts',(-0.249580329671195,33.7920462296808,-1.08962615301493));
#6101=CARTESIAN_POINT('Ctrl Pts',(-7.4995803296712,33.7920563015166,-1.08962981357619));
#6102=CARTESIAN_POINT('Ctrl Pts',(-0.249580329671195,33.7920563015166,-1.08962981357619));
#6103=CARTESIAN_POINT('Ctrl Pts',(-7.4995803296712,33.7920663733759,-1.08963347407268));
#6104=CARTESIAN_POINT('Ctrl Pts',(-0.249580329671195,33.7920663733759,-1.08963347407268));
#6105=CARTESIAN_POINT('',(-7.4995803296712,33.7920662943195,-1.08963369160521));
#6106=CARTESIAN_POINT('Ctrl Pts',(-7.4995803296712,33.7920662943195,-1.08963369160521));
#6107=CARTESIAN_POINT('Ctrl Pts',(-0.249580329671195,33.7920662943195,-1.08963369160521));
#6108=CARTESIAN_POINT('Ctrl Pts',(-7.4995803296712,33.8678002644546,-1.11715719263495));
#6109=CARTESIAN_POINT('Ctrl Pts',(-0.249580329671195,33.8678002644546,-1.11715719263495));
#6110=CARTESIAN_POINT('Ctrl Pts',(-7.4995803296712,33.9448984140782,-1.14102678818296));
#6111=CARTESIAN_POINT('Ctrl Pts',(-0.249580329671195,33.9448984140782,-1.14102678818296));
#6112=CARTESIAN_POINT('Ctrl Pts',(-7.4995803296712,34.0229356357181,-1.16111086360189));
#6113=CARTESIAN_POINT('Ctrl Pts',(-0.249580329671195,34.0229356357181,-1.16111086360189));
#6114=CARTESIAN_POINT('',(-7.4995803296712,34.0229356933541,-1.16111063964358));
#6115=CARTESIAN_POINT('Ctrl Pts',(-7.4995803296712,34.0229356933541,-1.16111063964358));
#6116=CARTESIAN_POINT('Ctrl Pts',(-0.249580329671195,34.0229356933541,-1.16111063964358));
#6117=CARTESIAN_POINT('Ctrl Pts',(-7.4995803296712,34.0229460709843,-1.1611133103436));
#6118=CARTESIAN_POINT('Ctrl Pts',(-0.249580329671195,34.0229460709843,-1.1611133103436));
#6119=CARTESIAN_POINT('Ctrl Pts',(-7.4995803296712,34.022956445737,-1.16111598023197));
#6120=CARTESIAN_POINT('Ctrl Pts',(-0.249580329671195,34.022956445737,-1.16111598023197));
#6121=CARTESIAN_POINT('Ctrl Pts',(-7.4995803296712,34.022966817826,-1.16111864936379));
#6122=CARTESIAN_POINT('Ctrl Pts',(-0.249580329671195,34.022966817826,-1.16111864936379));
#6123=CARTESIAN_POINT('Ctrl Pts',(-7.4995803296712,34.2128170953871,-1.20997432515277));
#6124=CARTESIAN_POINT('Ctrl Pts',(-0.249580329671195,34.2128170953871,-1.20997432515277));
#6125=CARTESIAN_POINT('Ctrl Pts',(-7.4995803296712,34.423860375458,-1.24000207642127));
#6126=CARTESIAN_POINT('Ctrl Pts',(-0.249580329671195,34.423860375458,-1.24000207642127));
#6127=CARTESIAN_POINT('Ctrl Pts',(-7.4995803296712,34.646032734976,-1.24000026876725));
#6128=CARTESIAN_POINT('Ctrl Pts',(-0.249580329671195,34.646032734976,-1.24000026876725));
#6129=CARTESIAN_POINT('',(-7.4995803296712,34.646032734976,-1.24000026876725));
#6130=CARTESIAN_POINT('Origin',(-0.249999999169208,0.999954419442335,-1.71966832459404));
#6131=CARTESIAN_POINT('',(-0.250000000000001,52.3400455741326,-1.71966832459404));
#6132=CARTESIAN_POINT('',(-0.249999999169208,0.999954419442335,-1.71966832459404));
#6133=CARTESIAN_POINT('',(-0.250000000000004,52.3400455741326,-0.219668324594038));
#6134=CARTESIAN_POINT('',(-0.250000000000001,52.3400455741326,-1.71966832459404));
#6135=CARTESIAN_POINT('',(-0.249999999861855,43.8030954683752,-0.219668324594038));
#6136=CARTESIAN_POINT('',(-0.249999999169208,0.999954419442335,-0.219668324594038));
#6137=CARTESIAN_POINT('',(-0.250000000000003,43.803095468359,1.28033167540596));
#6138=CARTESIAN_POINT('',(-0.249999999861855,43.8030954683752,15.280331675406));
#6139=CARTESIAN_POINT('',(-0.250000000000003,43.803095468359,16.030331675406));
#6140=CARTESIAN_POINT('',(-0.249999999169208,0.999954419442335,-1.71966832459404));
#6141=CARTESIAN_POINT('',(-0.249999999169208,0.999954419442335,-1.71966832459404));
#6142=CARTESIAN_POINT('',(-0.249999999169208,0.999954419442335,-1.71966832459404));
#6143=CARTESIAN_POINT('Origin',(-7.4995803296712,41.0360123983492,-1.24000026896377));
#6144=CARTESIAN_POINT('',(-7.4995803296712,41.0360123983492,-1.24000026896377));
#6145=CARTESIAN_POINT('Origin',(-7.4995803296712,34.6960123907627,-1.24000026896377));
#6146=CARTESIAN_POINT('',(-7.4995803296712,34.6960123907627,-1.24000026896377));
#6147=CARTESIAN_POINT('Origin',(-7.4995803296712,34.646032734976,-1.24000026876725));
#6148=CARTESIAN_POINT('Origin',(-2.77623075912086,-60.4878700186617,33.280331675406));
#6149=CARTESIAN_POINT('',(-1.42623075912086,-60.4878700186617,13.280331675406));
#6150=CARTESIAN_POINT('',(-1.42623075912086,-60.4878700186617,33.280331675406));
#6151=CARTESIAN_POINT('Origin',(-2.77623075912086,-60.4878700186617,13.280331675406));
#6152=CARTESIAN_POINT('Origin',(-2.77623075912086,-60.4878700186617,13.280331675406));
#6153=CARTESIAN_POINT('Origin',(85.2770700997783,-60.4878700186617,33.280331675406));
#6154=CARTESIAN_POINT('',(86.6270700997783,-60.4878700186617,13.280331675406));
#6155=CARTESIAN_POINT('',(86.6270700997783,-60.4878700186617,33.280331675406));
#6156=CARTESIAN_POINT('Origin',(85.2770700997783,-60.4878700186617,13.280331675406));
#6157=CARTESIAN_POINT('Origin',(85.2770700997783,-60.4878700186617,13.280331675406));
#6158=CARTESIAN_POINT('Origin',(80.0264387705431,50.8660192528018,33.280331675406));
#6159=CARTESIAN_POINT('',(81.3764387705431,50.8660192528018,13.280331675406));
#6160=CARTESIAN_POINT('',(81.3764387705431,50.8660192528018,33.280331675406));
#6161=CARTESIAN_POINT('Origin',(80.0264387705431,50.8660192528018,13.280331675406));
#6162=CARTESIAN_POINT('Origin',(80.0264387705431,50.8660192528018,13.280331675406));
#6163=CARTESIAN_POINT('Origin',(6.230073083716,49.803095468359,32.280331675406));
#6164=CARTESIAN_POINT('',(6.230073083716,43.803095468359,1.28033167540596));
#6165=CARTESIAN_POINT('',(12.230073083716,49.803095468359,1.28033167540596));
#6166=CARTESIAN_POINT('Origin',(6.230073083716,49.803095468359,1.28033167540596));
#6167=CARTESIAN_POINT('',(12.230073083716,49.803095468359,32.280331675406));
#6168=CARTESIAN_POINT('',(6.230073083716,43.803095468359,32.280331675406));
#6169=CARTESIAN_POINT('Origin',(12.230073083716,43.803095468359,32.280331675406));
#6170=CARTESIAN_POINT('',(-0.250000000000003,43.803095468359,1.28033167540596));
#6171=CARTESIAN_POINT('Origin',(6.230073083716,49.803095468359,32.280331675406));
#6172=CARTESIAN_POINT('',(11.230073083716,49.803095468359,1.28033167540596));
#6173=CARTESIAN_POINT('',(11.230073083716,49.803095468359,32.280331675406));
#6174=CARTESIAN_POINT('',(6.230073083716,44.803095468359,1.28033167540596));
#6175=CARTESIAN_POINT('Origin',(6.230073083716,49.803095468359,1.28033167540596));
#6176=CARTESIAN_POINT('',(6.230073083716,44.803095468359,32.280331675406));
#6177=CARTESIAN_POINT('Origin',(11.230073083716,44.803095468359,32.280331675406));
#6178=CARTESIAN_POINT('',(11.230073083716,59.8400001525877,-0.219668324594038));
#6179=CARTESIAN_POINT('',(11.230073083716,59.8400001525877,15.280331675406));
#6180=CARTESIAN_POINT('',(11.230073083716,54.5900001519086,-0.219668324594038));
#6181=CARTESIAN_POINT('',(11.230073083716,29.3271952171378,-0.219668324594038));
#6182=CARTESIAN_POINT('',(11.230073083716,54.5900001519086,1.28033167540596));
#6183=CARTESIAN_POINT('',(11.230073083716,54.5900001519086,15.280331675406));
#6184=CARTESIAN_POINT('',(11.230073083716,61.8400001525877,1.28033167540596));
#6185=CARTESIAN_POINT('Origin',(-1.24999999986185,43.803095468359,15.280331675406));
#6186=CARTESIAN_POINT('',(-1.24999999986185,44.803095468359,1.28033167540596));
#6187=CARTESIAN_POINT('Origin',(-1.24999999986185,43.803095468359,1.28033167540596));
#6188=CARTESIAN_POINT('',(-1.24999999986186,44.803095468359,-0.219668324594038));
#6189=CARTESIAN_POINT('Origin',(-1.24999999986185,43.803095468359,-0.219668324594038));
#6190=CARTESIAN_POINT('',(-1.24999999986185,44.803095468359,15.280331675406));
#6191=CARTESIAN_POINT('Origin',(-7.49958032967119,44.803095468359,32.280331675406));
#6192=CARTESIAN_POINT('',(-0.250000000000003,44.803095468359,1.28033167540596));
#6193=CARTESIAN_POINT('',(20.5002098351644,44.803095468359,-0.219668324594038));
#6194=CARTESIAN_POINT('Origin',(12.230073083716,59.8400001525877,15.280331675406));
#6195=CARTESIAN_POINT('Origin',(12.230073083716,59.8400001525877,-0.219668324594038));
#6196=CARTESIAN_POINT('Origin',(12.230073083716,54.5900001519086,15.280331675406));
#6197=CARTESIAN_POINT('',(12.230073083729,53.5900001519086,-0.219668324594038));
#6198=CARTESIAN_POINT('Origin',(12.230073083716,54.5900001519086,-0.219668324594038));
#6199=CARTESIAN_POINT('',(12.230073083716,53.590000152588,1.28033167540596));
#6200=CARTESIAN_POINT('',(12.230073083729,53.5900001519086,15.280331675406));
#6201=CARTESIAN_POINT('Origin',(12.230073083716,54.5900001519086,1.28033167540596));
#6202=CARTESIAN_POINT('Origin',(0.999954578453003,53.590000151763,-1.71966832459404));
#6203=CARTESIAN_POINT('',(0.999954578453011,53.590000151763,-0.219668324594038));
#6204=CARTESIAN_POINT('',(0.999954578453003,53.590000151763,-0.219668324594038));
#6205=CARTESIAN_POINT('',(0.999954578453003,53.590000151763,-1.71966832459404));
#6206=CARTESIAN_POINT('',(0.999954578453003,53.590000151763,-1.71966832459404));
#6207=CARTESIAN_POINT('',(64.6195520476414,53.590000152588,-1.71966832459404));
#6208=CARTESIAN_POINT('',(0.999954578453003,53.590000151763,-1.71966832459404));
#6209=CARTESIAN_POINT('',(64.6195520476414,53.590000152588,-1.71966832459404));
#6210=CARTESIAN_POINT('',(12.230073083716,53.590000152588,16.030331675406));
#6211=CARTESIAN_POINT('Origin',(41.2504196703289,-2.18560971831222,-0.219668324594038));
#6212=CARTESIAN_POINT('Origin',(1.000363504468,52.33963664812,-0.219668324594038));
#6213=CARTESIAN_POINT('Origin',(0.000419670328808408,53.3400001525877,-0.219668324594038));
#6214=CARTESIAN_POINT('Origin',(12.230073083716,60.8400001525877,32.280331675406));
#6215=CARTESIAN_POINT('',(12.230073083716,43.803095468359,1.28033167540596));
#6216=CARTESIAN_POINT('Origin',(2.36524637702241,52.3215478104734,1.28033167540596));
#6217=CARTESIAN_POINT('Origin',(0.000419670328806097,-4.46121958921212,
-0.219668324594038));
#6218=CARTESIAN_POINT('',(0.000419670328806285,0.249683734798944,-0.219668324594038));
#6219=CARTESIAN_POINT('',(0.000419670328806097,-4.46121958921212,-0.219668324594038));
#6220=CARTESIAN_POINT('',(0.000419670328808408,-3.32341465376217,-0.219668324594038));
#6221=CARTESIAN_POINT('',(0.000419670328806285,0.249683734798944,-0.219668324594038));
#6222=CARTESIAN_POINT('',(0.000419670328806097,-4.46121958921212,-0.219668324594038));
#6223=CARTESIAN_POINT('Origin',(82.500419670329,35.8400001525877,-0.219668324594038));
#6224=CARTESIAN_POINT('',(82.500419670329,-4.46121958921218,-0.219668324594038));
#6225=CARTESIAN_POINT('',(82.500419670329,35.8400001525877,-0.219668324594038));
#6226=CARTESIAN_POINT('',(82.500419670329,16.8271952171378,-0.219668324594038));
#6227=CARTESIAN_POINT('',(82.500419670329,-4.46121958921218,-0.219668324594038));
#6228=CARTESIAN_POINT('',(82.500419670329,35.8400001525877,-0.219668324594038));
#6229=CARTESIAN_POINT('Origin',(65.000419670329,35.8400001525877,-0.219668324594038));
#6230=CARTESIAN_POINT('',(65.000419670329,53.3400001525877,-0.219668324594038));
#6231=CARTESIAN_POINT('Origin',(65.000419670329,35.8400001525877,-0.219668324594038));
#6232=CARTESIAN_POINT('',(65.000419670329,53.3400001525877,-0.219668324594038));
#6233=CARTESIAN_POINT('Origin',(64.8695526734129,53.3400001525877,-0.219668324594038));
#6234=CARTESIAN_POINT('',(64.8695526734129,53.3400001525877,-0.219668324594038));
#6235=CARTESIAN_POINT('',(53.0599861718709,53.3400001525877,-0.219668324594038));
#6236=CARTESIAN_POINT('',(64.8695526734129,53.3400001525877,-0.219668324594038));
#6237=CARTESIAN_POINT('Origin',(41.2504196703289,-2.18560971831222,-0.219668324594038));
#6238=CARTESIAN_POINT('',(66.290000915527,51.9195554659672,-0.219668324594038));
#6239=CARTESIAN_POINT('',(64.6195520476414,53.590000152588,-0.219668324594038));
#6240=CARTESIAN_POINT('',(66.290000915527,40.4895549775073,-0.219668324594038));
#6241=CARTESIAN_POINT('',(66.290000915527,51.9195554659672,-0.219668324594038));
#6242=CARTESIAN_POINT('',(68.830001831055,37.9495540619803,-0.219668324594038));
#6243=CARTESIAN_POINT('',(66.290000915527,40.4895549775073,-0.219668324594038));
#6244=CARTESIAN_POINT('',(68.830001831055,4.97644650562012,-0.219668324594038));
#6245=CARTESIAN_POINT('',(68.830001831055,37.9495540619803,-0.219668324594038));
#6246=CARTESIAN_POINT('',(66.290000915527,2.43644654376712,-0.219668324594038));
#6247=CARTESIAN_POINT('',(68.830001831055,4.97644650562012,-0.219668324594038));
#6248=CARTESIAN_POINT('',(66.290000915527,0.999954578455435,-0.219668324594038));
#6249=CARTESIAN_POINT('',(66.290000915527,2.43644654376712,-0.219668324594038));
#6250=CARTESIAN_POINT('',(65.0400463370739,-0.249999999173998,-0.219668324594038));
#6251=CARTESIAN_POINT('Origin',(65.03963741106,1.000363504468,-0.219668324594038));
#6252=CARTESIAN_POINT('',(0.999954419444791,-0.250000000000004,-0.219668324594038));
#6253=CARTESIAN_POINT('',(65.0400463370739,-0.249999999173997,-0.219668324594038));
#6254=CARTESIAN_POINT('Origin',(1.00036477748,1.00036477748,-0.219668324594038));
#6255=CARTESIAN_POINT('',(82.7504196703286,-4.46121958921218,-0.219668324594037));
#6256=CARTESIAN_POINT('Origin',(83.1004196703286,-53.2112195892122,-0.219668324594038));
#6257=CARTESIAN_POINT('',(82.7504196703286,-50.7358408303149,-1.71966832459404));
#6258=CARTESIAN_POINT('',(82.7504196703286,-50.7358408303149,-0.219668324594038));
#6259=CARTESIAN_POINT('',(82.7504196703286,-55.6865983481095,-1.71966832459404));
#6260=CARTESIAN_POINT('Origin',(83.1004196703286,-53.2112195892122,-1.71966832459404));
#6261=CARTESIAN_POINT('',(82.7504196703286,-55.6865983481095,-0.219668324594038));
#6262=CARTESIAN_POINT('Origin',(83.1004196703289,-31.2112195892122,-0.219668324594038));
#6263=CARTESIAN_POINT('',(82.7504196703289,-28.7358408303149,-1.71966832459404));
#6264=CARTESIAN_POINT('',(82.7504196703289,-28.7358408303149,-0.219668324594038));
#6265=CARTESIAN_POINT('',(82.7504196703289,-33.6865983481095,-1.71966832459404));
#6266=CARTESIAN_POINT('Origin',(83.1004196703289,-31.2112195892122,-1.71966832459404));
#6267=CARTESIAN_POINT('',(82.7504196703289,-33.6865983481095,-0.219668324594038));
#6268=CARTESIAN_POINT('Origin',(67.9504196703286,-58.5112195892122,-0.219668324594038));
#6269=CARTESIAN_POINT('',(70.38916934998,-57.9612195892122,-1.71966832459404));
#6270=CARTESIAN_POINT('',(70.38916934998,-57.9612195892122,-0.219668324594038));
#6271=CARTESIAN_POINT('',(65.5116699906771,-57.9612195892122,-1.71966832459404));
#6272=CARTESIAN_POINT('Origin',(67.9504196703286,-58.5112195892122,-1.71966832459404));
#6273=CARTESIAN_POINT('',(65.5116699906771,-57.9612195892122,-0.219668324594038));
#6274=CARTESIAN_POINT('Origin',(83.1004196703286,-9.21121958921221,-0.219668324594038));
#6275=CARTESIAN_POINT('',(82.7504196703286,-6.73584083031489,-1.71966832459404));
#6276=CARTESIAN_POINT('',(82.7504196703286,-6.73584083031489,-0.219668324594038));
#6277=CARTESIAN_POINT('',(82.7504196703286,-11.6865983481095,-1.71966832459404));
#6278=CARTESIAN_POINT('Origin',(83.1004196703286,-9.21121958921221,-1.71966832459404));
#6279=CARTESIAN_POINT('',(82.7504196703289,-11.6865983481096,-0.219668324594038));
#6280=CARTESIAN_POINT('Origin',(14.5504196703286,-58.5112195892122,-0.219668324594038));
#6281=CARTESIAN_POINT('',(16.98916934998,-57.9612195892122,-1.71966832459404));
#6282=CARTESIAN_POINT('',(16.98916934998,-57.9612195892122,-0.219668324594038));
#6283=CARTESIAN_POINT('',(12.1116699906771,-57.9612195892122,-1.71966832459404));
#6284=CARTESIAN_POINT('Origin',(14.5504196703286,-58.5112195892122,-1.71966832459404));
#6285=CARTESIAN_POINT('',(12.1116699906771,-57.9612195892122,-0.219668324594038));
#6286=CARTESIAN_POINT('Origin',(82.7504196703289,-32.4112195892122,-1.71966832459404));
#6287=CARTESIAN_POINT('',(82.7504196703289,-32.2112195892122,-1.71966832459404));
#6288=CARTESIAN_POINT('Origin',(82.7504196703286,-57.9612195892122,-1.71966832459404));
#6289=CARTESIAN_POINT('',(82.7504196703286,-57.9612195892122,-1.71966832459404));
#6290=CARTESIAN_POINT('',(82.7504196703286,-57.9612195892122,-1.71966832459404));
#6291=CARTESIAN_POINT('',(-0.249580329671413,-57.9612195892122,-1.71966832459404));
#6292=CARTESIAN_POINT('Origin',(82.7504196703289,-10.4112195892122,-1.71966832459404));
#6293=CARTESIAN_POINT('',(82.7504196703289,-13.7112195892122,-1.71966832459404));
#6294=CARTESIAN_POINT('Origin',(82.7504196703286,-4.46121958921218,-1.71966832459404));
#6295=CARTESIAN_POINT('',(82.7504196703286,-4.46121958921218,-1.71966832459404));
#6296=CARTESIAN_POINT('',(82.7504196703286,-4.46121958921218,-1.71966832459404));
#6297=CARTESIAN_POINT('',(82.7504196703286,-13.7112195892122,-1.71966832459404));
#6298=CARTESIAN_POINT('Origin',(0.000419670328808408,53.3400001525877,-1.71966832459404));
#6299=CARTESIAN_POINT('Origin',(66.04,7.62,-0.719668324594038));
#6300=CARTESIAN_POINT('',(67.09,7.62,-1.71966832459404));
#6301=CARTESIAN_POINT('Origin',(66.04,7.62,-1.71966832459404));
#6302=CARTESIAN_POINT('',(67.09,7.62,-8.71966832459404));
#6303=CARTESIAN_POINT('',(67.09,7.62,-0.719668324594038));
#6304=CARTESIAN_POINT('Origin',(66.04,7.62,-8.71966832459404));
#6305=CARTESIAN_POINT('Origin',(66.04,7.62,-8.71966832459404));
#6306=CARTESIAN_POINT('Origin',(13.97,2.54,-0.719668324594038));
#6307=CARTESIAN_POINT('',(15.02,2.54,-1.71966832459404));
#6308=CARTESIAN_POINT('Origin',(13.97,2.54,-1.71966832459404));
#6309=CARTESIAN_POINT('',(15.02,2.54,-8.71966832459404));
#6310=CARTESIAN_POINT('',(15.02,2.54,-0.719668324594038));
#6311=CARTESIAN_POINT('Origin',(13.97,2.54,-8.71966832459404));
#6312=CARTESIAN_POINT('Origin',(13.97,2.54,-8.71966832459404));
#6313=CARTESIAN_POINT('Origin',(66.04,35.56,-0.719668324594038));
#6314=CARTESIAN_POINT('',(67.09,35.56,-1.71966832459404));
#6315=CARTESIAN_POINT('Origin',(66.04,35.56,-1.71966832459404));
#6316=CARTESIAN_POINT('',(67.09,35.56,-8.71966832459404));
#6317=CARTESIAN_POINT('',(67.09,35.56,-0.719668324594038));
#6318=CARTESIAN_POINT('Origin',(66.04,35.56,-8.71966832459404));
#6319=CARTESIAN_POINT('Origin',(66.04,35.56,-8.71966832459404));
#6320=CARTESIAN_POINT('Origin',(15.24,50.8,-0.719668324594038));
#6321=CARTESIAN_POINT('',(16.29,50.8,-1.71966832459404));
#6322=CARTESIAN_POINT('Origin',(15.24,50.8,-1.71966832459404));
#6323=CARTESIAN_POINT('',(16.29,50.8,-8.71966832459404));
#6324=CARTESIAN_POINT('',(16.29,50.8,-0.719668324594038));
#6325=CARTESIAN_POINT('Origin',(15.24,50.8,-8.71966832459404));
#6326=CARTESIAN_POINT('Origin',(15.24,50.8,-8.71966832459404));
#6327=CARTESIAN_POINT('Origin',(41.2504196703289,-2.18560971831222,-1.71966832459404));
#6328=CARTESIAN_POINT('',(-0.249580329671364,-4.46121958921213,-1.71966832459404));
#6329=CARTESIAN_POINT('',(82.7504196703286,-4.46121958921218,-1.71966832459404));
#6330=CARTESIAN_POINT('',(-0.249580329671413,-57.9612195892122,-1.71966832459404));
#6331=CARTESIAN_POINT('',(-0.249580329671394,-48.7112195892121,-1.71966832459404));
#6332=CARTESIAN_POINT('',(-0.249580329671413,-57.9612195892122,-1.71966832459404));
#6333=CARTESIAN_POINT('',(-0.249580329671413,-57.9612195892122,-1.71966832459404));
#6334=CARTESIAN_POINT('',(82.7504196703286,-57.9612195892122,-1.71966832459404));
#6335=CARTESIAN_POINT('Origin',(41.2504196703289,-2.18560971831222,-1.71966832459404));
#6336=CARTESIAN_POINT('',(68.830001831055,4.97644650562012,-1.71966832459404));
#6337=CARTESIAN_POINT('',(68.830001831055,37.9495540619803,-1.71966832459404));
#6338=CARTESIAN_POINT('',(68.830001831055,37.9495540619803,-1.71966832459404));
#6339=CARTESIAN_POINT('',(66.290000915527,40.4895549775073,-1.71966832459404));
#6340=CARTESIAN_POINT('',(66.290000915527,40.4895549775073,-1.71966832459404));
#6341=CARTESIAN_POINT('',(66.290000915527,51.9195554659672,-1.71966832459404));
#6342=CARTESIAN_POINT('',(66.290000915527,51.9195554659672,-1.71966832459404));
#6343=CARTESIAN_POINT('',(64.6195520476414,53.590000152588,-1.71966832459404));
#6344=CARTESIAN_POINT('Origin',(1.000363504468,52.33963664812,-1.71966832459404));
#6345=CARTESIAN_POINT('',(0.999954419444791,-0.250000000000001,-1.71966832459404));
#6346=CARTESIAN_POINT('Origin',(1.00036477748,1.00036477748,-1.71966832459404));
#6347=CARTESIAN_POINT('',(65.0400463370739,-0.249999999173997,-1.71966832459404));
#6348=CARTESIAN_POINT('',(65.0400463370739,-0.249999999173997,-1.71966832459404));
#6349=CARTESIAN_POINT('',(66.290000915527,0.999954578455434,-1.71966832459404));
#6350=CARTESIAN_POINT('Origin',(65.03963741106,1.000363504468,-1.71966832459404));
#6351=CARTESIAN_POINT('',(66.290000915527,2.43644654376712,-1.71966832459404));
#6352=CARTESIAN_POINT('',(66.290000915527,2.43644654376712,-1.71966832459404));
#6353=CARTESIAN_POINT('',(68.830001831055,4.97644650562012,-1.71966832459404));
#6354=CARTESIAN_POINT('Origin',(68.830001831055,37.9495540619803,-1.71966832459404));
#6355=CARTESIAN_POINT('',(68.830001831055,4.97644650562012,-1.71966832459404));
#6356=CARTESIAN_POINT('',(68.830001831055,37.9495540619803,-1.71966832459404));
#6357=CARTESIAN_POINT('Origin',(66.290000915527,40.4895549775073,-1.71966832459404));
#6358=CARTESIAN_POINT('',(66.290000915527,40.4895549775073,-1.71966832459404));
#6359=CARTESIAN_POINT('Origin',(66.290000915527,51.9195554659672,-1.71966832459404));
#6360=CARTESIAN_POINT('',(66.290000915527,51.9195554659672,-1.71966832459404));
#6361=CARTESIAN_POINT('Origin',(64.6195520476414,53.590000152588,-1.71966832459404));
#6362=CARTESIAN_POINT('Origin',(1.000363504468,52.33963664812,-1.71966832459404));
#6363=CARTESIAN_POINT('Origin',(1.00036477748,1.00036477748,-1.71966832459404));
#6364=CARTESIAN_POINT('',(0.999954419444791,-0.250000000000001,-1.71966832459404));
#6365=CARTESIAN_POINT('Origin',(65.0400463370739,-0.249999999173997,-1.71966832459404));
#6366=CARTESIAN_POINT('',(65.0400463370739,-0.249999999173997,-1.71966832459404));
#6367=CARTESIAN_POINT('Origin',(65.03963741106,1.000363504468,-1.71966832459404));
#6368=CARTESIAN_POINT('',(66.290000915527,0.999954578455434,-1.71966832459404));
#6369=CARTESIAN_POINT('Origin',(66.290000915527,2.43644654376712,-1.71966832459404));
#6370=CARTESIAN_POINT('',(66.290000915527,2.43644654376712,-1.71966832459404));
#6371=CARTESIAN_POINT('Origin',(68.830001831055,4.97644650562012,-1.71966832459404));
#6372=CARTESIAN_POINT('Origin',(-0.249580329671364,-4.46121958921213,-1.71966832459404));
#6373=CARTESIAN_POINT('',(-0.249580329671364,-4.46121958921213,-1.71966832459404));
#6374=CARTESIAN_POINT('Origin',(-0.249580329671413,-57.9612195892122,-1.71966832459404));
#6375=CARTESIAN_POINT('',(-0.249580329671413,-57.9612195892122,-1.71966832459404));
#6376=CARTESIAN_POINT('Origin',(13.4279224542964,-57.9612195892122,-1.71966832459404));
#6377=CARTESIAN_POINT('Origin',(66.8279224542964,-57.9612195892122,-1.71966832459404));
#6378=CARTESIAN_POINT('Origin',(82.7504196703286,-54.4112195892122,-1.71966832459404));
#6379=UNCERTAINTY_MEASURE_WITH_UNIT(LENGTH_MEASURE(0.01),#6383,
'DISTANCE_ACCURACY_VALUE',
'Maximum model space distance between geometric entities at asserted c
onnectivities');
#6380=UNCERTAINTY_MEASURE_WITH_UNIT(LENGTH_MEASURE(0.01),#6383,
'DISTANCE_ACCURACY_VALUE',
'Maximum model space distance between geometric entities at asserted c
onnectivities');
#6381=(
GEOMETRIC_REPRESENTATION_CONTEXT(3)
GLOBAL_UNCERTAINTY_ASSIGNED_CONTEXT((#6379))
GLOBAL_UNIT_ASSIGNED_CONTEXT((#6383,#6385,#6386))
REPRESENTATION_CONTEXT('','3D')
);
#6382=(
GEOMETRIC_REPRESENTATION_CONTEXT(3)
GLOBAL_UNCERTAINTY_ASSIGNED_CONTEXT((#6380))
GLOBAL_UNIT_ASSIGNED_CONTEXT((#6383,#6385,#6386))
REPRESENTATION_CONTEXT('','3D')
);
#6383=(
LENGTH_UNIT()
NAMED_UNIT(*)
SI_UNIT(.MILLI.,.METRE.)
);
#6384=(
LENGTH_UNIT()
NAMED_UNIT(*)
SI_UNIT($,.METRE.)
);
#6385=(
NAMED_UNIT(*)
PLANE_ANGLE_UNIT()
SI_UNIT($,.RADIAN.)
);
#6386=(
NAMED_UNIT(*)
SI_UNIT($,.STERADIAN.)
SOLID_ANGLE_UNIT()
);
#6387=SHAPE_DEFINITION_REPRESENTATION(#6388,#6389);
#6388=PRODUCT_DEFINITION_SHAPE('',$,#6391);
#6389=SHAPE_REPRESENTATION('',(#3117),#6381);
#6390=PRODUCT_DEFINITION_CONTEXT('part definition',#6395,'design');
#6391=PRODUCT_DEFINITION('2026-08-21-18-26-24-311','RPS v9',#6392,#6390);
#6392=PRODUCT_DEFINITION_FORMATION('',$,#6397);
#6393=PRODUCT_RELATED_PRODUCT_CATEGORY('RPS v9','RPS v9',(#6397));
#6394=APPLICATION_PROTOCOL_DEFINITION('international standard',
'automotive_design',2009,#6395);
#6395=APPLICATION_CONTEXT(
'Core Data for Automotive Mechanical Design Process');
#6396=PRODUCT_CONTEXT('part definition',#6395,'mechanical');
#6397=PRODUCT('2026-08-21-18-26-24-311','RPS v9',$,(#6396));
#6398=PRESENTATION_STYLE_ASSIGNMENT((#6439));
#6399=PRESENTATION_STYLE_ASSIGNMENT((#6440));
#6400=PRESENTATION_STYLE_ASSIGNMENT((#6441));
#6401=PRESENTATION_STYLE_ASSIGNMENT((#6442));
#6402=PRESENTATION_STYLE_ASSIGNMENT((#6443));
#6403=PRESENTATION_STYLE_ASSIGNMENT((#6444));
#6404=PRESENTATION_STYLE_ASSIGNMENT((#6445));
#6405=PRESENTATION_STYLE_ASSIGNMENT((#6446));
#6406=PRESENTATION_STYLE_ASSIGNMENT((#6447));
#6407=PRESENTATION_STYLE_ASSIGNMENT((#6448));
#6408=PRESENTATION_STYLE_ASSIGNMENT((#6449));
#6409=PRESENTATION_STYLE_ASSIGNMENT((#6450));
#6410=PRESENTATION_STYLE_ASSIGNMENT((#6451));
#6411=PRESENTATION_STYLE_ASSIGNMENT((#6452));
#6412=PRESENTATION_STYLE_ASSIGNMENT((#6453));
#6413=PRESENTATION_STYLE_ASSIGNMENT((#6454));
#6414=PRESENTATION_STYLE_ASSIGNMENT((#6455));
#6415=PRESENTATION_STYLE_ASSIGNMENT((#6456));
#6416=PRESENTATION_STYLE_ASSIGNMENT((#6457));
#6417=PRESENTATION_STYLE_ASSIGNMENT((#6458));
#6418=PRESENTATION_STYLE_ASSIGNMENT((#6459));
#6419=PRESENTATION_STYLE_ASSIGNMENT((#6460));
#6420=PRESENTATION_STYLE_ASSIGNMENT((#6461));
#6421=PRESENTATION_STYLE_ASSIGNMENT((#6462));
#6422=PRESENTATION_STYLE_ASSIGNMENT((#6463));
#6423=PRESENTATION_STYLE_ASSIGNMENT((#6464));
#6424=PRESENTATION_STYLE_ASSIGNMENT((#6465));
#6425=PRESENTATION_STYLE_ASSIGNMENT((#6466));
#6426=PRESENTATION_STYLE_ASSIGNMENT((#6467));
#6427=PRESENTATION_STYLE_ASSIGNMENT((#6468));
#6428=PRESENTATION_STYLE_ASSIGNMENT((#6469));
#6429=PRESENTATION_STYLE_ASSIGNMENT((#6470));
#6430=PRESENTATION_STYLE_ASSIGNMENT((#6471));
#6431=PRESENTATION_STYLE_ASSIGNMENT((#6472));
#6432=PRESENTATION_STYLE_ASSIGNMENT((#6473));
#6433=PRESENTATION_STYLE_ASSIGNMENT((#6474));
#6434=PRESENTATION_STYLE_ASSIGNMENT((#6475));
#6435=PRESENTATION_STYLE_ASSIGNMENT((#6476));
#6436=PRESENTATION_STYLE_ASSIGNMENT((#6477));
#6437=PRESENTATION_STYLE_ASSIGNMENT((#6478));
#6438=PRESENTATION_STYLE_ASSIGNMENT((#6479));
#6439=SURFACE_STYLE_USAGE(.BOTH.,#6480);
#6440=SURFACE_STYLE_USAGE(.BOTH.,#6481);
#6441=SURFACE_STYLE_USAGE(.BOTH.,#6482);
#6442=SURFACE_STYLE_USAGE(.BOTH.,#6483);
#6443=SURFACE_STYLE_USAGE(.BOTH.,#6484);
#6444=SURFACE_STYLE_USAGE(.BOTH.,#6485);
#6445=SURFACE_STYLE_USAGE(.BOTH.,#6486);
#6446=SURFACE_STYLE_USAGE(.BOTH.,#6487);
#6447=SURFACE_STYLE_USAGE(.BOTH.,#6488);
#6448=SURFACE_STYLE_USAGE(.BOTH.,#6489);
#6449=SURFACE_STYLE_USAGE(.BOTH.,#6490);
#6450=SURFACE_STYLE_USAGE(.BOTH.,#6491);
#6451=SURFACE_STYLE_USAGE(.BOTH.,#6492);
#6452=SURFACE_STYLE_USAGE(.BOTH.,#6493);
#6453=SURFACE_STYLE_USAGE(.BOTH.,#6494);
#6454=SURFACE_STYLE_USAGE(.BOTH.,#6495);
#6455=SURFACE_STYLE_USAGE(.BOTH.,#6496);
#6456=SURFACE_STYLE_USAGE(.BOTH.,#6497);
#6457=SURFACE_STYLE_USAGE(.BOTH.,#6498);
#6458=SURFACE_STYLE_USAGE(.BOTH.,#6499);
#6459=SURFACE_STYLE_USAGE(.BOTH.,#6500);
#6460=SURFACE_STYLE_USAGE(.BOTH.,#6501);
#6461=SURFACE_STYLE_USAGE(.BOTH.,#6502);
#6462=SURFACE_STYLE_USAGE(.BOTH.,#6503);
#6463=SURFACE_STYLE_USAGE(.BOTH.,#6504);
#6464=SURFACE_STYLE_USAGE(.BOTH.,#6505);
#6465=SURFACE_STYLE_USAGE(.BOTH.,#6506);
#6466=SURFACE_STYLE_USAGE(.BOTH.,#6507);
#6467=SURFACE_STYLE_USAGE(.BOTH.,#6508);
#6468=SURFACE_STYLE_USAGE(.BOTH.,#6509);
#6469=SURFACE_STYLE_USAGE(.BOTH.,#6510);
#6470=SURFACE_STYLE_USAGE(.BOTH.,#6511);
#6471=SURFACE_STYLE_USAGE(.BOTH.,#6512);
#6472=SURFACE_STYLE_USAGE(.BOTH.,#6513);
#6473=SURFACE_STYLE_USAGE(.BOTH.,#6514);
#6474=SURFACE_STYLE_USAGE(.BOTH.,#6515);
#6475=SURFACE_STYLE_USAGE(.BOTH.,#6516);
#6476=SURFACE_STYLE_USAGE(.BOTH.,#6517);
#6477=SURFACE_STYLE_USAGE(.BOTH.,#6518);
#6478=SURFACE_STYLE_USAGE(.BOTH.,#6519);
#6479=SURFACE_STYLE_USAGE(.BOTH.,#6520);
#6480=SURFACE_SIDE_STYLE('',(#6521));
#6481=SURFACE_SIDE_STYLE('',(#6522));
#6482=SURFACE_SIDE_STYLE('',(#6523));
#6483=SURFACE_SIDE_STYLE('',(#6524));
#6484=SURFACE_SIDE_STYLE('',(#6525));
#6485=SURFACE_SIDE_STYLE('',(#6526));
#6486=SURFACE_SIDE_STYLE('',(#6527));
#6487=SURFACE_SIDE_STYLE('',(#6528));
#6488=SURFACE_SIDE_STYLE('',(#6529));
#6489=SURFACE_SIDE_STYLE('',(#6530));
#6490=SURFACE_SIDE_STYLE('',(#6531));
#6491=SURFACE_SIDE_STYLE('',(#6532));
#6492=SURFACE_SIDE_STYLE('',(#6533));
#6493=SURFACE_SIDE_STYLE('',(#6534));
#6494=SURFACE_SIDE_STYLE('',(#6535));
#6495=SURFACE_SIDE_STYLE('',(#6536));
#6496=SURFACE_SIDE_STYLE('',(#6537));
#6497=SURFACE_SIDE_STYLE('',(#6538));
#6498=SURFACE_SIDE_STYLE('',(#6539));
#6499=SURFACE_SIDE_STYLE('',(#6540));
#6500=SURFACE_SIDE_STYLE('',(#6541));
#6501=SURFACE_SIDE_STYLE('',(#6542));
#6502=SURFACE_SIDE_STYLE('',(#6543));
#6503=SURFACE_SIDE_STYLE('',(#6544));
#6504=SURFACE_SIDE_STYLE('',(#6545));
#6505=SURFACE_SIDE_STYLE('',(#6546));
#6506=SURFACE_SIDE_STYLE('',(#6547));
#6507=SURFACE_SIDE_STYLE('',(#6548));
#6508=SURFACE_SIDE_STYLE('',(#6549));
#6509=SURFACE_SIDE_STYLE('',(#6550));
#6510=SURFACE_SIDE_STYLE('',(#6551));
#6511=SURFACE_SIDE_STYLE('',(#6552));
#6512=SURFACE_SIDE_STYLE('',(#6553));
#6513=SURFACE_SIDE_STYLE('',(#6554));
#6514=SURFACE_SIDE_STYLE('',(#6555));
#6515=SURFACE_SIDE_STYLE('',(#6556));
#6516=SURFACE_SIDE_STYLE('',(#6557));
#6517=SURFACE_SIDE_STYLE('',(#6558));
#6518=SURFACE_SIDE_STYLE('',(#6559));
#6519=SURFACE_SIDE_STYLE('',(#6560));
#6520=SURFACE_SIDE_STYLE('',(#6561));
#6521=SURFACE_STYLE_FILL_AREA(#6562);
#6522=SURFACE_STYLE_FILL_AREA(#6563);
#6523=SURFACE_STYLE_FILL_AREA(#6564);
#6524=SURFACE_STYLE_FILL_AREA(#6565);
#6525=SURFACE_STYLE_FILL_AREA(#6566);
#6526=SURFACE_STYLE_FILL_AREA(#6567);
#6527=SURFACE_STYLE_FILL_AREA(#6568);
#6528=SURFACE_STYLE_FILL_AREA(#6569);
#6529=SURFACE_STYLE_FILL_AREA(#6570);
#6530=SURFACE_STYLE_FILL_AREA(#6571);
#6531=SURFACE_STYLE_FILL_AREA(#6572);
#6532=SURFACE_STYLE_FILL_AREA(#6573);
#6533=SURFACE_STYLE_FILL_AREA(#6574);
#6534=SURFACE_STYLE_FILL_AREA(#6575);
#6535=SURFACE_STYLE_FILL_AREA(#6576);
#6536=SURFACE_STYLE_FILL_AREA(#6577);
#6537=SURFACE_STYLE_FILL_AREA(#6578);
#6538=SURFACE_STYLE_FILL_AREA(#6579);
#6539=SURFACE_STYLE_FILL_AREA(#6580);
#6540=SURFACE_STYLE_FILL_AREA(#6581);
#6541=SURFACE_STYLE_FILL_AREA(#6582);
#6542=SURFACE_STYLE_FILL_AREA(#6583);
#6543=SURFACE_STYLE_FILL_AREA(#6584);
#6544=SURFACE_STYLE_FILL_AREA(#6585);
#6545=SURFACE_STYLE_FILL_AREA(#6586);
#6546=SURFACE_STYLE_FILL_AREA(#6587);
#6547=SURFACE_STYLE_FILL_AREA(#6588);
#6548=SURFACE_STYLE_FILL_AREA(#6589);
#6549=SURFACE_STYLE_FILL_AREA(#6590);
#6550=SURFACE_STYLE_FILL_AREA(#6591);
#6551=SURFACE_STYLE_FILL_AREA(#6592);
#6552=SURFACE_STYLE_FILL_AREA(#6593);
#6553=SURFACE_STYLE_FILL_AREA(#6594);
#6554=SURFACE_STYLE_FILL_AREA(#6595);
#6555=SURFACE_STYLE_FILL_AREA(#6596);
#6556=SURFACE_STYLE_FILL_AREA(#6597);
#6557=SURFACE_STYLE_FILL_AREA(#6598);
#6558=SURFACE_STYLE_FILL_AREA(#6599);
#6559=SURFACE_STYLE_FILL_AREA(#6600);
#6560=SURFACE_STYLE_FILL_AREA(#6601);
#6561=SURFACE_STYLE_FILL_AREA(#6602);
#6562=FILL_AREA_STYLE('Steel - Satin',(#6603));
#6563=FILL_AREA_STYLE('Opaque(0,128,0)',(#6604));
#6564=FILL_AREA_STYLE('Opaque(202,209,238)',(#6605));
#6565=FILL_AREA_STYLE('Opaque(255,255,255)',(#6606));
#6566=FILL_AREA_STYLE('Opaque(18,18,18)',(#6607));
#6567=FILL_AREA_STYLE('Opaque(228,228,228)',(#6608));
#6568=FILL_AREA_STYLE('Opaque(51,51,51)',(#6609));
#6569=FILL_AREA_STYLE('Opaque(204,204,204)',(#6610));
#6570=FILL_AREA_STYLE('Opaque(100,52,4)',(#6611));
#6571=FILL_AREA_STYLE('Opaque(128,128,128)',(#6612));
#6572=FILL_AREA_STYLE('Opaque(40,40,40)',(#6613));
#6573=FILL_AREA_STYLE('Opaque(227,227,227)',(#6614));
#6574=FILL_AREA_STYLE('Opaque(82,82,82)',(#6615));
#6575=FILL_AREA_STYLE('Opaque(209,204,192)',(#6616));
#6576=FILL_AREA_STYLE('Opaque(255,251,251)',(#6617));
#6577=FILL_AREA_STYLE('Opaque(183,183,183)',(#6618));
#6578=FILL_AREA_STYLE('Opaque(53,53,53)',(#6619));
#6579=FILL_AREA_STYLE('Opaque(255,207,128)',(#6620));
#6580=FILL_AREA_STYLE('Opaque(0,32,0)',(#6621));
#6581=FILL_AREA_STYLE('Opaque(168,168,168)',(#6622));
#6582=FILL_AREA_STYLE('Opaque(225,225,225)',(#6623));
#6583=FILL_AREA_STYLE('Opaque(105,105,105)',(#6624));
#6584=FILL_AREA_STYLE('Opaque(190,190,190)',(#6625));
#6585=FILL_AREA_STYLE('Opaque(64,64,64)',(#6626));
#6586=FILL_AREA_STYLE('Opaque(247,247,247)',(#6627));
#6587=FILL_AREA_STYLE('Opaque(192,192,192)',(#6628));
#6588=FILL_AREA_STYLE('Opaque(75,75,75)',(#6629));
#6589=FILL_AREA_STYLE('Opaque(196,196,196)',(#6630));
#6590=FILL_AREA_STYLE('Opaque(24,24,24)',(#6631));
#6591=FILL_AREA_STYLE('Opaque(136,136,136)',(#6632));
#6592=FILL_AREA_STYLE('Opaque(63,63,63)',(#6633));
#6593=FILL_AREA_STYLE('Opaque(195,53,38)',(#6634));
#6594=FILL_AREA_STYLE('Opaque(153,153,153)',(#6635));
#6595=FILL_AREA_STYLE('Opaque(255,205,126)',(#6636));
#6596=FILL_AREA_STYLE('Opaque(67,67,67)',(#6637));
#6597=FILL_AREA_STYLE('Opaque(26,26,26)',(#6638));
#6598=FILL_AREA_STYLE('Opaque(31,124,255)',(#6639));
#6599=FILL_AREA_STYLE('Opaque(255,0,0)',(#6640));
#6600=FILL_AREA_STYLE('ABS (White)',(#6641));
#6601=FILL_AREA_STYLE('ABS (White)',(#6642));
#6602=FILL_AREA_STYLE('ABS (White)',(#6643));
#6603=FILL_AREA_STYLE_COLOUR('Steel - Satin',#6644);
#6604=FILL_AREA_STYLE_COLOUR('Opaque(0,128,0)',#6645);
#6605=FILL_AREA_STYLE_COLOUR('Opaque(202,209,238)',#6646);
#6606=FILL_AREA_STYLE_COLOUR('Opaque(255,255,255)',#6647);
#6607=FILL_AREA_STYLE_COLOUR('Opaque(18,18,18)',#6648);
#6608=FILL_AREA_STYLE_COLOUR('Opaque(228,228,228)',#6649);
#6609=FILL_AREA_STYLE_COLOUR('Opaque(51,51,51)',#6650);
#6610=FILL_AREA_STYLE_COLOUR('Opaque(204,204,204)',#6651);
#6611=FILL_AREA_STYLE_COLOUR('Opaque(100,52,4)',#6652);
#6612=FILL_AREA_STYLE_COLOUR('Opaque(128,128,128)',#6653);
#6613=FILL_AREA_STYLE_COLOUR('Opaque(40,40,40)',#6654);
#6614=FILL_AREA_STYLE_COLOUR('Opaque(227,227,227)',#6655);
#6615=FILL_AREA_STYLE_COLOUR('Opaque(82,82,82)',#6656);
#6616=FILL_AREA_STYLE_COLOUR('Opaque(209,204,192)',#6657);
#6617=FILL_AREA_STYLE_COLOUR('Opaque(255,251,251)',#6658);
#6618=FILL_AREA_STYLE_COLOUR('Opaque(183,183,183)',#6659);
#6619=FILL_AREA_STYLE_COLOUR('Opaque(53,53,53)',#6660);
#6620=FILL_AREA_STYLE_COLOUR('Opaque(255,207,128)',#6661);
#6621=FILL_AREA_STYLE_COLOUR('Opaque(0,32,0)',#6662);
#6622=FILL_AREA_STYLE_COLOUR('Opaque(168,168,168)',#6663);
#6623=FILL_AREA_STYLE_COLOUR('Opaque(225,225,225)',#6664);
#6624=FILL_AREA_STYLE_COLOUR('Opaque(105,105,105)',#6665);
#6625=FILL_AREA_STYLE_COLOUR('Opaque(190,190,190)',#6666);
#6626=FILL_AREA_STYLE_COLOUR('Opaque(64,64,64)',#6667);
#6627=FILL_AREA_STYLE_COLOUR('Opaque(247,247,247)',#6668);
#6628=FILL_AREA_STYLE_COLOUR('Opaque(192,192,192)',#6669);
#6629=FILL_AREA_STYLE_COLOUR('Opaque(75,75,75)',#6670);
#6630=FILL_AREA_STYLE_COLOUR('Opaque(196,196,196)',#6671);
#6631=FILL_AREA_STYLE_COLOUR('Opaque(24,24,24)',#6672);
#6632=FILL_AREA_STYLE_COLOUR('Opaque(136,136,136)',#6673);
#6633=FILL_AREA_STYLE_COLOUR('Opaque(63,63,63)',#6674);
#6634=FILL_AREA_STYLE_COLOUR('Opaque(195,53,38)',#6675);
#6635=FILL_AREA_STYLE_COLOUR('Opaque(153,153,153)',#6676);
#6636=FILL_AREA_STYLE_COLOUR('Opaque(255,205,126)',#6677);
#6637=FILL_AREA_STYLE_COLOUR('Opaque(67,67,67)',#6678);
#6638=FILL_AREA_STYLE_COLOUR('Opaque(26,26,26)',#6679);
#6639=FILL_AREA_STYLE_COLOUR('Opaque(31,124,255)',#6680);
#6640=FILL_AREA_STYLE_COLOUR('Opaque(255,0,0)',#6681);
#6641=FILL_AREA_STYLE_COLOUR('ABS (White)',#6682);
#6642=FILL_AREA_STYLE_COLOUR('ABS (White)',#6683);
#6643=FILL_AREA_STYLE_COLOUR('ABS (White)',#6684);
#6644=COLOUR_RGB('Steel - Satin',0.627450980392157,0.627450980392157,0.627450980392157);
#6645=COLOUR_RGB('Opaque(0,128,0)',0.,0.501960784313725,0.);
#6646=COLOUR_RGB('Opaque(202,209,238)',0.792156862745098,0.819607843137255,
0.933333333333333);
#6647=COLOUR_RGB('Opaque(255,255,255)',1.,1.,1.);
#6648=COLOUR_RGB('Opaque(18,18,18)',0.0705882352941176,0.0705882352941176,
0.0705882352941176);
#6649=COLOUR_RGB('Opaque(228,228,228)',0.894117647058824,0.894117647058824,
0.894117647058824);
#6650=COLOUR_RGB('Opaque(51,51,51)',0.2,0.2,0.2);
#6651=COLOUR_RGB('Opaque(204,204,204)',0.8,0.8,0.8);
#6652=COLOUR_RGB('Opaque(100,52,4)',0.392156862745098,0.203921568627451,
0.0156862745098039);
#6653=COLOUR_RGB('Opaque(128,128,128)',0.501960784313725,0.501960784313725,
0.501960784313725);
#6654=COLOUR_RGB('Opaque(40,40,40)',0.156862745098039,0.156862745098039,
0.156862745098039);
#6655=COLOUR_RGB('Opaque(227,227,227)',0.890196078431372,0.890196078431372,
0.890196078431372);
#6656=COLOUR_RGB('Opaque(82,82,82)',0.32156862745098,0.32156862745098,0.32156862745098);
#6657=COLOUR_RGB('Opaque(209,204,192)',0.819607843137255,0.8,0.752941176470588);
#6658=COLOUR_RGB('Opaque(255,251,251)',1.,0.984313725490196,0.984313725490196);
#6659=COLOUR_RGB('Opaque(183,183,183)',0.717647058823529,0.717647058823529,
0.717647058823529);
#6660=COLOUR_RGB('Opaque(53,53,53)',0.207843137254902,0.207843137254902,
0.207843137254902);
#6661=COLOUR_RGB('Opaque(255,207,128)',1.,0.811764705882353,0.501960784313725);
#6662=COLOUR_RGB('Opaque(0,32,0)',0.,0.125490196078431,0.);
#6663=COLOUR_RGB('Opaque(168,168,168)',0.658823529411765,0.658823529411765,
0.658823529411765);
#6664=COLOUR_RGB('Opaque(225,225,225)',0.882352941176471,0.882352941176471,
0.882352941176471);
#6665=COLOUR_RGB('Opaque(105,105,105)',0.411764705882353,0.411764705882353,
0.411764705882353);
#6666=COLOUR_RGB('Opaque(190,190,190)',0.745098039215686,0.745098039215686,
0.745098039215686);
#6667=COLOUR_RGB('Opaque(64,64,64)',0.250980392156863,0.250980392156863,
0.250980392156863);
#6668=COLOUR_RGB('Opaque(247,247,247)',0.968627450980392,0.968627450980392,
0.968627450980392);
#6669=COLOUR_RGB('Opaque(192,192,192)',0.752941176470588,0.752941176470588,
0.752941176470588);
#6670=COLOUR_RGB('Opaque(75,75,75)',0.294117647058824,0.294117647058824,
0.294117647058824);
#6671=COLOUR_RGB('Opaque(196,196,196)',0.768627450980392,0.768627450980392,
0.768627450980392);
#6672=COLOUR_RGB('Opaque(24,24,24)',0.0941176470588235,0.0941176470588235,
0.0941176470588235);
#6673=COLOUR_RGB('Opaque(136,136,136)',0.533333333333333,0.533333333333333,
0.533333333333333);
#6674=COLOUR_RGB('Opaque(63,63,63)',0.250980392156863,0.250980392156863,
0.250980392156863);
#6675=COLOUR_RGB('Opaque(195,53,38)',0.764705882352941,0.207843137254902,
0.149019607843137);
#6676=COLOUR_RGB('Opaque(153,153,153)',0.6,0.6,0.6);
#6677=COLOUR_RGB('Opaque(255,205,126)',1.,0.803921568627451,0.494117647058824);
#6678=COLOUR_RGB('Opaque(67,67,67)',0.262745098039216,0.262745098039216,
0.262745098039216);
#6679=COLOUR_RGB('Opaque(26,26,26)',0.101960784313725,0.101960784313725,
0.101960784313725);
#6680=COLOUR_RGB('Opaque(31,124,255)',0.12156862745098,0.486274509803922,
1.);
#6681=COLOUR_RGB('Opaque(255,0,0)',1.,0.,0.);
#6682=COLOUR_RGB('ABS (White)',0.286274509803922,0.749019607843137,0.749019607843137);
#6683=COLOUR_RGB('ABS (White)',0.411764705882353,0.286274509803922,0.203921568627451);
#6684=COLOUR_RGB('ABS (White)',0.768627450980392,0.619607843137255,0.27843137254902);
ENDSEC;
END-ISO-10303-21;
